acquisition_date,pass_direction,track,frame,scene_name,source_feature_id,radar_mode_mnemonic,scene_area_km2,overlap_area_km2,overlap_percent,scene_centroid_lon,scene_centroid_lat,overlap_centroid_lon,overlap_centroid_lat,scene_min_lon,scene_min_lat,scene_max_lon,scene_max_lat
2026-01-02,Ascending,83,8,T83_F8,32325,"L:SCI:DH:40M+05N:FS:B4:D02, L:SCI:DH:20M+05N:FS:B4:D09, L:SCI:DH:40M+05N:FS:B4:D02",59793.402,1.028,0.0017,103.9628259,12.8420694,102.5897149,13.6074715,102.5815443,11.522391,105.3343368,14.1599645
2026-01-02,Ascending,83,9,T83_F9,32329,L:SCI:DH:40M+05N:FS:B4:D02,59840.444,45914.205,76.7277,103.4649527,14.8302745,103.4025486,15.0690931,102.067578,13.5063383,104.8511099,16.1516927
2026-01-02,Ascending,83,10,T83_F10,32333,L:SCI:DH:40M+05N:FS:B4:D02,59893.681,59861.405,99.9461,102.9534193,16.8176194,102.9535857,16.8170629,101.537749,15.4892562,104.3563711,18.1427357
2026-01-02,Ascending,83,11,T83_F11,32337,"L:SCI:DH:40M+05N:FS:B4:D02, L:SCI:DH:20M+05N:FS:B4:D09",59953.129,11347.579,18.9274,102.4268942,18.8040215,102.4525126,18.0926567,100.990599,17.471044,103.8489068,20.1330282
2026-01-02,Ascending,83,12,T83_F12,32341,"L:SCI:DH:20M+05N:FS:B4:D09, L:SCI:DH:40M+05N:FS:B4:D02 S:DB:DH:37W:B4, L:SCI:DH:40M+05N:FS:B4:D02 S:DB:DH:37W:B4",60018.775,304.816,0.5079,101.8839078,20.7893868,101.1082899,19.5326106,100.424511,19.4515888,103.3273841,22.1224952
2026-01-02,Descending,76,79,T76_F79,29781,"L:SCI:SH:20M+05N:FS:B4:D09, L:SCI:DH:40M+05N:FS:B4:D02 | L:SCI:DH:20M+05N:FS:B4:D09, L:SCI:DH:40M+05N:FS:B4:D02",59944.176,7093.964,11.8343,104.2035445,18.8042141,103.7092591,18.0458456,102.7817018,17.4712876,105.639671,20.1331709
2026-01-02,Descending,76,80,T76_F80,29785,L:SCI:DH:40M+05N:FS:B4:D02,59884.619,56572.302,94.4688,103.6770296,16.8178173,103.6244684,16.7841561,102.2742492,15.4895059,105.0925293,18.142883
2026-01-02,Descending,76,81,T76_F81,29789,L:SCI:DH:40M+05N:FS:B4:D02,59831.28,48922.576,81.7676,103.1655095,14.830478,103.0791425,15.0151783,101.7795255,13.5065945,104.5627119,16.1518447
2026-01-02,Descending,76,82,T76_F82,29793,"L:SCI:DH:40M+05N:FS:B4:D02, L:SCI:SH:20M+05N:FS:B4:D09 | L:SCI:DH:40M+05N:FS:B4:D02, L:SCI:DH:20M+05N:FS:B4:D09",59784.157,18496.892,30.9395,102.6676531,12.8422786,102.1208718,13.1620513,101.296317,11.5226537,104.0487606,14.1601213
2026-01-02,Descending,76,83,T76_F83,29797,L:SCI:SH:20M+05N:FS:B4:D09,59743.27,145.453,0.2435,102.1822491,10.8532918,102.648151,11.6717332,100.8235123,9.5377716,103.5493553,12.1677702
2026-01-02,Descending,76,85,T76_F85,29805,L:SCI:DH:40M+05N:FS:B4:D02,59680.265,18920.13,31.7025,101.2444586,6.8732024,101.0578562,6.5414828,99.9050955,5.5654857,102.5894891,8.1813781
2026-01-02,Descending,76,86,T76_F86,29809,L:SCI:DH:40M+05N:FS:B4:D02,59658.183,822.13,1.3781,100.7901158,4.8822031,101.1586688,5.7979817,99.4576522,3.578209,102.1269311,6.1874175
2026-01-04,Ascending,112,4,T112_F4,43681,L:SCI:DH:40M+05N:FS:B4:D02,59668.731,1819.516,3.0494,101.6783939,4.8819775,101.5073004,5.8616717,100.3413773,3.5779286,103.0110579,6.1872458
2026-01-04,Ascending,112,5,T112_F5,43685,L:SCI:DH:40M+05N:FS:B4:D02,59690.857,20302.735,34.0131,101.2240267,6.8729816,100.9660573,6.6218174,99.8787954,5.5652104,102.5635898,8.1812107
2026-01-04,Ascending,112,6,T112_F6,43689,"L:SCI:DH:40M+05N:FS:B4:D02, L:SCI:DH:20M+05N:FS:B4:D09",59719.243,9091.405,15.2236,100.760275,8.8633653,99.933179,8.4380963,99.4049685,7.5517563,102.1085768,10.1746783
2026-01-04,Ascending,112,7,T112_F7,43693,"L:SCI:DH:20M+05N:FS:B4:D09, L:SCI:DH:40M+05N:FS:B4:D02 S:DB:DH:37W:B4, L:SCI:DH:40M+05N:FS:B4:D02 S:DB:DH:37W:B4, L:SCI:DH:40M+05N:FS:B4:D02 S:DB:DH:37W:B4",59753.881,4235.801,7.0887,100.2861996,10.8530806,99.415354,11.1050983,98.9188939,9.5375068,101.6451355,12.1676114
2026-01-04,Ascending,112,8,T112_F8,43697,L:SCI:DH:40M+05N:FS:B4:D02 S:DB:DH:37W:B4,59794.748,23760.796,39.7373,99.8007831,12.8420719,99.8264836,13.1670157,98.4194767,11.522394,101.1723177,14.1599665
2026-01-04,Ascending,112,9,T112_F9,43701,L:SCI:DH:40M+05N:FS:B4:D02 S:DB:DH:37W:B4,59841.835,49172.186,82.1703,99.3029178,14.8302758,99.4849137,14.8989959,97.905517,13.5063398,100.6890998,16.1516939
2026-01-04,Ascending,112,10,T112_F10,43705,L:SCI:DH:40M+05N:FS:B4:D02 S:DB:DH:37W:B4,59895.124,39974.454,66.7407,98.7913922,16.8176194,99.1483272,16.9434464,97.3756945,15.4892559,100.1943701,18.1427359
2026-01-04,Ascending,112,11,T112_F11,43709,L:SCI:DH:40M+05N:FS:B4:D02 S:DB:DH:37W:B4,59954.619,40773.197,68.0068,98.2648749,18.8040201,98.5779005,18.7116129,96.828551,17.4710419,99.6869147,20.1330274
2026-01-04,Ascending,112,12,T112_F12,43713,L:SCI:DH:40M+05N:FS:B4:D02 S:DB:DH:37W:B4,60020.319,202.315,0.3371,97.7218962,20.7893839,98.8492255,19.9803614,96.2624693,19.4515848,99.1654012,22.1224934
2026-01-04,Descending,105,78,T105_F78,41261,"L:SCI:DH:20M+05N:FS:B4:D09, L:SCI:DH:40M+05N:FS:B4:D02",60010.606,6764.51,11.2722,100.5849175,20.7895834,100.0011147,20.0638949,99.1416034,19.4518354,102.0441511,22.1226428
2026-01-04,Descending,105,79,T105_F79,41265,L:SCI:DH:40M+05N:FS:B4:D02,59944.941,56560.566,94.3542,100.0419571,18.8042203,99.9870316,18.7688789,98.6201063,17.4712932,101.4780896,20.1331777
2026-01-04,Descending,105,80,T105_F80,41269,"L:SCI:DH:40M+05N:FS:B4:D02, L:SCI:SH:20M+05N:FS:B4:D09 | L:SCI:DH:40M+05N:FS:B4:D02, L:SCI:DH:20M+05N:FS:B4:D09",59885.504,55074.042,91.9656,99.5154606,16.8178207,99.6073938,16.8571487,98.1126699,15.4895081,100.9309686,18.1428876
2026-01-04,Descending,105,81,T105_F81,41273,L:SCI:SH:20M+05N:FS:B4:D09,59832.279,42182.712,70.5016,99.0039585,14.8304786,99.3187036,14.8696919,97.6179621,13.5065934,100.4011714,16.151847
2026-01-04,Descending,105,82,T105_F82,41277,L:SCI:SH:20M+05N:FS:B4:D09,59785.279,8770.464,14.6699,98.5061198,12.8422765,99.463611,13.1451117,97.1347691,11.5226493,99.8872399,14.1601216
2026-01-04,Descending,105,83,T105_F83,41281,L:SCI:SH:20M+05N:FS:B4:D09,59744.511,5976.923,10.0041,98.0207332,10.8532871,98.8802018,10.2592656,96.6619796,9.5377641,99.3878542,12.1677684
2026-01-04,Descending,105,84,T105_F84,41285,L:SCI:SH:20M+05N:FS:B4:D09,59710.0,8013.714,13.4211,97.5466915,8.8635739,98.5093059,8.9194045,96.1985702,7.5520156,98.9018147,10.1748375
2026-01-07,Ascending,155,9,T155_F9,60533,L:SCI:DH:20M+05N:FS:B4:D09,59839.606,20483.755,34.2311,105.5459921,14.8302794,104.9343681,15.1142664,104.1486332,13.5063446,106.9321341,16.1516964
2026-01-07,Ascending,155,10,T155_F10,60537,L:SCI:DH:20M+05N:FS:B4:D09,59892.834,25616.14,42.77,105.0344558,16.817625,104.4058392,16.6174166,103.6188018,15.4892631,106.4373919,18.14274
2026-01-07,Ascending,155,11,T155_F11,60541,L:SCI:DH:20M+05N:FS:B4:D09,59952.252,6686.768,11.1535,104.5079278,18.8040277,103.8595031,17.9364105,103.0716495,17.4710519,105.9299241,20.1330328
2026-01-07,Descending,148,80,T148_F80,58193,L:SCI:DH:20M+05N:FS:B4:D09,59884.249,6780.302,11.3223,105.7578483,16.8178104,104.7752705,16.3750848,104.3550721,15.4894981,107.1733443,18.1428769
2026-01-07,Descending,148,81,T148_F81,58197,L:SCI:DH:20M+05N:FS:B4:D09,59830.873,26912.189,44.9804,105.2463195,14.8304718,104.8178006,15.1606795,103.8603403,13.5065877,106.6435175,16.1518392
2026-01-07,Descending,148,85,T148_F85,58213,L:SCI:DH:40M+05N:FS:B4:D02,59679.725,141.276,0.2367,103.3252344,6.8731991,102.0351209,6.1634222,101.9858784,5.5654821,104.6702583,8.181375
2026-01-07,Descending,148,86,T148_F86,58217,L:SCI:DH:40M+05N:FS:B4:D02,59657.604,97.597,0.1636,102.8708829,4.8822004,102.024228,6.1144042,101.5384271,3.5782062,104.207691,6.1874149
2026-01-09,Ascending,11,7,T11_F7,4073,"L:SCI:DH:20M+05N:FS:B4:D09, L:SCI:DH:40M+05N:FS:B4:D02",59753.297,243.512,0.4075,102.3672131,10.853076,102.7044377,11.7726956,100.9999181,9.5375012,103.7261389,12.1676079
2026-01-09,Ascending,11,8,T11_F8,4077,L:SCI:DH:40M+05N:FS:B4:D02,59794.139,28668.162,47.9448,101.8817924,12.842068,101.8136389,13.2143551,100.5004973,11.5223892,103.2533163,14.1599636
2026-01-09,Ascending,11,9,T11_F9,4081,L:SCI:DH:40M+05N:FS:B4:D02,59841.192,59823.713,99.9708,101.3839229,14.8302726,101.3841518,14.8306459,99.9865342,13.506336,102.7700935,16.1516913
2026-01-09,Ascending,11,10,T11_F10,4085,"L:SCI:DH:40M+05N:FS:B4:D02, L:SCI:DH:20M+05N:FS:B4:D09, L:SCI:DH:40M+05N:FS:B4:D02",59894.455,56491.654,94.3187,100.8723932,16.817617,100.8464147,16.7562767,99.4567084,15.489253,102.275359,18.142734
2026-01-09,Ascending,11,11,T11_F11,4089,"L:SCI:DH:40M+05N:FS:B4:D02, L:SCI:DH:40M+05N:FS:B4:D02 S:DB:DH:37W:B4",59953.913,47596.047,79.3877,100.3458718,18.8040184,100.1282328,18.7425673,98.9095615,17.4710401,101.7678988,20.133026
2026-01-09,Ascending,11,12,T11_F12,4093,"L:SCI:DH:40M+05N:FS:B4:D02 S:DB:DH:37W:B4, L:SCI:DH:40M+05N:FS:B4:D02 S:DB:DH:37W:B4",60019.59,10944.009,18.2341,99.802889,20.7893831,99.7131767,19.949408,98.3434765,19.4515839,101.2463804,22.1224927
2026-01-09,Descending,4,79,T4_F79,1553,L:SCI:DH:20M+05N:FS:B4:D09,59944.434,12094.16,20.1756,102.1227305,18.8042218,101.7939286,18.2051571,100.7008863,17.4712961,103.5588576,20.1331778
2026-01-09,Descending,4,80,T4_F80,1557,"L:SCI:DH:20M+05N:FS:B4:D09, L:SCI:DH:40M+05N:FS:B4:D02 | L:SCI:SH:20M+05N:FS:B4:D09, L:SCI:DH:40M+05N:FS:B4:D02",59884.933,57184.236,95.4902,101.5962255,16.8178237,101.6138883,16.7721575,100.1934426,15.4895128,103.0117269,18.1428888
2026-01-09,Descending,4,81,T4_F81,1561,L:SCI:DH:40M+05N:FS:B4:D02,59831.646,59831.646,100.0,101.0847152,14.830483,101.0847152,14.830483,99.6987276,13.5065998,102.4819202,16.1518495
2026-01-09,Descending,4,82,T4_F82,1565,L:SCI:DH:40M+05N:FS:B4:D02,59784.58,30850.025,51.602,100.5868684,12.8422823,100.5221042,13.2038364,99.2155277,11.5226574,101.9679795,14.1601251
2026-01-09,Descending,4,83,T4_F83,1569,"L:SCI:DH:40M+05N:FS:B4:D02, L:SCI:DH:20M+05N:FS:B4:D09, L:SCI:DH:40M+05N:FS:B4:D02 | L:SCI:DH:40M+05N:FS:B4:D02, L:SCI:SH:20M+05N:FS:B4:D09, L:SCI:DH:40M+05N:FS:B4:D02",59743.75,8618.965,14.4266,100.1014738,10.8532943,99.2638868,10.8976142,98.7427314,9.5377739,101.4685847,12.167773
2026-01-09,Descending,4,84,T4_F84,1573,L:SCI:DH:40M+05N:FS:B4:D02,59709.171,34203.324,57.2832,99.6274241,8.8635826,99.2930162,8.6995935,98.2793152,7.5520271,100.9825361,10.1748432
2026-01-09,Descending,4,85,T4_F85,1577,"L:SCI:DH:40M+05N:FS:B4:D02, L:SCI:DH:20M+05N:FS:B4:D09, L:SCI:DH:40M+05N:FS:B4:D02 | L:SCI:DH:40M+05N:FS:B4:D02, L:SCI:SH:20M+05N:FS:B4:D09",59680.864,13440.227,22.5202,99.1637022,6.8732025,99.7384325,7.3815838,97.8243313,5.565485,100.5087394,8.1813789
2026-01-11,Ascending,40,5,T40_F5,15345,"L:SCI:DH:20M+05N:FS:B4:D09, L:SCI:DH:40M+05N:FS:B4:D02",59691.274,13791.961,23.1055,99.1430257,6.8729915,99.768846,7.4412602,97.7977867,5.5652226,100.4825957,8.1812181
2026-01-11,Ascending,40,6,T40_F6,15349,L:SCI:DH:40M+05N:FS:B4:D02,59719.699,31295.121,52.4033,98.6792785,8.8633744,99.0471001,8.8158619,97.3239636,7.5517675,100.027588,10.1746852
2026-01-11,Ascending,40,7,T40_F7,15353,"L:SCI:DH:40M+05N:FS:B4:D02, L:SCI:DH:40M+05N:FS:B4:D02 S:DB:DH:37W:B4",59754.373,6895.642,11.54,98.2052076,10.8530888,99.0130324,10.4518276,96.8378925,9.5375171,99.5641519,12.1676177
2026-01-11,Ascending,40,9,T40_F9,15361,L:SCI:DH:40M+05N:FS:B4:D02 S:DB:DH:37W:B4,59842.407,1216.742,2.0332,97.2219344,14.8302824,98.312511,14.9283171,95.8245225,13.5063479,98.6081265,16.1516989
2026-01-11,Ascending,40,11,T40_F11,15369,L:SCI:DH:40M+05N:FS:B4:D02 S:DB:DH:37W:B4,59955.272,196.044,0.327,96.1839,18.8040248,97.4656079,18.404956,94.7475631,17.4710477,97.6059518,20.133031
2026-01-11,Descending,33,78,T33_F78,12837,"L:SCI:DH:20M+05N:FS:B4:D09, L:SCI:SH:20M+05N:FS:B4:D09",60011.459,4310.086,7.1821,98.5041904,20.7895698,99.1646991,19.8105252,97.060862,19.4518176,99.9634374,22.1226332
2026-01-11,Descending,33,79,T33_F79,12841,L:SCI:DH:20M+05N:FS:B4:D09,59945.857,34607.818,57.7318,97.9612353,18.8042055,98.4340916,18.6880662,96.5393692,17.4712739,99.3973822,20.1331673
2026-01-11,Descending,33,80,T33_F80,12845,L:SCI:DH:20M+05N:FS:B4:D09,59886.468,6824.429,11.3956,97.4347438,16.8178047,98.3693447,17.38101,96.0319369,15.4894874,98.8502672,18.1428761
2026-01-11,Descending,33,81,T33_F81,12849,L:SCI:DH:20M+05N:FS:B4:D09,59833.302,39.344,0.0658,96.9232466,14.8304614,98.1895448,15.1571582,95.537233,13.5065713,98.3204758,16.1518347
2026-01-14,Ascending,83,8,T83_F8,32325,"L:SCI:DH:40M+05N:FS:B4:D02, L:SCI:DH:20M+05N:FS:B4:D09, L:SCI:DH:40M+05N:FS:B4:D02",59793.402,1.028,0.0017,103.9628259,12.8420694,102.5897149,13.6074715,102.5815443,11.522391,105.3343368,14.1599645
2026-01-14,Ascending,83,9,T83_F9,32329,L:SCI:DH:40M+05N:FS:B4:D02,59840.444,45914.205,76.7277,103.4649527,14.8302745,103.4025486,15.0690931,102.067578,13.5063383,104.8511099,16.1516927
2026-01-14,Ascending,83,10,T83_F10,32333,L:SCI:DH:40M+05N:FS:B4:D02,59893.681,59861.405,99.9461,102.9534193,16.8176194,102.9535857,16.8170629,101.537749,15.4892562,104.3563711,18.1427357
2026-01-14,Ascending,83,11,T83_F11,32337,"L:SCI:DH:40M+05N:FS:B4:D02, L:SCI:DH:20M+05N:FS:B4:D09",59953.129,11347.579,18.9274,102.4268942,18.8040215,102.4525126,18.0926567,100.990599,17.471044,103.8489068,20.1330282
2026-01-14,Ascending,83,12,T83_F12,32341,"L:SCI:DH:20M+05N:FS:B4:D09, L:SCI:DH:40M+05N:FS:B4:D02 S:DB:DH:37W:B4, L:SCI:DH:40M+05N:FS:B4:D02 S:DB:DH:37W:B4",60018.775,304.816,0.5079,101.8839078,20.7893868,101.1082899,19.5326106,100.424511,19.4515888,103.3273841,22.1224952
2026-01-14,Descending,76,79,T76_F79,29781,"L:SCI:SH:20M+05N:FS:B4:D09, L:SCI:DH:40M+05N:FS:B4:D02 | L:SCI:DH:20M+05N:FS:B4:D09, L:SCI:DH:40M+05N:FS:B4:D02",59944.176,7093.964,11.8343,104.2035445,18.8042141,103.7092591,18.0458456,102.7817018,17.4712876,105.639671,20.1331709
2026-01-14,Descending,76,80,T76_F80,29785,L:SCI:DH:40M+05N:FS:B4:D02,59884.619,56572.302,94.4688,103.6770296,16.8178173,103.6244684,16.7841561,102.2742492,15.4895059,105.0925293,18.142883
2026-01-14,Descending,76,81,T76_F81,29789,L:SCI:DH:40M+05N:FS:B4:D02,59831.28,48922.576,81.7676,103.1655095,14.830478,103.0791425,15.0151783,101.7795255,13.5065945,104.5627119,16.1518447
2026-01-14,Descending,76,82,T76_F82,29793,"L:SCI:DH:40M+05N:FS:B4:D02, L:SCI:SH:20M+05N:FS:B4:D09 | L:SCI:DH:40M+05N:FS:B4:D02, L:SCI:DH:20M+05N:FS:B4:D09",59784.157,18496.892,30.9395,102.6676531,12.8422786,102.1208718,13.1620513,101.296317,11.5226537,104.0487606,14.1601213
2026-01-14,Descending,76,83,T76_F83,29797,L:SCI:DH:20M+05N:FS:B4:D09,59743.27,145.453,0.2435,102.1822491,10.8532918,102.648151,11.6717332,100.8235123,9.5377716,103.5493553,12.1677702
2026-01-14,Descending,76,85,T76_F85,29805,L:SCI:DH:40M+05N:FS:B4:D02,59680.265,18920.13,31.7025,101.2444586,6.8732024,101.0578562,6.5414828,99.9050955,5.5654857,102.5894891,8.1813781
2026-01-14,Descending,76,86,T76_F86,29809,L:SCI:DH:40M+05N:FS:B4:D02,59658.183,822.13,1.3781,100.7901158,4.8822031,101.1586688,5.7979817,99.4576522,3.578209,102.1269311,6.1874175
2026-01-16,Ascending,112,4,T112_F4,43681,L:SCI:DH:40M+05N:FS:B4:D02,59668.731,1819.516,3.0494,101.6783939,4.8819775,101.5073004,5.8616717,100.3413773,3.5779286,103.0110579,6.1872458
2026-01-16,Ascending,112,5,T112_F5,43685,L:SCI:DH:40M+05N:FS:B4:D02,59690.857,20302.735,34.0131,101.2240267,6.8729816,100.9660573,6.6218174,99.8787954,5.5652104,102.5635898,8.1812107
2026-01-16,Ascending,112,6,T112_F6,43689,"L:SCI:DH:40M+05N:FS:B4:D02, L:SCI:DH:20M+05N:FS:B4:D09",59719.243,9091.405,15.2236,100.760275,8.8633653,99.933179,8.4380963,99.4049685,7.5517563,102.1085768,10.1746783
2026-01-16,Ascending,112,7,T112_F7,43693,"L:SCI:DH:20M+05N:FS:B4:D09, L:SCI:DH:40M+05N:FS:B4:D02 S:DB:DH:37W:B4, L:SCI:DH:40M+05N:FS:B4:D02 S:DB:DH:37W:B4, L:SCI:DH:40M+05N:FS:B4:D02 S:DB:DH:37W:B4 | ",59753.881,4235.801,7.0887,100.2861996,10.8530806,99.415354,11.1050983,98.9188939,9.5375068,101.6451355,12.1676114
2026-01-16,Ascending,112,8,T112_F8,43697,L:SCI:DH:40M+05N:FS:B4:D02 S:DB:DH:37W:B4,59794.748,23760.796,39.7373,99.8007831,12.8420719,99.8264836,13.1670157,98.4194767,11.522394,101.1723177,14.1599665
2026-01-16,Ascending,112,9,T112_F9,43701,L:SCI:DH:40M+05N:FS:B4:D02 S:DB:DH:37W:B4,59841.835,49172.186,82.1703,99.3029178,14.8302758,99.4849137,14.8989959,97.905517,13.5063398,100.6890998,16.1516939
2026-01-16,Ascending,112,10,T112_F10,43705,L:SCI:DH:40M+05N:FS:B4:D02 S:DB:DH:37W:B4,59895.124,39974.454,66.7407,98.7913922,16.8176194,99.1483272,16.9434464,97.3756945,15.4892559,100.1943701,18.1427359
2026-01-16,Ascending,112,11,T112_F11,43709,L:SCI:DH:40M+05N:FS:B4:D02 S:DB:DH:37W:B4,59954.619,40773.197,68.0068,98.2648749,18.8040201,98.5779005,18.7116129,96.828551,17.4710419,99.6869147,20.1330274
2026-01-16,Ascending,112,12,T112_F12,43713,L:SCI:DH:40M+05N:FS:B4:D02 S:DB:DH:37W:B4,60020.319,202.315,0.3371,97.7218962,20.7893839,98.8492255,19.9803614,96.2624693,19.4515848,99.1654012,22.1224934
2026-01-16,Descending,105,78,T105_F78,41261,"L:SCI:DH:20M+05N:FS:B4:D09, L:SCI:DH:40M+05N:FS:B4:D02",60010.606,6764.51,11.2722,100.5849175,20.7895834,100.0011147,20.0638949,99.1416034,19.4518354,102.0441511,22.1226428
2026-01-16,Descending,105,79,T105_F79,41265,L:SCI:DH:40M+05N:FS:B4:D02,59944.941,56560.566,94.3542,100.0419571,18.8042203,99.9870316,18.7688789,98.6201063,17.4712932,101.4780896,20.1331777
2026-01-16,Descending,105,80,T105_F80,41269,"L:SCI:DH:40M+05N:FS:B4:D02, L:SCI:SH:20M+05N:FS:B4:D09 | L:SCI:DH:40M+05N:FS:B4:D02, L:SCI:DH:20M+05N:FS:B4:D09",59885.504,55074.042,91.9656,99.5154606,16.8178207,99.6073938,16.8571487,98.1126699,15.4895081,100.9309686,18.1428876
2026-01-16,Descending,105,81,T105_F81,41273,L:SCI:DH:20M+05N:FS:B4:D09,59832.279,42182.712,70.5016,99.0039585,14.8304786,99.3187036,14.8696919,97.6179621,13.5065934,100.4011714,16.151847
2026-01-16,Descending,105,82,T105_F82,41277,L:SCI:DH:20M+05N:FS:B4:D09,59785.279,8770.464,14.6699,98.5061198,12.8422765,99.463611,13.1451117,97.1347691,11.5226493,99.8872399,14.1601216
2026-01-16,Descending,105,83,T105_F83,41281,L:SCI:DH:20M+05N:FS:B4:D09,59744.511,5976.923,10.0041,98.0207332,10.8532871,98.8802018,10.2592656,96.6619796,9.5377641,99.3878542,12.1677684
2026-01-16,Descending,105,84,T105_F84,41285,L:SCI:DH:20M+05N:FS:B4:D09,59710.0,8013.714,13.4211,97.5466915,8.8635739,98.5093059,8.9194045,96.1985702,7.5520156,98.9018147,10.1748375
2026-01-19,Ascending,155,9,T155_F9,60533,L:SCI:DH:20M+05N:FS:B4:D09,59839.606,20483.755,34.2311,105.5459921,14.8302794,104.9343681,15.1142664,104.1486332,13.5063446,106.9321341,16.1516964
2026-01-19,Ascending,155,10,T155_F10,60537,L:SCI:DH:20M+05N:FS:B4:D09,59892.834,25616.14,42.77,105.0344558,16.817625,104.4058392,16.6174166,103.6188018,15.4892631,106.4373919,18.14274
2026-01-19,Ascending,155,11,T155_F11,60541,L:SCI:DH:20M+05N:FS:B4:D09,59952.252,6686.768,11.1535,104.5079278,18.8040277,103.8595031,17.9364105,103.0716495,17.4710519,105.9299241,20.1330328
2026-01-19,Descending,148,80,T148_F80,58193,L:SCI:SH:20M+05N:FS:B4:D09,59884.249,6780.302,11.3223,105.7578483,16.8178104,104.7752705,16.3750848,104.3550721,15.4894981,107.1733443,18.1428769
2026-01-19,Descending,148,81,T148_F81,58197,L:SCI:SH:20M+05N:FS:B4:D09,59830.873,26912.189,44.9804,105.2463195,14.8304718,104.8178006,15.1606795,103.8603403,13.5065877,106.6435175,16.1518392
2026-01-19,Descending,148,85,T148_F85,58213,L:SCI:DH:40M+05N:FS:B4:D02,59679.725,141.276,0.2367,103.3252344,6.8731991,102.0351209,6.1634222,101.9858784,5.5654821,104.6702583,8.181375
2026-01-19,Descending,148,86,T148_F86,58217,L:SCI:DH:40M+05N:FS:B4:D02,59657.604,97.597,0.1636,102.8708829,4.8822004,102.024228,6.1144042,101.5384271,3.5782062,104.207691,6.1874149
2026-01-21,Ascending,11,7,T11_F7,4073,"L:SCI:DH:20M+05N:FS:B4:D09, L:SCI:DH:40M+05N:FS:B4:D02",59753.297,243.512,0.4075,102.3672131,10.853076,102.7044377,11.7726956,100.9999181,9.5375012,103.7261389,12.1676079
2026-01-21,Ascending,11,8,T11_F8,4077,L:SCI:DH:40M+05N:FS:B4:D02,59794.139,28668.162,47.9448,101.8817924,12.842068,101.8136389,13.2143551,100.5004973,11.5223892,103.2533163,14.1599636
2026-01-21,Ascending,11,9,T11_F9,4081,L:SCI:DH:40M+05N:FS:B4:D02,59841.192,59823.713,99.9708,101.3839229,14.8302726,101.3841518,14.8306459,99.9865342,13.506336,102.7700935,16.1516913
2026-01-21,Ascending,11,10,T11_F10,4085,"L:SCI:DH:40M+05N:FS:B4:D02, L:SCI:DH:20M+05N:FS:B4:D09, L:SCI:DH:40M+05N:FS:B4:D02",59894.455,56491.654,94.3187,100.8723932,16.817617,100.8464147,16.7562767,99.4567084,15.489253,102.275359,18.142734
2026-01-21,Ascending,11,11,T11_F11,4089,"L:SCI:DH:40M+05N:FS:B4:D02, L:SCI:DH:40M+05N:FS:B4:D02 S:DB:DH:37W:B4",59953.913,47596.047,79.3877,100.3458718,18.8040184,100.1282328,18.7425673,98.9095615,17.4710401,101.7678988,20.133026
2026-01-21,Ascending,11,12,T11_F12,4093,"L:SCI:DH:40M+05N:FS:B4:D02 S:DB:DH:37W:B4, L:SCI:DH:40M+05N:FS:B4:D02 S:DB:DH:37W:B4",60019.59,10944.009,18.2341,99.802889,20.7893831,99.7131767,19.949408,98.3434765,19.4515839,101.2463804,22.1224927
2026-01-21,Descending,4,79,T4_F79,1553,L:SCI:SH:20M+05N:FS:B4:D09,59944.434,12094.16,20.1756,102.1227305,18.8042218,101.7939286,18.2051571,100.7008863,17.4712961,103.5588576,20.1331778
2026-01-21,Descending,4,80,T4_F80,1557,"L:SCI:DH:20M+05N:FS:B4:D09, L:SCI:DH:40M+05N:FS:B4:D02 | L:SCI:SH:20M+05N:FS:B4:D09, L:SCI:DH:40M+05N:FS:B4:D02",59884.933,57184.236,95.4902,101.5962255,16.8178237,101.6138883,16.7721575,100.1934426,15.4895128,103.0117269,18.1428888
2026-01-21,Descending,4,81,T4_F81,1561,L:SCI:DH:40M+05N:FS:B4:D02,59831.646,59831.646,100.0,101.0847152,14.830483,101.0847152,14.830483,99.6987276,13.5065998,102.4819202,16.1518495
2026-01-21,Descending,4,82,T4_F82,1565,L:SCI:DH:40M+05N:FS:B4:D02,59784.58,30850.025,51.602,100.5868684,12.8422823,100.5221042,13.2038364,99.2155277,11.5226574,101.9679795,14.1601251
2026-01-21,Descending,4,83,T4_F83,1569,"L:SCI:DH:40M+05N:FS:B4:D02, L:SCI:SH:20M+05N:FS:B4:D09, L:SCI:DH:40M+05N:FS:B4:D02 | L:SCI:DH:40M+05N:FS:B4:D02, L:SCI:DH:20M+05N:FS:B4:D09, L:SCI:DH:40M+05N:FS:B4:D02",59743.75,8618.965,14.4266,100.1014738,10.8532943,99.2638868,10.8976142,98.7427314,9.5377739,101.4685847,12.167773
2026-01-21,Descending,4,84,T4_F84,1573,L:SCI:DH:40M+05N:FS:B4:D02,59709.171,34203.324,57.2832,99.6274241,8.8635826,99.2930162,8.6995935,98.2793152,7.5520271,100.9825361,10.1748432
2026-01-21,Descending,4,85,T4_F85,1577,"L:SCI:DH:40M+05N:FS:B4:D02, L:SCI:DH:20M+05N:FS:B4:D09 | L:SCI:DH:40M+05N:FS:B4:D02, L:SCI:SH:20M+05N:FS:B4:D09, L:SCI:DH:20M+05N:FS:B4:D09, L:SCI:DH:40M+05N:FS:B4:D02",59680.864,13440.227,22.5202,99.1637022,6.8732025,99.7384325,7.3815838,97.8243313,5.565485,100.5087394,8.1813789
2026-01-23,Ascending,40,5,T40_F5,15345,"L:SCI:DH:20M+05N:FS:B4:D09, L:SCI:DH:40M+05N:FS:B4:D02",59691.274,13791.961,23.1055,99.1430257,6.8729915,99.768846,7.4412602,97.7977867,5.5652226,100.4825957,8.1812181
2026-01-23,Ascending,40,6,T40_F6,15349,L:SCI:DH:40M+05N:FS:B4:D02,59719.699,31295.121,52.4033,98.6792785,8.8633744,99.0471001,8.8158619,97.3239636,7.5517675,100.027588,10.1746852
2026-01-23,Ascending,40,7,T40_F7,15353,"L:SCI:DH:40M+05N:FS:B4:D02, L:SCI:DH:40M+05N:FS:B4:D02 S:DB:DH:37W:B4",59754.373,6895.642,11.54,98.2052076,10.8530888,99.0130324,10.4518276,96.8378925,9.5375171,99.5641519,12.1676177
2026-01-23,Ascending,40,9,T40_F9,15361,L:SCI:DH:40M+05N:FS:B4:D02 S:DB:DH:37W:B4,59842.407,1216.742,2.0332,97.2219344,14.8302824,98.312511,14.9283171,95.8245225,13.5063479,98.6081265,16.1516989
2026-01-23,Ascending,40,11,T40_F11,15369,L:SCI:DH:40M+05N:FS:B4:D02 S:DB:DH:37W:B4,59955.272,196.044,0.327,96.1839,18.8040248,97.4656079,18.404956,94.7475631,17.4710477,97.6059518,20.133031
2026-01-23,Descending,33,78,T33_F78,12837,"L:SCI:DH:20M+05N:FS:B4:D09 | L:SCI:DH:20M+05N:FS:B4:D09, L:SCI:SH:20M+05N:FS:B4:D09",60011.459,4310.086,7.1821,98.5041904,20.7895698,99.1646991,19.8105252,97.060862,19.4518176,99.9634374,22.1226332
2026-01-23,Descending,33,79,T33_F79,12841,L:SCI:SH:20M+05N:FS:B4:D09,59945.857,34607.818,57.7318,97.9612353,18.8042055,98.4340916,18.6880662,96.5393692,17.4712739,99.3973822,20.1331673
2026-01-23,Descending,33,80,T33_F80,12845,L:SCI:SH:20M+05N:FS:B4:D09,59886.468,6824.429,11.3956,97.4347438,16.8178047,98.3693447,17.38101,96.0319369,15.4894874,98.8502672,18.1428761
2026-01-23,Descending,33,81,T33_F81,12849,L:SCI:SH:20M+05N:FS:B4:D09,59833.302,39.344,0.0658,96.9232466,14.8304614,98.1895448,15.1571582,95.537233,13.5065713,98.3204758,16.1518347
2026-01-26,Ascending,83,8,T83_F8,32325,"L:SCI:DH:40M+05N:FS:B4:D02, L:SCI:DH:20M+05N:FS:B4:D09, L:SCI:DH:40M+05N:FS:B4:D02",59793.402,1.028,0.0017,103.9628259,12.8420694,102.5897149,13.6074715,102.5815443,11.522391,105.3343368,14.1599645
2026-01-26,Ascending,83,9,T83_F9,32329,L:SCI:DH:40M+05N:FS:B4:D02,59840.444,45914.205,76.7277,103.4649527,14.8302745,103.4025486,15.0690931,102.067578,13.5063383,104.8511099,16.1516927
2026-01-26,Ascending,83,10,T83_F10,32333,L:SCI:DH:40M+05N:FS:B4:D02,59893.681,59861.405,99.9461,102.9534193,16.8176194,102.9535857,16.8170629,101.537749,15.4892562,104.3563711,18.1427357
2026-01-26,Ascending,83,11,T83_F11,32337,"L:SCI:DH:40M+05N:FS:B4:D02, L:SCI:DH:20M+05N:FS:B4:D09",59953.129,11347.579,18.9274,102.4268942,18.8040215,102.4525126,18.0926567,100.990599,17.471044,103.8489068,20.1330282
2026-01-26,Ascending,83,12,T83_F12,32341,"L:SCI:DH:20M+05N:FS:B4:D09, L:SCI:DH:40M+05N:FS:B4:D02 S:DB:DH:37W:B4, L:SCI:DH:40M+05N:FS:B4:D02 S:DB:DH:37W:B4",60018.775,304.816,0.5079,101.8839078,20.7893868,101.1082899,19.5326106,100.424511,19.4515888,103.3273841,22.1224952
2026-01-26,Descending,76,79,T76_F79,29781,"L:SCI:SH:20M+05N:FS:B4:D09, L:SCI:DH:40M+05N:FS:B4:D02 | L:SCI:DH:20M+05N:FS:B4:D09, L:SCI:DH:40M+05N:FS:B4:D02",59944.176,7093.964,11.8343,104.2035445,18.8042141,103.7092591,18.0458456,102.7817018,17.4712876,105.639671,20.1331709
2026-01-26,Descending,76,80,T76_F80,29785,L:SCI:DH:40M+05N:FS:B4:D02,59884.619,56572.302,94.4688,103.6770296,16.8178173,103.6244684,16.7841561,102.2742492,15.4895059,105.0925293,18.142883
2026-01-26,Descending,76,81,T76_F81,29789,L:SCI:DH:40M+05N:FS:B4:D02,59831.28,48922.576,81.7676,103.1655095,14.830478,103.0791425,15.0151783,101.7795255,13.5065945,104.5627119,16.1518447
2026-01-26,Descending,76,82,T76_F82,29793,"L:SCI:DH:40M+05N:FS:B4:D02, L:SCI:SH:20M+05N:FS:B4:D09 | L:SCI:DH:40M+05N:FS:B4:D02, L:SCI:DH:20M+05N:FS:B4:D09",59784.157,18496.892,30.9395,102.6676531,12.8422786,102.1208718,13.1620513,101.296317,11.5226537,104.0487606,14.1601213
2026-01-26,Descending,76,83,T76_F83,29797,L:SCI:SH:20M+05N:FS:B4:D09,59743.27,145.453,0.2435,102.1822491,10.8532918,102.648151,11.6717332,100.8235123,9.5377716,103.5493553,12.1677702
2026-01-26,Descending,76,85,T76_F85,29805,L:SCI:DH:40M+05N:FS:B4:D02,59680.265,18920.13,31.7025,101.2444586,6.8732024,101.0578562,6.5414828,99.9050955,5.5654857,102.5894891,8.1813781
2026-01-26,Descending,76,86,T76_F86,29809,L:SCI:DH:40M+05N:FS:B4:D02,59658.183,822.13,1.3781,100.7901158,4.8822031,101.1586688,5.7979817,99.4576522,3.578209,102.1269311,6.1874175
2026-01-28,Ascending,112,4,T112_F4,43681,L:SCI:DH:40M+05N:FS:B4:D02,59668.731,1819.516,3.0494,101.6783939,4.8819775,101.5073004,5.8616717,100.3413773,3.5779286,103.0110579,6.1872458
2026-01-28,Ascending,112,5,T112_F5,43685,L:SCI:DH:40M+05N:FS:B4:D02,59690.857,20302.735,34.0131,101.2240267,6.8729816,100.9660573,6.6218174,99.8787954,5.5652104,102.5635898,8.1812107
2026-01-28,Ascending,112,6,T112_F6,43689,"L:SCI:DH:40M+05N:FS:B4:D02, L:SCI:DH:20M+05N:FS:B4:D09",59719.243,9091.405,15.2236,100.760275,8.8633653,99.933179,8.4380963,99.4049685,7.5517563,102.1085768,10.1746783
2026-01-28,Ascending,112,7,T112_F7,43693,,59753.881,4235.801,7.0887,100.2861996,10.8530806,99.415354,11.1050983,98.9188939,9.5375068,101.6451355,12.1676114
2026-01-28,Ascending,112,8,T112_F8,43697,L:SCI:DH:40M+05N:FS:B4:D02 S:DB:DH:37W:B4,59794.748,23760.796,39.7373,99.8007831,12.8420719,99.8264836,13.1670157,98.4194767,11.522394,101.1723177,14.1599665
2026-01-28,Ascending,112,9,T112_F9,43701,L:SCI:DH:40M+05N:FS:B4:D02 S:DB:DH:37W:B4,59841.835,49172.186,82.1703,99.3029178,14.8302758,99.4849137,14.8989959,97.905517,13.5063398,100.6890998,16.1516939
2026-01-28,Ascending,112,10,T112_F10,43705,L:SCI:DH:40M+05N:FS:B4:D02 S:DB:DH:37W:B4,59895.124,39974.454,66.7407,98.7913922,16.8176194,99.1483272,16.9434464,97.3756945,15.4892559,100.1943701,18.1427359
2026-01-28,Ascending,112,11,T112_F11,43709,L:SCI:DH:40M+05N:FS:B4:D02 S:DB:DH:37W:B4,59954.619,40773.197,68.0068,98.2648749,18.8040201,98.5779005,18.7116129,96.828551,17.4710419,99.6869147,20.1330274
2026-01-28,Ascending,112,12,T112_F12,43713,L:SCI:DH:40M+05N:FS:B4:D02 S:DB:DH:37W:B4,60020.319,202.315,0.3371,97.7218962,20.7893839,98.8492255,19.9803614,96.2624693,19.4515848,99.1654012,22.1224934
2026-01-28,Descending,105,78,T105_F78,41261,"L:SCI:DH:20M+05N:FS:B4:D09, L:SCI:DH:40M+05N:FS:B4:D02",60010.606,6764.51,11.2722,100.5849175,20.7895834,100.0011147,20.0638949,99.1416034,19.4518354,102.0441511,22.1226428
2026-01-28,Descending,105,79,T105_F79,41265,L:SCI:DH:40M+05N:FS:B4:D02,59944.941,56560.566,94.3542,100.0419571,18.8042203,99.9870316,18.7688789,98.6201063,17.4712932,101.4780896,20.1331777
2026-01-28,Descending,105,80,T105_F80,41269,"L:SCI:DH:40M+05N:FS:B4:D02, L:SCI:SH:20M+05N:FS:B4:D09 | L:SCI:DH:40M+05N:FS:B4:D02, L:SCI:DH:20M+05N:FS:B4:D09",59885.504,55074.042,91.9656,99.5154606,16.8178207,99.6073938,16.8571487,98.1126699,15.4895081,100.9309686,18.1428876
2026-01-28,Descending,105,81,T105_F81,41273,L:SCI:SH:20M+05N:FS:B4:D09,59832.279,42182.712,70.5016,99.0039585,14.8304786,99.3187036,14.8696919,97.6179621,13.5065934,100.4011714,16.151847
2026-01-28,Descending,105,82,T105_F82,41277,L:SCI:SH:20M+05N:FS:B4:D09,59785.279,8770.464,14.6699,98.5061198,12.8422765,99.463611,13.1451117,97.1347691,11.5226493,99.8872399,14.1601216
2026-01-28,Descending,105,83,T105_F83,41281,L:SCI:SH:20M+05N:FS:B4:D09,59744.511,5976.923,10.0041,98.0207332,10.8532871,98.8802018,10.2592656,96.6619796,9.5377641,99.3878542,12.1677684
2026-01-28,Descending,105,84,T105_F84,41285,L:SCI:SH:20M+05N:FS:B4:D09,59710.0,8013.714,13.4211,97.5466915,8.8635739,98.5093059,8.9194045,96.1985702,7.5520156,98.9018147,10.1748375
2026-01-31,Ascending,155,9,T155_F9,60533,L:SCI:DH:20M+05N:FS:B4:D09,59839.606,20483.755,34.2311,105.5459921,14.8302794,104.9343681,15.1142664,104.1486332,13.5063446,106.9321341,16.1516964
2026-01-31,Ascending,155,10,T155_F10,60537,L:SCI:DH:20M+05N:FS:B4:D09,59892.834,25616.14,42.77,105.0344558,16.817625,104.4058392,16.6174166,103.6188018,15.4892631,106.4373919,18.14274
2026-01-31,Ascending,155,11,T155_F11,60541,L:SCI:DH:20M+05N:FS:B4:D09,59952.252,6686.768,11.1535,104.5079278,18.8040277,103.8595031,17.9364105,103.0716495,17.4710519,105.9299241,20.1330328
2026-01-31,Descending,148,80,T148_F80,58193,L:SCI:DH:20M+05N:FS:B4:D09,59884.249,6780.302,11.3223,105.7578483,16.8178104,104.7752705,16.3750848,104.3550721,15.4894981,107.1733443,18.1428769
2026-01-31,Descending,148,81,T148_F81,58197,L:SCI:DH:20M+05N:FS:B4:D09,59830.873,26912.189,44.9804,105.2463195,14.8304718,104.8178006,15.1606795,103.8603403,13.5065877,106.6435175,16.1518392
2026-01-31,Descending,148,85,T148_F85,58213,L:SCI:DH:40M+05N:FS:B4:D02,59679.725,141.276,0.2367,103.3252344,6.8731991,102.0351209,6.1634222,101.9858784,5.5654821,104.6702583,8.181375
2026-01-31,Descending,148,86,T148_F86,58217,L:SCI:DH:40M+05N:FS:B4:D02,59657.604,97.597,0.1636,102.8708829,4.8822004,102.024228,6.1144042,101.5384271,3.5782062,104.207691,6.1874149
2026-02-02,Ascending,11,7,T11_F7,4073,"L:SCI:DH:20M+05N:FS:B4:D09, L:SCI:DH:40M+05N:FS:B4:D02",59753.297,243.512,0.4075,102.3672131,10.853076,102.7044377,11.7726956,100.9999181,9.5375012,103.7261389,12.1676079
2026-02-02,Ascending,11,8,T11_F8,4077,L:SCI:DH:40M+05N:FS:B4:D02,59794.139,28668.162,47.9448,101.8817924,12.842068,101.8136389,13.2143551,100.5004973,11.5223892,103.2533163,14.1599636
2026-02-02,Ascending,11,9,T11_F9,4081,L:SCI:DH:40M+05N:FS:B4:D02,59841.192,59823.713,99.9708,101.3839229,14.8302726,101.3841518,14.8306459,99.9865342,13.506336,102.7700935,16.1516913
2026-02-02,Ascending,11,10,T11_F10,4085,"L:SCI:DH:40M+05N:FS:B4:D02, L:SCI:DH:20M+05N:FS:B4:D09, L:SCI:DH:40M+05N:FS:B4:D02",59894.455,56491.654,94.3187,100.8723932,16.817617,100.8464147,16.7562767,99.4567084,15.489253,102.275359,18.142734
2026-02-02,Ascending,11,11,T11_F11,4089,"L:SCI:DH:40M+05N:FS:B4:D02, L:SCI:DH:40M+05N:FS:B4:D02 S:DB:DH:37W:B4",59953.913,47596.047,79.3877,100.3458718,18.8040184,100.1282328,18.7425673,98.9095615,17.4710401,101.7678988,20.133026
2026-02-02,Ascending,11,12,T11_F12,4093,"L:SCI:DH:40M+05N:FS:B4:D02 S:DB:DH:37W:B4, L:SCI:DH:40M+05N:FS:B4:D02 S:DB:DH:37W:B4",60019.59,10944.009,18.2341,99.802889,20.7893831,99.7131767,19.949408,98.3434765,19.4515839,101.2463804,22.1224927
2026-02-02,Descending,4,79,T4_F79,1553,L:SCI:DH:20M+05N:FS:B4:D09,59944.434,12094.16,20.1756,102.1227305,18.8042218,101.7939286,18.2051571,100.7008863,17.4712961,103.5588576,20.1331778
2026-02-02,Descending,4,80,T4_F80,1557,"L:SCI:DH:20M+05N:FS:B4:D09, L:SCI:DH:40M+05N:FS:B4:D02 | L:SCI:SH:20M+05N:FS:B4:D09, L:SCI:DH:40M+05N:FS:B4:D02",59884.933,57184.236,95.4902,101.5962255,16.8178237,101.6138883,16.7721575,100.1934426,15.4895128,103.0117269,18.1428888
2026-02-02,Descending,4,81,T4_F81,1561,L:SCI:DH:40M+05N:FS:B4:D02,59831.646,59831.646,100.0,101.0847152,14.830483,101.0847152,14.830483,99.6987276,13.5065998,102.4819202,16.1518495
2026-02-02,Descending,4,82,T4_F82,1565,L:SCI:DH:40M+05N:FS:B4:D02,59784.58,30850.025,51.602,100.5868684,12.8422823,100.5221042,13.2038364,99.2155277,11.5226574,101.9679795,14.1601251
2026-02-02,Descending,4,83,T4_F83,1569,"L:SCI:DH:40M+05N:FS:B4:D02, L:SCI:DH:20M+05N:FS:B4:D09, L:SCI:DH:40M+05N:FS:B4:D02 | L:SCI:DH:40M+05N:FS:B4:D02, L:SCI:SH:20M+05N:FS:B4:D09, L:SCI:DH:40M+05N:FS:B4:D02",59743.75,8618.965,14.4266,100.1014738,10.8532943,99.2638868,10.8976142,98.7427314,9.5377739,101.4685847,12.167773
2026-02-02,Descending,4,84,T4_F84,1573,L:SCI:DH:40M+05N:FS:B4:D02,59709.171,34203.324,57.2832,99.6274241,8.8635826,99.2930162,8.6995935,98.2793152,7.5520271,100.9825361,10.1748432
2026-02-02,Descending,4,85,T4_F85,1577,"L:SCI:DH:40M+05N:FS:B4:D02, L:SCI:DH:20M+05N:FS:B4:D09 | L:SCI:DH:40M+05N:FS:B4:D02, L:SCI:SH:20M+05N:FS:B4:D09 | L:SCI:DH:40M+05N:FS:B4:D02, L:SCI:DH:20M+05N:FS:B4:D09, L:SCI:DH:40M+05N:FS:B4:D02",59680.864,13440.227,22.5202,99.1637022,6.8732025,99.7384325,7.3815838,97.8243313,5.565485,100.5087394,8.1813789
2026-02-04,Ascending,40,5,T40_F5,15345,"L:SCI:DH:20M+05N:FS:B4:D09, L:SCI:DH:40M+05N:FS:B4:D02",59691.274,13791.961,23.1055,99.1430257,6.8729915,99.768846,7.4412602,97.7977867,5.5652226,100.4825957,8.1812181
2026-02-04,Ascending,40,6,T40_F6,15349,L:SCI:DH:40M+05N:FS:B4:D02,59719.699,31295.121,52.4033,98.6792785,8.8633744,99.0471001,8.8158619,97.3239636,7.5517675,100.027588,10.1746852
2026-02-04,Ascending,40,7,T40_F7,15353,"L:SCI:DH:40M+05N:FS:B4:D02, L:SCI:DH:40M+05N:FS:B4:D02 S:DB:DH:37W:B4",59754.373,6895.642,11.54,98.2052076,10.8530888,99.0130324,10.4518276,96.8378925,9.5375171,99.5641519,12.1676177
2026-02-04,Ascending,40,9,T40_F9,15361,L:SCI:DH:40M+05N:FS:B4:D02 S:DB:DH:37W:B4,59842.407,1216.742,2.0332,97.2219344,14.8302824,98.312511,14.9283171,95.8245225,13.5063479,98.6081265,16.1516989
2026-02-04,Ascending,40,11,T40_F11,15369,L:SCI:DH:40M+05N:FS:B4:D02 S:DB:DH:37W:B4,59955.272,196.044,0.327,96.1839,18.8040248,97.4656079,18.404956,94.7475631,17.4710477,97.6059518,20.133031
2026-02-04,Descending,33,78,T33_F78,12837,L:SCI:DH:20M+05N:FS:B4:D09,60011.459,4310.086,7.1821,98.5041904,20.7895698,99.1646991,19.8105252,97.060862,19.4518176,99.9634374,22.1226332
2026-02-04,Descending,33,79,T33_F79,12841,L:SCI:DH:20M+05N:FS:B4:D09,59945.857,34607.818,57.7318,97.9612353,18.8042055,98.4340916,18.6880662,96.5393692,17.4712739,99.3973822,20.1331673
2026-02-04,Descending,33,80,T33_F80,12845,L:SCI:DH:20M+05N:FS:B4:D09,59886.468,6824.429,11.3956,97.4347438,16.8178047,98.3693447,17.38101,96.0319369,15.4894874,98.8502672,18.1428761
2026-02-04,Descending,33,81,T33_F81,12849,L:SCI:DH:20M+05N:FS:B4:D09,59833.302,39.344,0.0658,96.9232466,14.8304614,98.1895448,15.1571582,95.537233,13.5065713,98.3204758,16.1518347
2026-02-07,Ascending,83,8,T83_F8,32325,"L:SCI:DH:40M+05N:FS:B4:D02, L:SCI:DH:20M+05N:FS:B4:D09, L:SCI:DH:40M+05N:FS:B4:D02",59793.402,1.028,0.0017,103.9628259,12.8420694,102.5897149,13.6074715,102.5815443,11.522391,105.3343368,14.1599645
2026-02-07,Ascending,83,9,T83_F9,32329,L:SCI:DH:40M+05N:FS:B4:D02,59840.444,45914.205,76.7277,103.4649527,14.8302745,103.4025486,15.0690931,102.067578,13.5063383,104.8511099,16.1516927
2026-02-07,Ascending,83,10,T83_F10,32333,L:SCI:DH:40M+05N:FS:B4:D02,59893.681,59861.405,99.9461,102.9534193,16.8176194,102.9535857,16.8170629,101.537749,15.4892562,104.3563711,18.1427357
2026-02-07,Ascending,83,11,T83_F11,32337,"L:SCI:DH:40M+05N:FS:B4:D02, L:SCI:DH:20M+05N:FS:B4:D09",59953.129,11347.579,18.9274,102.4268942,18.8040215,102.4525126,18.0926567,100.990599,17.471044,103.8489068,20.1330282
2026-02-07,Ascending,83,12,T83_F12,32341,"L:SCI:DH:20M+05N:FS:B4:D09, L:SCI:DH:40M+05N:FS:B4:D02 S:DB:DH:37W:B4, L:SCI:DH:40M+05N:FS:B4:D02 S:DB:DH:37W:B4",60018.775,304.816,0.5079,101.8839078,20.7893868,101.1082899,19.5326106,100.424511,19.4515888,103.3273841,22.1224952
2026-02-07,Descending,76,79,T76_F79,29781,"L:SCI:SH:20M+05N:FS:B4:D09, L:SCI:DH:40M+05N:FS:B4:D02 | L:SCI:DH:20M+05N:FS:B4:D09, L:SCI:DH:40M+05N:FS:B4:D02",59944.176,7093.964,11.8343,104.2035445,18.8042141,103.7092591,18.0458456,102.7817018,17.4712876,105.639671,20.1331709
2026-02-07,Descending,76,80,T76_F80,29785,L:SCI:DH:40M+05N:FS:B4:D02,59884.619,56572.302,94.4688,103.6770296,16.8178173,103.6244684,16.7841561,102.2742492,15.4895059,105.0925293,18.142883
2026-02-07,Descending,76,81,T76_F81,29789,L:SCI:DH:40M+05N:FS:B4:D02,59831.28,48922.576,81.7676,103.1655095,14.830478,103.0791425,15.0151783,101.7795255,13.5065945,104.5627119,16.1518447
2026-02-07,Descending,76,82,T76_F82,29793,"L:SCI:DH:40M+05N:FS:B4:D02, L:SCI:SH:20M+05N:FS:B4:D09 | L:SCI:DH:40M+05N:FS:B4:D02, L:SCI:DH:20M+05N:FS:B4:D09",59784.157,18496.892,30.9395,102.6676531,12.8422786,102.1208718,13.1620513,101.296317,11.5226537,104.0487606,14.1601213
2026-02-07,Descending,76,83,T76_F83,29797,L:SCI:DH:20M+05N:FS:B4:D09,59743.27,145.453,0.2435,102.1822491,10.8532918,102.648151,11.6717332,100.8235123,9.5377716,103.5493553,12.1677702
2026-02-07,Descending,76,85,T76_F85,29805,L:SCI:DH:40M+05N:FS:B4:D02,59680.265,18920.13,31.7025,101.2444586,6.8732024,101.0578562,6.5414828,99.9050955,5.5654857,102.5894891,8.1813781
2026-02-07,Descending,76,86,T76_F86,29809,L:SCI:DH:40M+05N:FS:B4:D02,59658.183,822.13,1.3781,100.7901158,4.8822031,101.1586688,5.7979817,99.4576522,3.578209,102.1269311,6.1874175
2026-02-09,Ascending,112,4,T112_F4,43681,L:SCI:DH:40M+05N:FS:B4:D02,59668.731,1819.516,3.0494,101.6783939,4.8819775,101.5073004,5.8616717,100.3413773,3.5779286,103.0110579,6.1872458
2026-02-09,Ascending,112,5,T112_F5,43685,L:SCI:DH:40M+05N:FS:B4:D02,59690.857,20302.735,34.0131,101.2240267,6.8729816,100.9660573,6.6218174,99.8787954,5.5652104,102.5635898,8.1812107
2026-02-09,Ascending,112,6,T112_F6,43689,"L:SCI:DH:40M+05N:FS:B4:D02, L:SCI:DH:20M+05N:FS:B4:D09",59719.243,9091.405,15.2236,100.760275,8.8633653,99.933179,8.4380963,99.4049685,7.5517563,102.1085768,10.1746783
2026-02-09,Ascending,112,7,T112_F7,43693,,59753.881,4235.801,7.0887,100.2861996,10.8530806,99.415354,11.1050983,98.9188939,9.5375068,101.6451355,12.1676114
2026-02-09,Ascending,112,8,T112_F8,43697,L:SCI:DH:40M+05N:FS:B4:D02 S:DB:DH:37W:B4,59794.748,23760.796,39.7373,99.8007831,12.8420719,99.8264836,13.1670157,98.4194767,11.522394,101.1723177,14.1599665
2026-02-09,Ascending,112,9,T112_F9,43701,L:SCI:DH:40M+05N:FS:B4:D02 S:DB:DH:37W:B4,59841.835,49172.186,82.1703,99.3029178,14.8302758,99.4849137,14.8989959,97.905517,13.5063398,100.6890998,16.1516939
2026-02-09,Ascending,112,10,T112_F10,43705,L:SCI:DH:40M+05N:FS:B4:D02 S:DB:DH:37W:B4,59895.124,39974.454,66.7407,98.7913922,16.8176194,99.1483272,16.9434464,97.3756945,15.4892559,100.1943701,18.1427359
2026-02-09,Ascending,112,11,T112_F11,43709,L:SCI:DH:40M+05N:FS:B4:D02 S:DB:DH:37W:B4,59954.619,40773.197,68.0068,98.2648749,18.8040201,98.5779005,18.7116129,96.828551,17.4710419,99.6869147,20.1330274
2026-02-09,Ascending,112,12,T112_F12,43713,L:SCI:DH:40M+05N:FS:B4:D02 S:DB:DH:37W:B4,60020.319,202.315,0.3371,97.7218962,20.7893839,98.8492255,19.9803614,96.2624693,19.4515848,99.1654012,22.1224934
2026-02-09,Descending,105,78,T105_F78,41261,"L:SCI:DH:20M+05N:FS:B4:D09, L:SCI:DH:40M+05N:FS:B4:D02",60010.606,6764.51,11.2722,100.5849175,20.7895834,100.0011147,20.0638949,99.1416034,19.4518354,102.0441511,22.1226428
2026-02-09,Descending,105,79,T105_F79,41265,L:SCI:DH:40M+05N:FS:B4:D02,59944.941,56560.566,94.3542,100.0419571,18.8042203,99.9870316,18.7688789,98.6201063,17.4712932,101.4780896,20.1331777
2026-02-09,Descending,105,80,T105_F80,41269,"L:SCI:DH:40M+05N:FS:B4:D02, L:SCI:SH:20M+05N:FS:B4:D09 | L:SCI:DH:40M+05N:FS:B4:D02, L:SCI:DH:20M+05N:FS:B4:D09",59885.504,55074.042,91.9656,99.5154606,16.8178207,99.6073938,16.8571487,98.1126699,15.4895081,100.9309686,18.1428876
2026-02-09,Descending,105,81,T105_F81,41273,L:SCI:DH:20M+05N:FS:B4:D09,59832.279,42182.712,70.5016,99.0039585,14.8304786,99.3187036,14.8696919,97.6179621,13.5065934,100.4011714,16.151847
2026-02-09,Descending,105,82,T105_F82,41277,L:SCI:DH:20M+05N:FS:B4:D09,59785.279,8770.464,14.6699,98.5061198,12.8422765,99.463611,13.1451117,97.1347691,11.5226493,99.8872399,14.1601216
2026-02-09,Descending,105,83,T105_F83,41281,L:SCI:DH:20M+05N:FS:B4:D09,59744.511,5976.923,10.0041,98.0207332,10.8532871,98.8802018,10.2592656,96.6619796,9.5377641,99.3878542,12.1677684
2026-02-09,Descending,105,84,T105_F84,41285,L:SCI:DH:20M+05N:FS:B4:D09,59710.0,8013.714,13.4211,97.5466915,8.8635739,98.5093059,8.9194045,96.1985702,7.5520156,98.9018147,10.1748375
2026-02-12,Ascending,155,9,T155_F9,60533,L:SCI:DH:20M+05N:FS:B4:D09,59839.606,20483.755,34.2311,105.5459921,14.8302794,104.9343681,15.1142664,104.1486332,13.5063446,106.9321341,16.1516964
2026-02-12,Ascending,155,10,T155_F10,60537,L:SCI:DH:20M+05N:FS:B4:D09,59892.834,25616.14,42.77,105.0344558,16.817625,104.4058392,16.6174166,103.6188018,15.4892631,106.4373919,18.14274
2026-02-12,Ascending,155,11,T155_F11,60541,L:SCI:DH:20M+05N:FS:B4:D09,59952.252,6686.768,11.1535,104.5079278,18.8040277,103.8595031,17.9364105,103.0716495,17.4710519,105.9299241,20.1330328
2026-02-12,Descending,148,80,T148_F80,58193,L:SCI:SH:20M+05N:FS:B4:D09,59884.249,6780.302,11.3223,105.7578483,16.8178104,104.7752705,16.3750848,104.3550721,15.4894981,107.1733443,18.1428769
2026-02-12,Descending,148,81,T148_F81,58197,L:SCI:SH:20M+05N:FS:B4:D09,59830.873,26912.189,44.9804,105.2463195,14.8304718,104.8178006,15.1606795,103.8603403,13.5065877,106.6435175,16.1518392
2026-02-12,Descending,148,85,T148_F85,58213,L:SCI:DH:40M+05N:FS:B4:D02,59679.725,141.276,0.2367,103.3252344,6.8731991,102.0351209,6.1634222,101.9858784,5.5654821,104.6702583,8.181375
2026-02-12,Descending,148,86,T148_F86,58217,L:SCI:DH:40M+05N:FS:B4:D02,59657.604,97.597,0.1636,102.8708829,4.8822004,102.024228,6.1144042,101.5384271,3.5782062,104.207691,6.1874149
2026-02-14,Ascending,11,7,T11_F7,4073,"L:SCI:DH:20M+05N:FS:B4:D09, L:SCI:DH:40M+05N:FS:B4:D02",59753.297,243.512,0.4075,102.3672131,10.853076,102.7044377,11.7726956,100.9999181,9.5375012,103.7261389,12.1676079
2026-02-14,Ascending,11,8,T11_F8,4077,L:SCI:DH:40M+05N:FS:B4:D02,59794.139,28668.162,47.9448,101.8817924,12.842068,101.8136389,13.2143551,100.5004973,11.5223892,103.2533163,14.1599636
2026-02-14,Ascending,11,9,T11_F9,4081,L:SCI:DH:40M+05N:FS:B4:D02,59841.192,59823.713,99.9708,101.3839229,14.8302726,101.3841518,14.8306459,99.9865342,13.506336,102.7700935,16.1516913
2026-02-14,Ascending,11,10,T11_F10,4085,"L:SCI:DH:40M+05N:FS:B4:D02, L:SCI:DH:20M+05N:FS:B4:D09, L:SCI:DH:40M+05N:FS:B4:D02",59894.455,56491.654,94.3187,100.8723932,16.817617,100.8464147,16.7562767,99.4567084,15.489253,102.275359,18.142734
2026-02-14,Ascending,11,11,T11_F11,4089,"L:SCI:DH:40M+05N:FS:B4:D02, L:SCI:DH:40M+05N:FS:B4:D02 S:DB:DH:37W:B4",59953.913,47596.047,79.3877,100.3458718,18.8040184,100.1282328,18.7425673,98.9095615,17.4710401,101.7678988,20.133026
2026-02-14,Ascending,11,12,T11_F12,4093,"L:SCI:DH:40M+05N:FS:B4:D02 S:DB:DH:37W:B4, L:SCI:DH:40M+05N:FS:B4:D02 S:DB:DH:37W:B4",60019.59,10944.009,18.2341,99.802889,20.7893831,99.7131767,19.949408,98.3434765,19.4515839,101.2463804,22.1224927
2026-02-14,Descending,4,79,T4_F79,1553,L:SCI:SH:20M+05N:FS:B4:D09,59944.434,12094.16,20.1756,102.1227305,18.8042218,101.7939286,18.2051571,100.7008863,17.4712961,103.5588576,20.1331778
2026-02-14,Descending,4,80,T4_F80,1557,"L:SCI:DH:20M+05N:FS:B4:D09, L:SCI:DH:40M+05N:FS:B4:D02 | L:SCI:SH:20M+05N:FS:B4:D09, L:SCI:DH:40M+05N:FS:B4:D02",59884.933,57184.236,95.4902,101.5962255,16.8178237,101.6138883,16.7721575,100.1934426,15.4895128,103.0117269,18.1428888
2026-02-14,Descending,4,81,T4_F81,1561,L:SCI:DH:40M+05N:FS:B4:D02,59831.646,59831.646,100.0,101.0847152,14.830483,101.0847152,14.830483,99.6987276,13.5065998,102.4819202,16.1518495
2026-02-14,Descending,4,82,T4_F82,1565,L:SCI:DH:40M+05N:FS:B4:D02,59784.58,30850.025,51.602,100.5868684,12.8422823,100.5221042,13.2038364,99.2155277,11.5226574,101.9679795,14.1601251
2026-02-14,Descending,4,83,T4_F83,1569,"L:SCI:DH:40M+05N:FS:B4:D02, L:SCI:SH:20M+05N:FS:B4:D09, L:SCI:DH:40M+05N:FS:B4:D02 | L:SCI:DH:40M+05N:FS:B4:D02, L:SCI:DH:20M+05N:FS:B4:D09, L:SCI:DH:40M+05N:FS:B4:D02",59743.75,8618.965,14.4266,100.1014738,10.8532943,99.2638868,10.8976142,98.7427314,9.5377739,101.4685847,12.167773
2026-02-14,Descending,4,84,T4_F84,1573,L:SCI:DH:40M+05N:FS:B4:D02,59709.171,34203.324,57.2832,99.6274241,8.8635826,99.2930162,8.6995935,98.2793152,7.5520271,100.9825361,10.1748432
2026-02-14,Descending,4,85,T4_F85,1577,"L:SCI:DH:40M+05N:FS:B4:D02, L:SCI:SH:20M+05N:FS:B4:D09 | L:SCI:DH:40M+05N:FS:B4:D02, L:SCI:DH:20M+05N:FS:B4:D09",59680.864,13440.227,22.5202,99.1637022,6.8732025,99.7384325,7.3815838,97.8243313,5.565485,100.5087394,8.1813789
2026-02-16,Ascending,40,5,T40_F5,15345,"L:SCI:DH:20M+05N:FS:B4:D09, L:SCI:DH:40M+05N:FS:B4:D02",59691.274,13791.961,23.1055,99.1430257,6.8729915,99.768846,7.4412602,97.7977867,5.5652226,100.4825957,8.1812181
2026-02-16,Ascending,40,6,T40_F6,15349,L:SCI:DH:40M+05N:FS:B4:D02,59719.699,31295.121,52.4033,98.6792785,8.8633744,99.0471001,8.8158619,97.3239636,7.5517675,100.027588,10.1746852
2026-02-16,Ascending,40,7,T40_F7,15353,"L:SCI:DH:40M+05N:FS:B4:D02, L:SCI:DH:40M+05N:FS:B4:D02 S:DB:DH:37W:B4",59754.373,6895.642,11.54,98.2052076,10.8530888,99.0130324,10.4518276,96.8378925,9.5375171,99.5641519,12.1676177
2026-02-16,Ascending,40,9,T40_F9,15361,L:SCI:DH:40M+05N:FS:B4:D02 S:DB:DH:37W:B4,59842.407,1216.742,2.0332,97.2219344,14.8302824,98.312511,14.9283171,95.8245225,13.5063479,98.6081265,16.1516989
2026-02-16,Ascending,40,11,T40_F11,15369,L:SCI:DH:40M+05N:FS:B4:D02 S:DB:DH:37W:B4,59955.272,196.044,0.327,96.1839,18.8040248,97.4656079,18.404956,94.7475631,17.4710477,97.6059518,20.133031
2026-02-16,Descending,33,78,T33_F78,12837,"L:SCI:DH:20M+05N:FS:B4:D09, L:SCI:SH:20M+05N:FS:B4:D09 | L:SCI:DH:20M+05N:FS:B4:D09",60011.459,4310.086,7.1821,98.5041904,20.7895698,99.1646991,19.8105252,97.060862,19.4518176,99.9634374,22.1226332
2026-02-16,Descending,33,79,T33_F79,12841,L:SCI:SH:20M+05N:FS:B4:D09,59945.857,34607.818,57.7318,97.9612353,18.8042055,98.4340916,18.6880662,96.5393692,17.4712739,99.3973822,20.1331673
2026-02-16,Descending,33,80,T33_F80,12845,L:SCI:SH:20M+05N:FS:B4:D09,59886.468,6824.429,11.3956,97.4347438,16.8178047,98.3693447,17.38101,96.0319369,15.4894874,98.8502672,18.1428761
2026-02-16,Descending,33,81,T33_F81,12849,L:SCI:SH:20M+05N:FS:B4:D09,59833.302,39.344,0.0658,96.9232466,14.8304614,98.1895448,15.1571582,95.537233,13.5065713,98.3204758,16.1518347
2026-02-19,Ascending,83,8,T83_F8,32325,"L:SCI:DH:40M+05N:FS:B4:D02, L:SCI:DH:20M+05N:FS:B4:D09, L:SCI:DH:40M+05N:FS:B4:D02",59793.402,1.028,0.0017,103.9628259,12.8420694,102.5897149,13.6074715,102.5815443,11.522391,105.3343368,14.1599645
2026-02-19,Ascending,83,9,T83_F9,32329,L:SCI:DH:40M+05N:FS:B4:D02,59840.444,45914.205,76.7277,103.4649527,14.8302745,103.4025486,15.0690931,102.067578,13.5063383,104.8511099,16.1516927
2026-02-19,Ascending,83,10,T83_F10,32333,L:SCI:DH:40M+05N:FS:B4:D02,59893.681,59861.405,99.9461,102.9534193,16.8176194,102.9535857,16.8170629,101.537749,15.4892562,104.3563711,18.1427357
2026-02-19,Ascending,83,11,T83_F11,32337,"L:SCI:DH:40M+05N:FS:B4:D02, L:SCI:DH:20M+05N:FS:B4:D09",59953.129,11347.579,18.9274,102.4268942,18.8040215,102.4525126,18.0926567,100.990599,17.471044,103.8489068,20.1330282
2026-02-19,Ascending,83,12,T83_F12,32341,"L:SCI:DH:20M+05N:FS:B4:D09, L:SCI:DH:40M+05N:FS:B4:D02 S:DB:DH:37W:B4, L:SCI:DH:40M+05N:FS:B4:D02 S:DB:DH:37W:B4",60018.775,304.816,0.5079,101.8839078,20.7893868,101.1082899,19.5326106,100.424511,19.4515888,103.3273841,22.1224952
2026-02-19,Descending,76,79,T76_F79,29781,"L:SCI:SH:20M+05N:FS:B4:D09, L:SCI:DH:40M+05N:FS:B4:D02 | L:SCI:DH:20M+05N:FS:B4:D09, L:SCI:DH:40M+05N:FS:B4:D02",59944.176,7093.964,11.8343,104.2035445,18.8042141,103.7092591,18.0458456,102.7817018,17.4712876,105.639671,20.1331709
2026-02-19,Descending,76,80,T76_F80,29785,L:SCI:DH:40M+05N:FS:B4:D02,59884.619,56572.302,94.4688,103.6770296,16.8178173,103.6244684,16.7841561,102.2742492,15.4895059,105.0925293,18.142883
2026-02-19,Descending,76,81,T76_F81,29789,L:SCI:DH:40M+05N:FS:B4:D02,59831.28,48922.576,81.7676,103.1655095,14.830478,103.0791425,15.0151783,101.7795255,13.5065945,104.5627119,16.1518447
2026-02-19,Descending,76,82,T76_F82,29793,"L:SCI:DH:40M+05N:FS:B4:D02, L:SCI:SH:20M+05N:FS:B4:D09 | L:SCI:DH:40M+05N:FS:B4:D02, L:SCI:DH:20M+05N:FS:B4:D09",59784.157,18496.892,30.9395,102.6676531,12.8422786,102.1208718,13.1620513,101.296317,11.5226537,104.0487606,14.1601213
2026-02-19,Descending,76,83,T76_F83,29797,L:SCI:SH:20M+05N:FS:B4:D09,59743.27,145.453,0.2435,102.1822491,10.8532918,102.648151,11.6717332,100.8235123,9.5377716,103.5493553,12.1677702
2026-02-19,Descending,76,85,T76_F85,29805,L:SCI:DH:40M+05N:FS:B4:D02,59680.265,18920.13,31.7025,101.2444586,6.8732024,101.0578562,6.5414828,99.9050955,5.5654857,102.5894891,8.1813781
2026-02-19,Descending,76,86,T76_F86,29809,L:SCI:DH:40M+05N:FS:B4:D02,59658.183,822.13,1.3781,100.7901158,4.8822031,101.1586688,5.7979817,99.4576522,3.578209,102.1269311,6.1874175
2026-02-21,Ascending,112,4,T112_F4,43681,L:SCI:DH:40M+05N:FS:B4:D02,59668.731,1819.516,3.0494,101.6783939,4.8819775,101.5073004,5.8616717,100.3413773,3.5779286,103.0110579,6.1872458
2026-02-21,Ascending,112,5,T112_F5,43685,L:SCI:DH:40M+05N:FS:B4:D02,59690.857,20302.735,34.0131,101.2240267,6.8729816,100.9660573,6.6218174,99.8787954,5.5652104,102.5635898,8.1812107
2026-02-21,Ascending,112,6,T112_F6,43689,"L:SCI:DH:40M+05N:FS:B4:D02, L:SCI:DH:20M+05N:FS:B4:D09",59719.243,9091.405,15.2236,100.760275,8.8633653,99.933179,8.4380963,99.4049685,7.5517563,102.1085768,10.1746783
2026-02-21,Ascending,112,7,T112_F7,43693,,59753.881,4235.801,7.0887,100.2861996,10.8530806,99.415354,11.1050983,98.9188939,9.5375068,101.6451355,12.1676114
2026-02-21,Ascending,112,8,T112_F8,43697,L:SCI:DH:40M+05N:FS:B4:D02 S:DB:DH:37W:B4,59794.748,23760.796,39.7373,99.8007831,12.8420719,99.8264836,13.1670157,98.4194767,11.522394,101.1723177,14.1599665
2026-02-21,Ascending,112,9,T112_F9,43701,L:SCI:DH:40M+05N:FS:B4:D02 S:DB:DH:37W:B4,59841.835,49172.186,82.1703,99.3029178,14.8302758,99.4849137,14.8989959,97.905517,13.5063398,100.6890998,16.1516939
2026-02-21,Ascending,112,10,T112_F10,43705,L:SCI:DH:40M+05N:FS:B4:D02 S:DB:DH:37W:B4,59895.124,39974.454,66.7407,98.7913922,16.8176194,99.1483272,16.9434464,97.3756945,15.4892559,100.1943701,18.1427359
2026-02-21,Ascending,112,11,T112_F11,43709,L:SCI:DH:40M+05N:FS:B4:D02 S:DB:DH:37W:B4,59954.619,40773.197,68.0068,98.2648749,18.8040201,98.5779005,18.7116129,96.828551,17.4710419,99.6869147,20.1330274
2026-02-21,Ascending,112,12,T112_F12,43713,L:SCI:DH:40M+05N:FS:B4:D02 S:DB:DH:37W:B4,60020.319,202.315,0.3371,97.7218962,20.7893839,98.8492255,19.9803614,96.2624693,19.4515848,99.1654012,22.1224934
2026-02-21,Descending,105,78,T105_F78,41261,"L:SCI:DH:20M+05N:FS:B4:D09, L:SCI:DH:40M+05N:FS:B4:D02",60010.606,6764.51,11.2722,100.5849175,20.7895834,100.0011147,20.0638949,99.1416034,19.4518354,102.0441511,22.1226428
2026-02-21,Descending,105,79,T105_F79,41265,L:SCI:DH:40M+05N:FS:B4:D02,59944.941,56560.566,94.3542,100.0419571,18.8042203,99.9870316,18.7688789,98.6201063,17.4712932,101.4780896,20.1331777
2026-02-21,Descending,105,80,T105_F80,41269,"L:SCI:DH:40M+05N:FS:B4:D02, L:SCI:SH:20M+05N:FS:B4:D09 | L:SCI:DH:40M+05N:FS:B4:D02, L:SCI:DH:20M+05N:FS:B4:D09",59885.504,55074.042,91.9656,99.5154606,16.8178207,99.6073938,16.8571487,98.1126699,15.4895081,100.9309686,18.1428876
2026-02-21,Descending,105,81,T105_F81,41273,L:SCI:SH:20M+05N:FS:B4:D09,59832.279,42182.712,70.5016,99.0039585,14.8304786,99.3187036,14.8696919,97.6179621,13.5065934,100.4011714,16.151847
2026-02-21,Descending,105,82,T105_F82,41277,L:SCI:SH:20M+05N:FS:B4:D09,59785.279,8770.464,14.6699,98.5061198,12.8422765,99.463611,13.1451117,97.1347691,11.5226493,99.8872399,14.1601216
2026-02-21,Descending,105,83,T105_F83,41281,L:SCI:SH:20M+05N:FS:B4:D09,59744.511,5976.923,10.0041,98.0207332,10.8532871,98.8802018,10.2592656,96.6619796,9.5377641,99.3878542,12.1677684
2026-02-21,Descending,105,84,T105_F84,41285,L:SCI:SH:20M+05N:FS:B4:D09,59710.0,8013.714,13.4211,97.5466915,8.8635739,98.5093059,8.9194045,96.1985702,7.5520156,98.9018147,10.1748375
2026-02-24,Ascending,155,9,T155_F9,60533,L:SCI:DH:20M+05N:FS:B4:D09,59839.606,20483.755,34.2311,105.5459921,14.8302794,104.9343681,15.1142664,104.1486332,13.5063446,106.9321341,16.1516964
2026-02-24,Ascending,155,10,T155_F10,60537,L:SCI:DH:20M+05N:FS:B4:D09,59892.834,25616.14,42.77,105.0344558,16.817625,104.4058392,16.6174166,103.6188018,15.4892631,106.4373919,18.14274
2026-02-24,Ascending,155,11,T155_F11,60541,L:SCI:DH:20M+05N:FS:B4:D09,59952.252,6686.768,11.1535,104.5079278,18.8040277,103.8595031,17.9364105,103.0716495,17.4710519,105.9299241,20.1330328
2026-02-24,Descending,148,80,T148_F80,58193,L:SCI:DH:20M+05N:FS:B4:D09,59884.249,6780.302,11.3223,105.7578483,16.8178104,104.7752705,16.3750848,104.3550721,15.4894981,107.1733443,18.1428769
2026-02-24,Descending,148,81,T148_F81,58197,L:SCI:DH:20M+05N:FS:B4:D09,59830.873,26912.189,44.9804,105.2463195,14.8304718,104.8178006,15.1606795,103.8603403,13.5065877,106.6435175,16.1518392
2026-02-24,Descending,148,85,T148_F85,58213,L:SCI:DH:40M+05N:FS:B4:D02,59679.725,141.276,0.2367,103.3252344,6.8731991,102.0351209,6.1634222,101.9858784,5.5654821,104.6702583,8.181375
2026-02-24,Descending,148,86,T148_F86,58217,L:SCI:DH:40M+05N:FS:B4:D02,59657.604,97.597,0.1636,102.8708829,4.8822004,102.024228,6.1144042,101.5384271,3.5782062,104.207691,6.1874149
2026-02-26,Ascending,11,7,T11_F7,4073,"L:SCI:DH:20M+05N:FS:B4:D09, L:SCI:DH:40M+05N:FS:B4:D02",59753.297,243.512,0.4075,102.3672131,10.853076,102.7044377,11.7726956,100.9999181,9.5375012,103.7261389,12.1676079
2026-02-26,Ascending,11,8,T11_F8,4077,L:SCI:DH:40M+05N:FS:B4:D02,59794.139,28668.162,47.9448,101.8817924,12.842068,101.8136389,13.2143551,100.5004973,11.5223892,103.2533163,14.1599636
2026-02-26,Ascending,11,9,T11_F9,4081,L:SCI:DH:40M+05N:FS:B4:D02,59841.192,59823.713,99.9708,101.3839229,14.8302726,101.3841518,14.8306459,99.9865342,13.506336,102.7700935,16.1516913
2026-02-26,Ascending,11,10,T11_F10,4085,"L:SCI:DH:40M+05N:FS:B4:D02, L:SCI:DH:20M+05N:FS:B4:D09, L:SCI:DH:40M+05N:FS:B4:D02 | ",59894.455,56491.654,94.3187,100.8723932,16.817617,100.8464147,16.7562767,99.4567084,15.489253,102.275359,18.142734
2026-02-26,Ascending,11,11,T11_F11,4089,"L:SCI:DH:40M+05N:FS:B4:D02, L:SCI:DH:40M+05N:FS:B4:D02 S:DB:DH:37W:B4",59953.913,47596.047,79.3877,100.3458718,18.8040184,100.1282328,18.7425673,98.9095615,17.4710401,101.7678988,20.133026
2026-02-26,Ascending,11,12,T11_F12,4093,"L:SCI:DH:40M+05N:FS:B4:D02 S:DB:DH:37W:B4, L:SCI:DH:40M+05N:FS:B4:D02 S:DB:DH:37W:B4",60019.59,10944.009,18.2341,99.802889,20.7893831,99.7131767,19.949408,98.3434765,19.4515839,101.2463804,22.1224927
2026-02-26,Descending,4,79,T4_F79,1553,L:SCI:DH:20M+05N:FS:B4:D09,59944.434,12094.16,20.1756,102.1227305,18.8042218,101.7939286,18.2051571,100.7008863,17.4712961,103.5588576,20.1331778
2026-02-26,Descending,4,80,T4_F80,1557,"L:SCI:DH:20M+05N:FS:B4:D09, L:SCI:DH:40M+05N:FS:B4:D02 | L:SCI:SH:20M+05N:FS:B4:D09, L:SCI:DH:40M+05N:FS:B4:D02",59884.933,57184.236,95.4902,101.5962255,16.8178237,101.6138883,16.7721575,100.1934426,15.4895128,103.0117269,18.1428888
2026-02-26,Descending,4,81,T4_F81,1561,L:SCI:DH:40M+05N:FS:B4:D02,59831.646,59831.646,100.0,101.0847152,14.830483,101.0847152,14.830483,99.6987276,13.5065998,102.4819202,16.1518495
2026-02-26,Descending,4,82,T4_F82,1565,L:SCI:DH:40M+05N:FS:B4:D02,59784.58,30850.025,51.602,100.5868684,12.8422823,100.5221042,13.2038364,99.2155277,11.5226574,101.9679795,14.1601251
2026-02-26,Descending,4,83,T4_F83,1569,"L:SCI:DH:40M+05N:FS:B4:D02, L:SCI:DH:20M+05N:FS:B4:D09, L:SCI:DH:40M+05N:FS:B4:D02 | L:SCI:DH:40M+05N:FS:B4:D02, L:SCI:SH:20M+05N:FS:B4:D09, L:SCI:DH:40M+05N:FS:B4:D02 | ",59743.75,8618.965,14.4266,100.1014738,10.8532943,99.2638868,10.8976142,98.7427314,9.5377739,101.4685847,12.167773
2026-02-26,Descending,4,84,T4_F84,1573,L:SCI:DH:40M+05N:FS:B4:D02,59709.171,34203.324,57.2832,99.6274241,8.8635826,99.2930162,8.6995935,98.2793152,7.5520271,100.9825361,10.1748432
2026-02-26,Descending,4,85,T4_F85,1577,"L:SCI:DH:40M+05N:FS:B4:D02, L:SCI:SH:20M+05N:FS:B4:D09 | L:SCI:DH:40M+05N:FS:B4:D02, L:SCI:DH:20M+05N:FS:B4:D09",59680.864,13440.227,22.5202,99.1637022,6.8732025,99.7384325,7.3815838,97.8243313,5.565485,100.5087394,8.1813789
2026-02-28,Ascending,40,5,T40_F5,15345,"L:SCI:DH:20M+05N:FS:B4:D09, L:SCI:DH:40M+05N:FS:B4:D02",59691.274,13791.961,23.1055,99.1430257,6.8729915,99.768846,7.4412602,97.7977867,5.5652226,100.4825957,8.1812181
2026-02-28,Ascending,40,6,T40_F6,15349,L:SCI:DH:40M+05N:FS:B4:D02,59719.699,31295.121,52.4033,98.6792785,8.8633744,99.0471001,8.8158619,97.3239636,7.5517675,100.027588,10.1746852
2026-02-28,Ascending,40,7,T40_F7,15353,"L:SCI:DH:40M+05N:FS:B4:D02, L:SCI:DH:40M+05N:FS:B4:D02 S:DB:DH:37W:B4",59754.373,6895.642,11.54,98.2052076,10.8530888,99.0130324,10.4518276,96.8378925,9.5375171,99.5641519,12.1676177
2026-02-28,Ascending,40,9,T40_F9,15361,L:SCI:DH:40M+05N:FS:B4:D02 S:DB:DH:37W:B4,59842.407,1216.742,2.0332,97.2219344,14.8302824,98.312511,14.9283171,95.8245225,13.5063479,98.6081265,16.1516989
2026-02-28,Ascending,40,11,T40_F11,15369,L:SCI:DH:40M+05N:FS:B4:D02 S:DB:DH:37W:B4,59955.272,196.044,0.327,96.1839,18.8040248,97.4656079,18.404956,94.7475631,17.4710477,97.6059518,20.133031
2026-02-28,Descending,33,78,T33_F78,12837,"L:SCI:DH:20M+05N:FS:B4:D09, L:SCI:SH:20M+05N:FS:B4:D09",60011.459,4310.086,7.1821,98.5041904,20.7895698,99.1646991,19.8105252,97.060862,19.4518176,99.9634374,22.1226332
2026-02-28,Descending,33,79,T33_F79,12841,L:SCI:DH:20M+05N:FS:B4:D09,59945.857,34607.818,57.7318,97.9612353,18.8042055,98.4340916,18.6880662,96.5393692,17.4712739,99.3973822,20.1331673
2026-02-28,Descending,33,80,T33_F80,12845,L:SCI:DH:20M+05N:FS:B4:D09,59886.468,6824.429,11.3956,97.4347438,16.8178047,98.3693447,17.38101,96.0319369,15.4894874,98.8502672,18.1428761
2026-02-28,Descending,33,81,T33_F81,12849,L:SCI:DH:20M+05N:FS:B4:D09,59833.302,39.344,0.0658,96.9232466,14.8304614,98.1895448,15.1571582,95.537233,13.5065713,98.3204758,16.1518347
2026-03-03,Ascending,83,8,T83_F8,32325,,59793.402,1.028,0.0017,103.9628259,12.8420694,102.5897149,13.6074715,102.5815443,11.522391,105.3343368,14.1599645
2026-03-03,Ascending,83,9,T83_F9,32329,L:SCI:DH:40M+05N:FS:B4:D02,59840.444,45914.205,76.7277,103.4649527,14.8302745,103.4025486,15.0690931,102.067578,13.5063383,104.8511099,16.1516927
2026-03-03,Ascending,83,10,T83_F10,32333,L:SCI:DH:40M+05N:FS:B4:D02,59893.681,59861.405,99.9461,102.9534193,16.8176194,102.9535857,16.8170629,101.537749,15.4892562,104.3563711,18.1427357
2026-03-03,Ascending,83,11,T83_F11,32337,"L:SCI:DH:40M+05N:FS:B4:D02, L:SCI:DH:20M+05N:FS:B4:D09",59953.129,11347.579,18.9274,102.4268942,18.8040215,102.4525126,18.0926567,100.990599,17.471044,103.8489068,20.1330282
2026-03-03,Ascending,83,12,T83_F12,32341,,60018.775,304.816,0.5079,101.8839078,20.7893868,101.1082899,19.5326106,100.424511,19.4515888,103.3273841,22.1224952
2026-03-03,Descending,76,79,T76_F79,29781,"L:SCI:SH:20M+05N:FS:B4:D09, L:SCI:DH:40M+05N:FS:B4:D02 | L:SCI:DH:20M+05N:FS:B4:D09, L:SCI:DH:40M+05N:FS:B4:D02",59944.176,7093.964,11.8343,104.2035445,18.8042141,103.7092591,18.0458456,102.7817018,17.4712876,105.639671,20.1331709
2026-03-03,Descending,76,80,T76_F80,29785,L:SCI:DH:40M+05N:FS:B4:D02,59884.619,56572.302,94.4688,103.6770296,16.8178173,103.6244684,16.7841561,102.2742492,15.4895059,105.0925293,18.142883
2026-03-03,Descending,76,81,T76_F81,29789,L:SCI:DH:40M+05N:FS:B4:D02,59831.28,48922.576,81.7676,103.1655095,14.830478,103.0791425,15.0151783,101.7795255,13.5065945,104.5627119,16.1518447
2026-03-03,Descending,76,82,T76_F82,29793,"L:SCI:DH:40M+05N:FS:B4:D02, L:SCI:SH:20M+05N:FS:B4:D09 | L:SCI:DH:40M+05N:FS:B4:D02, L:SCI:DH:20M+05N:FS:B4:D09",59784.157,18496.892,30.9395,102.6676531,12.8422786,102.1208718,13.1620513,101.296317,11.5226537,104.0487606,14.1601213
2026-03-03,Descending,76,83,T76_F83,29797,L:SCI:DH:20M+05N:FS:B4:D09,59743.27,145.453,0.2435,102.1822491,10.8532918,102.648151,11.6717332,100.8235123,9.5377716,103.5493553,12.1677702
2026-03-03,Descending,76,85,T76_F85,29805,L:SCI:DH:40M+05N:FS:B4:D02,59680.265,18920.13,31.7025,101.2444586,6.8732024,101.0578562,6.5414828,99.9050955,5.5654857,102.5894891,8.1813781
2026-03-03,Descending,76,86,T76_F86,29809,L:SCI:DH:40M+05N:FS:B4:D02,59658.183,822.13,1.3781,100.7901158,4.8822031,101.1586688,5.7979817,99.4576522,3.578209,102.1269311,6.1874175
2026-03-05,Ascending,112,4,T112_F4,43681,L:SCI:DH:40M+05N:FS:B4:D02,59668.731,1819.516,3.0494,101.6783939,4.8819775,101.5073004,5.8616717,100.3413773,3.5779286,103.0110579,6.1872458
2026-03-05,Ascending,112,5,T112_F5,43685,L:SCI:DH:40M+05N:FS:B4:D02,59690.857,20302.735,34.0131,101.2240267,6.8729816,100.9660573,6.6218174,99.8787954,5.5652104,102.5635898,8.1812107
2026-03-05,Ascending,112,6,T112_F6,43689,"L:SCI:DH:40M+05N:FS:B4:D02, L:SCI:DH:20M+05N:FS:B4:D09",59719.243,9091.405,15.2236,100.760275,8.8633653,99.933179,8.4380963,99.4049685,7.5517563,102.1085768,10.1746783
2026-03-05,Ascending,112,7,T112_F7,43693,,59753.881,4235.801,7.0887,100.2861996,10.8530806,99.415354,11.1050983,98.9188939,9.5375068,101.6451355,12.1676114
2026-03-05,Ascending,112,8,T112_F8,43697,L:SCI:DH:40M+05N:FS:B4:D02 S:DB:DH:37W:B4,59794.748,23760.796,39.7373,99.8007831,12.8420719,99.8264836,13.1670157,98.4194767,11.522394,101.1723177,14.1599665
2026-03-05,Ascending,112,9,T112_F9,43701,L:SCI:DH:40M+05N:FS:B4:D02 S:DB:DH:37W:B4,59841.835,49172.186,82.1703,99.3029178,14.8302758,99.4849137,14.8989959,97.905517,13.5063398,100.6890998,16.1516939
2026-03-05,Ascending,112,10,T112_F10,43705,L:SCI:DH:40M+05N:FS:B4:D02 S:DB:DH:37W:B4,59895.124,39974.454,66.7407,98.7913922,16.8176194,99.1483272,16.9434464,97.3756945,15.4892559,100.1943701,18.1427359
2026-03-05,Ascending,112,11,T112_F11,43709,L:SCI:DH:40M+05N:FS:B4:D02 S:DB:DH:37W:B4,59954.619,40773.197,68.0068,98.2648749,18.8040201,98.5779005,18.7116129,96.828551,17.4710419,99.6869147,20.1330274
2026-03-05,Ascending,112,12,T112_F12,43713,L:SCI:DH:40M+05N:FS:B4:D02 S:DB:DH:37W:B4,60020.319,202.315,0.3371,97.7218962,20.7893839,98.8492255,19.9803614,96.2624693,19.4515848,99.1654012,22.1224934
2026-03-05,Descending,105,78,T105_F78,41261,"L:SCI:DH:20M+05N:FS:B4:D09, L:SCI:DH:40M+05N:FS:B4:D02",60010.606,6764.51,11.2722,100.5849175,20.7895834,100.0011147,20.0638949,99.1416034,19.4518354,102.0441511,22.1226428
2026-03-05,Descending,105,79,T105_F79,41265,L:SCI:DH:40M+05N:FS:B4:D02,59944.941,56560.566,94.3542,100.0419571,18.8042203,99.9870316,18.7688789,98.6201063,17.4712932,101.4780896,20.1331777
2026-03-05,Descending,105,80,T105_F80,41269,"L:SCI:DH:40M+05N:FS:B4:D02, L:SCI:SH:20M+05N:FS:B4:D09 | L:SCI:DH:40M+05N:FS:B4:D02, L:SCI:DH:20M+05N:FS:B4:D09",59885.504,55074.042,91.9656,99.5154606,16.8178207,99.6073938,16.8571487,98.1126699,15.4895081,100.9309686,18.1428876
2026-03-05,Descending,105,81,T105_F81,41273,L:SCI:DH:20M+05N:FS:B4:D09,59832.279,42182.712,70.5016,99.0039585,14.8304786,99.3187036,14.8696919,97.6179621,13.5065934,100.4011714,16.151847
2026-03-05,Descending,105,82,T105_F82,41277,L:SCI:DH:20M+05N:FS:B4:D09,59785.279,8770.464,14.6699,98.5061198,12.8422765,99.463611,13.1451117,97.1347691,11.5226493,99.8872399,14.1601216
2026-03-05,Descending,105,83,T105_F83,41281,L:SCI:DH:20M+05N:FS:B4:D09,59744.511,5976.923,10.0041,98.0207332,10.8532871,98.8802018,10.2592656,96.6619796,9.5377641,99.3878542,12.1677684
2026-03-05,Descending,105,84,T105_F84,41285,L:SCI:DH:20M+05N:FS:B4:D09,59710.0,8013.714,13.4211,97.5466915,8.8635739,98.5093059,8.9194045,96.1985702,7.5520156,98.9018147,10.1748375
2026-03-08,Ascending,155,9,T155_F9,60533,L:SCI:DH:20M+05N:FS:B4:D09,59839.606,20483.755,34.2311,105.5459921,14.8302794,104.9343681,15.1142664,104.1486332,13.5063446,106.9321341,16.1516964
2026-03-08,Ascending,155,10,T155_F10,60537,L:SCI:DH:20M+05N:FS:B4:D09,59892.834,25616.14,42.77,105.0344558,16.817625,104.4058392,16.6174166,103.6188018,15.4892631,106.4373919,18.14274
2026-03-08,Ascending,155,11,T155_F11,60541,L:SCI:DH:20M+05N:FS:B4:D09,59952.252,6686.768,11.1535,104.5079278,18.8040277,103.8595031,17.9364105,103.0716495,17.4710519,105.9299241,20.1330328
2026-03-08,Descending,148,80,T148_F80,58193,L:SCI:SH:20M+05N:FS:B4:D09,59884.249,6780.302,11.3223,105.7578483,16.8178104,104.7752705,16.3750848,104.3550721,15.4894981,107.1733443,18.1428769
2026-03-08,Descending,148,81,T148_F81,58197,L:SCI:SH:20M+05N:FS:B4:D09,59830.873,26912.189,44.9804,105.2463195,14.8304718,104.8178006,15.1606795,103.8603403,13.5065877,106.6435175,16.1518392
2026-03-08,Descending,148,85,T148_F85,58213,L:SCI:DH:40M+05N:FS:B4:D02,59679.725,141.276,0.2367,103.3252344,6.8731991,102.0351209,6.1634222,101.9858784,5.5654821,104.6702583,8.181375
2026-03-08,Descending,148,86,T148_F86,58217,L:SCI:DH:40M+05N:FS:B4:D02,59657.604,97.597,0.1636,102.8708829,4.8822004,102.024228,6.1144042,101.5384271,3.5782062,104.207691,6.1874149
2026-03-10,Ascending,11,7,T11_F7,4073,"L:SCI:DH:20M+05N:FS:B4:D09, L:SCI:DH:40M+05N:FS:B4:D02",59753.297,243.512,0.4075,102.3672131,10.853076,102.7044377,11.7726956,100.9999181,9.5375012,103.7261389,12.1676079
2026-03-10,Ascending,11,8,T11_F8,4077,L:SCI:DH:40M+05N:FS:B4:D02,59794.139,28668.162,47.9448,101.8817924,12.842068,101.8136389,13.2143551,100.5004973,11.5223892,103.2533163,14.1599636
2026-03-10,Ascending,11,9,T11_F9,4081,L:SCI:DH:40M+05N:FS:B4:D02,59841.192,59823.713,99.9708,101.3839229,14.8302726,101.3841518,14.8306459,99.9865342,13.506336,102.7700935,16.1516913
2026-03-10,Ascending,11,10,T11_F10,4085,,59894.455,56491.654,94.3187,100.8723932,16.817617,100.8464147,16.7562767,99.4567084,15.489253,102.275359,18.142734
2026-03-10,Ascending,11,11,T11_F11,4089,"L:SCI:DH:40M+05N:FS:B4:D02, L:SCI:DH:40M+05N:FS:B4:D02 S:DB:DH:37W:B4",59953.913,47596.047,79.3877,100.3458718,18.8040184,100.1282328,18.7425673,98.9095615,17.4710401,101.7678988,20.133026
2026-03-10,Ascending,11,12,T11_F12,4093,"L:SCI:DH:40M+05N:FS:B4:D02 S:DB:DH:37W:B4, L:SCI:DH:40M+05N:FS:B4:D02 S:DB:DH:37W:B4",60019.59,10944.009,18.2341,99.802889,20.7893831,99.7131767,19.949408,98.3434765,19.4515839,101.2463804,22.1224927
2026-03-10,Descending,4,79,T4_F79,1553,L:SCI:SH:20M+05N:FS:B4:D09,59944.434,12094.16,20.1756,102.1227305,18.8042218,101.7939286,18.2051571,100.7008863,17.4712961,103.5588576,20.1331778
2026-03-10,Descending,4,80,T4_F80,1557,"L:SCI:DH:20M+05N:FS:B4:D09, L:SCI:DH:40M+05N:FS:B4:D02 | L:SCI:SH:20M+05N:FS:B4:D09, L:SCI:DH:40M+05N:FS:B4:D02",59884.933,57184.236,95.4902,101.5962255,16.8178237,101.6138883,16.7721575,100.1934426,15.4895128,103.0117269,18.1428888
2026-03-10,Descending,4,81,T4_F81,1561,L:SCI:DH:40M+05N:FS:B4:D02,59831.646,59831.646,100.0,101.0847152,14.830483,101.0847152,14.830483,99.6987276,13.5065998,102.4819202,16.1518495
2026-03-10,Descending,4,82,T4_F82,1565,L:SCI:DH:40M+05N:FS:B4:D02,59784.58,30850.025,51.602,100.5868684,12.8422823,100.5221042,13.2038364,99.2155277,11.5226574,101.9679795,14.1601251
2026-03-10,Descending,4,83,T4_F83,1569,,59743.75,8618.965,14.4266,100.1014738,10.8532943,99.2638868,10.8976142,98.7427314,9.5377739,101.4685847,12.167773
2026-03-10,Descending,4,84,T4_F84,1573,L:SCI:DH:40M+05N:FS:B4:D02,59709.171,34203.324,57.2832,99.6274241,8.8635826,99.2930162,8.6995935,98.2793152,7.5520271,100.9825361,10.1748432
2026-03-10,Descending,4,85,T4_F85,1577,"L:SCI:DH:40M+05N:FS:B4:D02, L:SCI:SH:20M+05N:FS:B4:D09 | L:SCI:DH:40M+05N:FS:B4:D02, L:SCI:DH:20M+05N:FS:B4:D09",59680.864,13440.227,22.5202,99.1637022,6.8732025,99.7384325,7.3815838,97.8243313,5.565485,100.5087394,8.1813789
2026-03-12,Ascending,40,5,T40_F5,15345,"L:SCI:DH:20M+05N:FS:B4:D09, L:SCI:DH:40M+05N:FS:B4:D02",59691.274,13791.961,23.1055,99.1430257,6.8729915,99.768846,7.4412602,97.7977867,5.5652226,100.4825957,8.1812181
2026-03-12,Ascending,40,6,T40_F6,15349,L:SCI:DH:40M+05N:FS:B4:D02,59719.699,31295.121,52.4033,98.6792785,8.8633744,99.0471001,8.8158619,97.3239636,7.5517675,100.027588,10.1746852
2026-03-12,Ascending,40,7,T40_F7,15353,"L:SCI:DH:40M+05N:FS:B4:D02, L:SCI:DH:40M+05N:FS:B4:D02 S:DB:DH:37W:B4",59754.373,6895.642,11.54,98.2052076,10.8530888,99.0130324,10.4518276,96.8378925,9.5375171,99.5641519,12.1676177
2026-03-12,Ascending,40,9,T40_F9,15361,L:SCI:DH:40M+05N:FS:B4:D02 S:DB:DH:37W:B4,59842.407,1216.742,2.0332,97.2219344,14.8302824,98.312511,14.9283171,95.8245225,13.5063479,98.6081265,16.1516989
2026-03-12,Ascending,40,11,T40_F11,15369,L:SCI:DH:40M+05N:FS:B4:D02 S:DB:DH:37W:B4,59955.272,196.044,0.327,96.1839,18.8040248,97.4656079,18.404956,94.7475631,17.4710477,97.6059518,20.133031
2026-03-12,Descending,33,78,T33_F78,12837,"L:SCI:DH:20M+05N:FS:B4:D09 | L:SCI:DH:20M+05N:FS:B4:D09, L:SCI:SH:20M+05N:FS:B4:D09",60011.459,4310.086,7.1821,98.5041904,20.7895698,99.1646991,19.8105252,97.060862,19.4518176,99.9634374,22.1226332
2026-03-12,Descending,33,79,T33_F79,12841,L:SCI:SH:20M+05N:FS:B4:D09,59945.857,34607.818,57.7318,97.9612353,18.8042055,98.4340916,18.6880662,96.5393692,17.4712739,99.3973822,20.1331673
2026-03-12,Descending,33,80,T33_F80,12845,L:SCI:SH:20M+05N:FS:B4:D09,59886.468,6824.429,11.3956,97.4347438,16.8178047,98.3693447,17.38101,96.0319369,15.4894874,98.8502672,18.1428761
2026-03-12,Descending,33,81,T33_F81,12849,"L:SCI:SH:20M+05N:FS:B4:D09, L:SCI:DH:20M+05N:FS:B4:D09 | L:SCI:DH:20M+05N:FS:B4:D09",59833.302,39.344,0.0658,96.9232466,14.8304614,98.1895448,15.1571582,95.537233,13.5065713,98.3204758,16.1518347
2026-03-15,Ascending,83,8,T83_F8,32325,,59793.402,1.028,0.0017,103.9628259,12.8420694,102.5897149,13.6074715,102.5815443,11.522391,105.3343368,14.1599645
2026-03-15,Ascending,83,9,T83_F9,32329,L:SCI:DH:40M+05N:FS:B4:D02,59840.444,45914.205,76.7277,103.4649527,14.8302745,103.4025486,15.0690931,102.067578,13.5063383,104.8511099,16.1516927
2026-03-15,Ascending,83,10,T83_F10,32333,L:SCI:DH:40M+05N:FS:B4:D02,59893.681,59861.405,99.9461,102.9534193,16.8176194,102.9535857,16.8170629,101.537749,15.4892562,104.3563711,18.1427357
2026-03-15,Ascending,83,11,T83_F11,32337,"L:SCI:DH:40M+05N:FS:B4:D02, L:SCI:DH:20M+05N:FS:B4:D09",59953.129,11347.579,18.9274,102.4268942,18.8040215,102.4525126,18.0926567,100.990599,17.471044,103.8489068,20.1330282
2026-03-15,Ascending,83,12,T83_F12,32341,,60018.775,304.816,0.5079,101.8839078,20.7893868,101.1082899,19.5326106,100.424511,19.4515888,103.3273841,22.1224952
2026-03-15,Descending,76,79,T76_F79,29781,"L:SCI:SH:20M+05N:FS:B4:D09, L:SCI:DH:40M+05N:FS:B4:D02 | L:SCI:DH:20M+05N:FS:B4:D09, L:SCI:DH:40M+05N:FS:B4:D02",59944.176,7093.964,11.8343,104.2035445,18.8042141,103.7092591,18.0458456,102.7817018,17.4712876,105.639671,20.1331709
2026-03-15,Descending,76,80,T76_F80,29785,L:SCI:DH:40M+05N:FS:B4:D02,59884.619,56572.302,94.4688,103.6770296,16.8178173,103.6244684,16.7841561,102.2742492,15.4895059,105.0925293,18.142883
2026-03-15,Descending,76,81,T76_F81,29789,L:SCI:DH:40M+05N:FS:B4:D02,59831.28,48922.576,81.7676,103.1655095,14.830478,103.0791425,15.0151783,101.7795255,13.5065945,104.5627119,16.1518447
2026-03-15,Descending,76,82,T76_F82,29793,"L:SCI:DH:40M+05N:FS:B4:D02, L:SCI:SH:20M+05N:FS:B4:D09 | L:SCI:DH:40M+05N:FS:B4:D02, L:SCI:DH:20M+05N:FS:B4:D09",59784.157,18496.892,30.9395,102.6676531,12.8422786,102.1208718,13.1620513,101.296317,11.5226537,104.0487606,14.1601213
2026-03-15,Descending,76,83,T76_F83,29797,L:SCI:SH:20M+05N:FS:B4:D09,59743.27,145.453,0.2435,102.1822491,10.8532918,102.648151,11.6717332,100.8235123,9.5377716,103.5493553,12.1677702
2026-03-15,Descending,76,85,T76_F85,29805,L:SCI:DH:40M+05N:FS:B4:D02,59680.265,18920.13,31.7025,101.2444586,6.8732024,101.0578562,6.5414828,99.9050955,5.5654857,102.5894891,8.1813781
2026-03-15,Descending,76,86,T76_F86,29809,L:SCI:DH:40M+05N:FS:B4:D02,59658.183,822.13,1.3781,100.7901158,4.8822031,101.1586688,5.7979817,99.4576522,3.578209,102.1269311,6.1874175
2026-03-17,Ascending,112,4,T112_F4,43681,L:SCI:DH:40M+05N:FS:B4:D02,59668.731,1819.516,3.0494,101.6783939,4.8819775,101.5073004,5.8616717,100.3413773,3.5779286,103.0110579,6.1872458
2026-03-17,Ascending,112,5,T112_F5,43685,L:SCI:DH:40M+05N:FS:B4:D02,59690.857,20302.735,34.0131,101.2240267,6.8729816,100.9660573,6.6218174,99.8787954,5.5652104,102.5635898,8.1812107
2026-03-17,Ascending,112,6,T112_F6,43689,"L:SCI:DH:40M+05N:FS:B4:D02, L:SCI:DH:20M+05N:FS:B4:D09",59719.243,9091.405,15.2236,100.760275,8.8633653,99.933179,8.4380963,99.4049685,7.5517563,102.1085768,10.1746783
2026-03-17,Ascending,112,7,T112_F7,43693,,59753.881,4235.801,7.0887,100.2861996,10.8530806,99.415354,11.1050983,98.9188939,9.5375068,101.6451355,12.1676114
2026-03-17,Ascending,112,8,T112_F8,43697,L:SCI:DH:40M+05N:FS:B4:D02 S:DB:DH:37W:B4,59794.748,23760.796,39.7373,99.8007831,12.8420719,99.8264836,13.1670157,98.4194767,11.522394,101.1723177,14.1599665
2026-03-17,Ascending,112,9,T112_F9,43701,L:SCI:DH:40M+05N:FS:B4:D02 S:DB:DH:37W:B4,59841.835,49172.186,82.1703,99.3029178,14.8302758,99.4849137,14.8989959,97.905517,13.5063398,100.6890998,16.1516939
2026-03-17,Ascending,112,10,T112_F10,43705,L:SCI:DH:40M+05N:FS:B4:D02 S:DB:DH:37W:B4,59895.124,39974.454,66.7407,98.7913922,16.8176194,99.1483272,16.9434464,97.3756945,15.4892559,100.1943701,18.1427359
2026-03-17,Ascending,112,11,T112_F11,43709,L:SCI:DH:40M+05N:FS:B4:D02 S:DB:DH:37W:B4,59954.619,40773.197,68.0068,98.2648749,18.8040201,98.5779005,18.7116129,96.828551,17.4710419,99.6869147,20.1330274
2026-03-17,Ascending,112,12,T112_F12,43713,L:SCI:DH:40M+05N:FS:B4:D02 S:DB:DH:37W:B4,60020.319,202.315,0.3371,97.7218962,20.7893839,98.8492255,19.9803614,96.2624693,19.4515848,99.1654012,22.1224934
2026-03-17,Descending,105,78,T105_F78,41261,"L:SCI:DH:20M+05N:FS:B4:D09, L:SCI:DH:40M+05N:FS:B4:D02",60010.606,6764.51,11.2722,100.5849175,20.7895834,100.0011147,20.0638949,99.1416034,19.4518354,102.0441511,22.1226428
2026-03-17,Descending,105,79,T105_F79,41265,L:SCI:DH:40M+05N:FS:B4:D02,59944.941,56560.566,94.3542,100.0419571,18.8042203,99.9870316,18.7688789,98.6201063,17.4712932,101.4780896,20.1331777
2026-03-17,Descending,105,80,T105_F80,41269,"L:SCI:DH:40M+05N:FS:B4:D02, L:SCI:SH:20M+05N:FS:B4:D09 | L:SCI:DH:40M+05N:FS:B4:D02, L:SCI:DH:20M+05N:FS:B4:D09",59885.504,55074.042,91.9656,99.5154606,16.8178207,99.6073938,16.8571487,98.1126699,15.4895081,100.9309686,18.1428876
2026-03-17,Descending,105,81,T105_F81,41273,L:SCI:SH:20M+05N:FS:B4:D09,59832.279,42182.712,70.5016,99.0039585,14.8304786,99.3187036,14.8696919,97.6179621,13.5065934,100.4011714,16.151847
2026-03-17,Descending,105,82,T105_F82,41277,L:SCI:SH:20M+05N:FS:B4:D09,59785.279,8770.464,14.6699,98.5061198,12.8422765,99.463611,13.1451117,97.1347691,11.5226493,99.8872399,14.1601216
2026-03-17,Descending,105,83,T105_F83,41281,L:SCI:SH:20M+05N:FS:B4:D09,59744.511,5976.923,10.0041,98.0207332,10.8532871,98.8802018,10.2592656,96.6619796,9.5377641,99.3878542,12.1677684
2026-03-17,Descending,105,84,T105_F84,41285,L:SCI:SH:20M+05N:FS:B4:D09,59710.0,8013.714,13.4211,97.5466915,8.8635739,98.5093059,8.9194045,96.1985702,7.5520156,98.9018147,10.1748375
2026-03-20,Ascending,155,9,T155_F9,60533,L:SCI:DH:20M+05N:FS:B4:D09,59839.606,20483.755,34.2311,105.5459921,14.8302794,104.9343681,15.1142664,104.1486332,13.5063446,106.9321341,16.1516964
2026-03-20,Ascending,155,10,T155_F10,60537,L:SCI:DH:20M+05N:FS:B4:D09,59892.834,25616.14,42.77,105.0344558,16.817625,104.4058392,16.6174166,103.6188018,15.4892631,106.4373919,18.14274
2026-03-20,Ascending,155,11,T155_F11,60541,L:SCI:DH:20M+05N:FS:B4:D09,59952.252,6686.768,11.1535,104.5079278,18.8040277,103.8595031,17.9364105,103.0716495,17.4710519,105.9299241,20.1330328
2026-03-20,Descending,148,80,T148_F80,58193,L:SCI:DH:20M+05N:FS:B4:D09,59884.249,6780.302,11.3223,105.7578483,16.8178104,104.7752705,16.3750848,104.3550721,15.4894981,107.1733443,18.1428769
2026-03-20,Descending,148,81,T148_F81,58197,L:SCI:DH:20M+05N:FS:B4:D09,59830.873,26912.189,44.9804,105.2463195,14.8304718,104.8178006,15.1606795,103.8603403,13.5065877,106.6435175,16.1518392
2026-03-20,Descending,148,85,T148_F85,58213,L:SCI:DH:40M+05N:FS:B4:D02,59679.725,141.276,0.2367,103.3252344,6.8731991,102.0351209,6.1634222,101.9858784,5.5654821,104.6702583,8.181375
2026-03-20,Descending,148,86,T148_F86,58217,L:SCI:DH:40M+05N:FS:B4:D02,59657.604,97.597,0.1636,102.8708829,4.8822004,102.024228,6.1144042,101.5384271,3.5782062,104.207691,6.1874149
2026-03-22,Ascending,11,7,T11_F7,4073,"L:SCI:DH:20M+05N:FS:B4:D09, L:SCI:DH:40M+05N:FS:B4:D02",59753.297,243.512,0.4075,102.3672131,10.853076,102.7044377,11.7726956,100.9999181,9.5375012,103.7261389,12.1676079
2026-03-22,Ascending,11,8,T11_F8,4077,L:SCI:DH:40M+05N:FS:B4:D02,59794.139,28668.162,47.9448,101.8817924,12.842068,101.8136389,13.2143551,100.5004973,11.5223892,103.2533163,14.1599636
2026-03-22,Ascending,11,9,T11_F9,4081,L:SCI:DH:40M+05N:FS:B4:D02,59841.192,59823.713,99.9708,101.3839229,14.8302726,101.3841518,14.8306459,99.9865342,13.506336,102.7700935,16.1516913
2026-03-22,Ascending,11,10,T11_F10,4085,,59894.455,56491.654,94.3187,100.8723932,16.817617,100.8464147,16.7562767,99.4567084,15.489253,102.275359,18.142734
2026-03-22,Ascending,11,11,T11_F11,4089,"L:SCI:DH:40M+05N:FS:B4:D02, L:SCI:DH:40M+05N:FS:B4:D02 S:DB:DH:37W:B4",59953.913,47596.047,79.3877,100.3458718,18.8040184,100.1282328,18.7425673,98.9095615,17.4710401,101.7678988,20.133026
2026-03-22,Ascending,11,12,T11_F12,4093,"L:SCI:DH:40M+05N:FS:B4:D02 S:DB:DH:37W:B4, L:SCI:DH:40M+05N:FS:B4:D02 S:DB:DH:37W:B4",60019.59,10944.009,18.2341,99.802889,20.7893831,99.7131767,19.949408,98.3434765,19.4515839,101.2463804,22.1224927
2026-03-22,Descending,4,79,T4_F79,1553,L:SCI:DH:20M+05N:FS:B4:D09,59944.434,12094.16,20.1756,102.1227305,18.8042218,101.7939286,18.2051571,100.7008863,17.4712961,103.5588576,20.1331778
2026-03-22,Descending,4,80,T4_F80,1557,"L:SCI:DH:20M+05N:FS:B4:D09, L:SCI:DH:40M+05N:FS:B4:D02 | L:SCI:SH:20M+05N:FS:B4:D09, L:SCI:DH:40M+05N:FS:B4:D02",59884.933,57184.236,95.4902,101.5962255,16.8178237,101.6138883,16.7721575,100.1934426,15.4895128,103.0117269,18.1428888
2026-03-22,Descending,4,81,T4_F81,1561,L:SCI:DH:40M+05N:FS:B4:D02,59831.646,59831.646,100.0,101.0847152,14.830483,101.0847152,14.830483,99.6987276,13.5065998,102.4819202,16.1518495
2026-03-22,Descending,4,82,T4_F82,1565,L:SCI:DH:40M+05N:FS:B4:D02,59784.58,30850.025,51.602,100.5868684,12.8422823,100.5221042,13.2038364,99.2155277,11.5226574,101.9679795,14.1601251
2026-03-22,Descending,4,83,T4_F83,1569,,59743.75,8618.965,14.4266,100.1014738,10.8532943,99.2638868,10.8976142,98.7427314,9.5377739,101.4685847,12.167773
2026-03-22,Descending,4,84,T4_F84,1573,L:SCI:DH:40M+05N:FS:B4:D02,59709.171,34203.324,57.2832,99.6274241,8.8635826,99.2930162,8.6995935,98.2793152,7.5520271,100.9825361,10.1748432
2026-03-22,Descending,4,85,T4_F85,1577,"L:SCI:DH:40M+05N:FS:B4:D02, L:SCI:SH:20M+05N:FS:B4:D09 | L:SCI:DH:40M+05N:FS:B4:D02, L:SCI:DH:20M+05N:FS:B4:D09",59680.864,13440.227,22.5202,99.1637022,6.8732025,99.7384325,7.3815838,97.8243313,5.565485,100.5087394,8.1813789
2026-03-24,Ascending,40,5,T40_F5,15345,"L:SCI:DH:20M+05N:FS:B4:D09, L:SCI:DH:40M+05N:FS:B4:D02",59691.274,13791.961,23.1055,99.1430257,6.8729915,99.768846,7.4412602,97.7977867,5.5652226,100.4825957,8.1812181
2026-03-24,Ascending,40,6,T40_F6,15349,L:SCI:DH:40M+05N:FS:B4:D02,59719.699,31295.121,52.4033,98.6792785,8.8633744,99.0471001,8.8158619,97.3239636,7.5517675,100.027588,10.1746852
2026-03-24,Ascending,40,7,T40_F7,15353,"L:SCI:DH:40M+05N:FS:B4:D02, L:SCI:DH:40M+05N:FS:B4:D02 S:DB:DH:37W:B4",59754.373,6895.642,11.54,98.2052076,10.8530888,99.0130324,10.4518276,96.8378925,9.5375171,99.5641519,12.1676177
2026-03-24,Ascending,40,9,T40_F9,15361,L:SCI:DH:40M+05N:FS:B4:D02 S:DB:DH:37W:B4,59842.407,1216.742,2.0332,97.2219344,14.8302824,98.312511,14.9283171,95.8245225,13.5063479,98.6081265,16.1516989
2026-03-24,Ascending,40,11,T40_F11,15369,L:SCI:DH:40M+05N:FS:B4:D02 S:DB:DH:37W:B4,59955.272,196.044,0.327,96.1839,18.8040248,97.4656079,18.404956,94.7475631,17.4710477,97.6059518,20.133031
2026-03-24,Descending,33,78,T33_F78,12837,L:SCI:DH:20M+05N:FS:B4:D09,60011.459,4310.086,7.1821,98.5041904,20.7895698,99.1646991,19.8105252,97.060862,19.4518176,99.9634374,22.1226332
2026-03-24,Descending,33,79,T33_F79,12841,L:SCI:DH:20M+05N:FS:B4:D09,59945.857,34607.818,57.7318,97.9612353,18.8042055,98.4340916,18.6880662,96.5393692,17.4712739,99.3973822,20.1331673
2026-03-24,Descending,33,80,T33_F80,12845,L:SCI:DH:20M+05N:FS:B4:D09,59886.468,6824.429,11.3956,97.4347438,16.8178047,98.3693447,17.38101,96.0319369,15.4894874,98.8502672,18.1428761
2026-03-24,Descending,33,81,T33_F81,12849,L:SCI:SH:20M+05N:FS:B4:D09,59833.302,39.344,0.0658,96.9232466,14.8304614,98.1895448,15.1571582,95.537233,13.5065713,98.3204758,16.1518347
2026-03-27,Ascending,83,8,T83_F8,32325,,59793.402,1.028,0.0017,103.9628259,12.8420694,102.5897149,13.6074715,102.5815443,11.522391,105.3343368,14.1599645
2026-03-27,Ascending,83,9,T83_F9,32329,L:SCI:DH:40M+05N:FS:B4:D02,59840.444,45914.205,76.7277,103.4649527,14.8302745,103.4025486,15.0690931,102.067578,13.5063383,104.8511099,16.1516927
2026-03-27,Ascending,83,10,T83_F10,32333,L:SCI:DH:40M+05N:FS:B4:D02,59893.681,59861.405,99.9461,102.9534193,16.8176194,102.9535857,16.8170629,101.537749,15.4892562,104.3563711,18.1427357
2026-03-27,Ascending,83,11,T83_F11,32337,"L:SCI:DH:40M+05N:FS:B4:D02, L:SCI:DH:20M+05N:FS:B4:D09",59953.129,11347.579,18.9274,102.4268942,18.8040215,102.4525126,18.0926567,100.990599,17.471044,103.8489068,20.1330282
2026-03-27,Ascending,83,12,T83_F12,32341,,60018.775,304.816,0.5079,101.8839078,20.7893868,101.1082899,19.5326106,100.424511,19.4515888,103.3273841,22.1224952
2026-03-27,Descending,76,79,T76_F79,29781,"L:SCI:SH:20M+05N:FS:B4:D09, L:SCI:DH:40M+05N:FS:B4:D02 | L:SCI:DH:20M+05N:FS:B4:D09, L:SCI:DH:40M+05N:FS:B4:D02",59944.176,7093.964,11.8343,104.2035445,18.8042141,103.7092591,18.0458456,102.7817018,17.4712876,105.639671,20.1331709
2026-03-27,Descending,76,80,T76_F80,29785,L:SCI:DH:40M+05N:FS:B4:D02,59884.619,56572.302,94.4688,103.6770296,16.8178173,103.6244684,16.7841561,102.2742492,15.4895059,105.0925293,18.142883
2026-03-27,Descending,76,81,T76_F81,29789,L:SCI:DH:40M+05N:FS:B4:D02,59831.28,48922.576,81.7676,103.1655095,14.830478,103.0791425,15.0151783,101.7795255,13.5065945,104.5627119,16.1518447
2026-03-27,Descending,76,82,T76_F82,29793,"L:SCI:DH:40M+05N:FS:B4:D02, L:SCI:SH:20M+05N:FS:B4:D09 | L:SCI:DH:40M+05N:FS:B4:D02, L:SCI:DH:20M+05N:FS:B4:D09",59784.157,18496.892,30.9395,102.6676531,12.8422786,102.1208718,13.1620513,101.296317,11.5226537,104.0487606,14.1601213
2026-03-27,Descending,76,83,T76_F83,29797,L:SCI:DH:20M+05N:FS:B4:D09,59743.27,145.453,0.2435,102.1822491,10.8532918,102.648151,11.6717332,100.8235123,9.5377716,103.5493553,12.1677702
2026-03-27,Descending,76,85,T76_F85,29805,L:SCI:DH:40M+05N:FS:B4:D02,59680.265,18920.13,31.7025,101.2444586,6.8732024,101.0578562,6.5414828,99.9050955,5.5654857,102.5894891,8.1813781
2026-03-27,Descending,76,86,T76_F86,29809,L:SCI:DH:40M+05N:FS:B4:D02,59658.183,822.13,1.3781,100.7901158,4.8822031,101.1586688,5.7979817,99.4576522,3.578209,102.1269311,6.1874175
2026-03-29,Ascending,112,4,T112_F4,43681,L:SCI:DH:40M+05N:FS:B4:D02,59668.731,1819.516,3.0494,101.6783939,4.8819775,101.5073004,5.8616717,100.3413773,3.5779286,103.0110579,6.1872458
2026-03-29,Ascending,112,5,T112_F5,43685,L:SCI:DH:40M+05N:FS:B4:D02,59690.857,20302.735,34.0131,101.2240267,6.8729816,100.9660573,6.6218174,99.8787954,5.5652104,102.5635898,8.1812107
2026-03-29,Ascending,112,6,T112_F6,43689,"L:SCI:DH:40M+05N:FS:B4:D02, L:SCI:DH:20M+05N:FS:B4:D09",59719.243,9091.405,15.2236,100.760275,8.8633653,99.933179,8.4380963,99.4049685,7.5517563,102.1085768,10.1746783
2026-03-29,Ascending,112,7,T112_F7,43693,,59753.881,4235.801,7.0887,100.2861996,10.8530806,99.415354,11.1050983,98.9188939,9.5375068,101.6451355,12.1676114
2026-03-29,Ascending,112,8,T112_F8,43697,L:SCI:DH:40M+05N:FS:B4:D02 S:DB:DH:37W:B4,59794.748,23760.796,39.7373,99.8007831,12.8420719,99.8264836,13.1670157,98.4194767,11.522394,101.1723177,14.1599665
2026-03-29,Ascending,112,9,T112_F9,43701,L:SCI:DH:40M+05N:FS:B4:D02 S:DB:DH:37W:B4,59841.835,49172.186,82.1703,99.3029178,14.8302758,99.4849137,14.8989959,97.905517,13.5063398,100.6890998,16.1516939
2026-03-29,Ascending,112,10,T112_F10,43705,L:SCI:DH:40M+05N:FS:B4:D02 S:DB:DH:37W:B4,59895.124,39974.454,66.7407,98.7913922,16.8176194,99.1483272,16.9434464,97.3756945,15.4892559,100.1943701,18.1427359
2026-03-29,Ascending,112,11,T112_F11,43709,L:SCI:DH:40M+05N:FS:B4:D02 S:DB:DH:37W:B4,59954.619,40773.197,68.0068,98.2648749,18.8040201,98.5779005,18.7116129,96.828551,17.4710419,99.6869147,20.1330274
2026-03-29,Ascending,112,12,T112_F12,43713,L:SCI:DH:40M+05N:FS:B4:D02 S:DB:DH:37W:B4,60020.319,202.315,0.3371,97.7218962,20.7893839,98.8492255,19.9803614,96.2624693,19.4515848,99.1654012,22.1224934
2026-03-29,Descending,105,78,T105_F78,41261,"L:SCI:DH:20M+05N:FS:B4:D09, L:SCI:DH:40M+05N:FS:B4:D02",60010.606,6764.51,11.2722,100.5849175,20.7895834,100.0011147,20.0638949,99.1416034,19.4518354,102.0441511,22.1226428
2026-03-29,Descending,105,79,T105_F79,41265,L:SCI:DH:40M+05N:FS:B4:D02,59944.941,56560.566,94.3542,100.0419571,18.8042203,99.9870316,18.7688789,98.6201063,17.4712932,101.4780896,20.1331777
2026-03-29,Descending,105,80,T105_F80,41269,"L:SCI:DH:40M+05N:FS:B4:D02, L:SCI:SH:20M+05N:FS:B4:D09 | L:SCI:DH:40M+05N:FS:B4:D02, L:SCI:DH:20M+05N:FS:B4:D09",59885.504,55074.042,91.9656,99.5154606,16.8178207,99.6073938,16.8571487,98.1126699,15.4895081,100.9309686,18.1428876
2026-03-29,Descending,105,81,T105_F81,41273,L:SCI:DH:20M+05N:FS:B4:D09,59832.279,42182.712,70.5016,99.0039585,14.8304786,99.3187036,14.8696919,97.6179621,13.5065934,100.4011714,16.151847
2026-03-29,Descending,105,82,T105_F82,41277,L:SCI:DH:20M+05N:FS:B4:D09,59785.279,8770.464,14.6699,98.5061198,12.8422765,99.463611,13.1451117,97.1347691,11.5226493,99.8872399,14.1601216
2026-03-29,Descending,105,83,T105_F83,41281,L:SCI:DH:20M+05N:FS:B4:D09,59744.511,5976.923,10.0041,98.0207332,10.8532871,98.8802018,10.2592656,96.6619796,9.5377641,99.3878542,12.1677684
2026-03-29,Descending,105,84,T105_F84,41285,L:SCI:DH:20M+05N:FS:B4:D09,59710.0,8013.714,13.4211,97.5466915,8.8635739,98.5093059,8.9194045,96.1985702,7.5520156,98.9018147,10.1748375
2026-04-01,Ascending,155,9,T155_F9,60533,L:SCI:DH:20M+05N:FS:B4:D09,59839.606,20483.755,34.2311,105.5459921,14.8302794,104.9343681,15.1142664,104.1486332,13.5063446,106.9321341,16.1516964
2026-04-01,Ascending,155,10,T155_F10,60537,L:SCI:DH:20M+05N:FS:B4:D09,59892.834,25616.14,42.77,105.0344558,16.817625,104.4058392,16.6174166,103.6188018,15.4892631,106.4373919,18.14274
2026-04-01,Ascending,155,11,T155_F11,60541,L:SCI:DH:20M+05N:FS:B4:D09,59952.252,6686.768,11.1535,104.5079278,18.8040277,103.8595031,17.9364105,103.0716495,17.4710519,105.9299241,20.1330328
2026-04-01,Descending,148,80,T148_F80,58193,L:SCI:SH:20M+05N:FS:B4:D09,59884.249,6780.302,11.3223,105.7578483,16.8178104,104.7752705,16.3750848,104.3550721,15.4894981,107.1733443,18.1428769
2026-04-01,Descending,148,81,T148_F81,58197,L:SCI:SH:20M+05N:FS:B4:D09,59830.873,26912.189,44.9804,105.2463195,14.8304718,104.8178006,15.1606795,103.8603403,13.5065877,106.6435175,16.1518392
2026-04-01,Descending,148,85,T148_F85,58213,L:SCI:DH:40M+05N:FS:B4:D02,59679.725,141.276,0.2367,103.3252344,6.8731991,102.0351209,6.1634222,101.9858784,5.5654821,104.6702583,8.181375
2026-04-01,Descending,148,86,T148_F86,58217,L:SCI:DH:40M+05N:FS:B4:D02,59657.604,97.597,0.1636,102.8708829,4.8822004,102.024228,6.1144042,101.5384271,3.5782062,104.207691,6.1874149
2026-04-03,Ascending,11,7,T11_F7,4073,"L:SCI:DH:20M+05N:FS:B4:D09, L:SCI:DH:40M+05N:FS:B4:D02",59753.297,243.512,0.4075,102.3672131,10.853076,102.7044377,11.7726956,100.9999181,9.5375012,103.7261389,12.1676079
2026-04-03,Ascending,11,8,T11_F8,4077,L:SCI:DH:40M+05N:FS:B4:D02,59794.139,28668.162,47.9448,101.8817924,12.842068,101.8136389,13.2143551,100.5004973,11.5223892,103.2533163,14.1599636
2026-04-03,Ascending,11,9,T11_F9,4081,L:SCI:DH:40M+05N:FS:B4:D02,59841.192,59823.713,99.9708,101.3839229,14.8302726,101.3841518,14.8306459,99.9865342,13.506336,102.7700935,16.1516913
2026-04-03,Ascending,11,10,T11_F10,4085,,59894.455,56491.654,94.3187,100.8723932,16.817617,100.8464147,16.7562767,99.4567084,15.489253,102.275359,18.142734
2026-04-03,Ascending,11,11,T11_F11,4089,"L:SCI:DH:40M+05N:FS:B4:D02, L:SCI:DH:40M+05N:FS:B4:D02 S:DB:DH:37W:B4",59953.913,47596.047,79.3877,100.3458718,18.8040184,100.1282328,18.7425673,98.9095615,17.4710401,101.7678988,20.133026
2026-04-03,Ascending,11,12,T11_F12,4093,"L:SCI:DH:40M+05N:FS:B4:D02 S:DB:DH:37W:B4, L:SCI:DH:40M+05N:FS:B4:D02 S:DB:DH:37W:B4",60019.59,10944.009,18.2341,99.802889,20.7893831,99.7131767,19.949408,98.3434765,19.4515839,101.2463804,22.1224927
2026-04-03,Descending,4,79,T4_F79,1553,L:SCI:SH:20M+05N:FS:B4:D09,59944.434,12094.16,20.1756,102.1227305,18.8042218,101.7939286,18.2051571,100.7008863,17.4712961,103.5588576,20.1331778
2026-04-03,Descending,4,80,T4_F80,1557,"L:SCI:DH:20M+05N:FS:B4:D09, L:SCI:DH:40M+05N:FS:B4:D02 | L:SCI:SH:20M+05N:FS:B4:D09, L:SCI:DH:40M+05N:FS:B4:D02",59884.933,57184.236,95.4902,101.5962255,16.8178237,101.6138883,16.7721575,100.1934426,15.4895128,103.0117269,18.1428888
2026-04-03,Descending,4,81,T4_F81,1561,L:SCI:DH:40M+05N:FS:B4:D02,59831.646,59831.646,100.0,101.0847152,14.830483,101.0847152,14.830483,99.6987276,13.5065998,102.4819202,16.1518495
2026-04-03,Descending,4,82,T4_F82,1565,L:SCI:DH:40M+05N:FS:B4:D02,59784.58,30850.025,51.602,100.5868684,12.8422823,100.5221042,13.2038364,99.2155277,11.5226574,101.9679795,14.1601251
2026-04-03,Descending,4,83,T4_F83,1569,,59743.75,8618.965,14.4266,100.1014738,10.8532943,99.2638868,10.8976142,98.7427314,9.5377739,101.4685847,12.167773
2026-04-03,Descending,4,84,T4_F84,1573,L:SCI:DH:40M+05N:FS:B4:D02,59709.171,34203.324,57.2832,99.6274241,8.8635826,99.2930162,8.6995935,98.2793152,7.5520271,100.9825361,10.1748432
2026-04-03,Descending,4,85,T4_F85,1577,"L:SCI:DH:40M+05N:FS:B4:D02, L:SCI:SH:20M+05N:FS:B4:D09 | L:SCI:DH:40M+05N:FS:B4:D02, L:SCI:DH:20M+05N:FS:B4:D09",59680.864,13440.227,22.5202,99.1637022,6.8732025,99.7384325,7.3815838,97.8243313,5.565485,100.5087394,8.1813789
2026-04-05,Ascending,40,5,T40_F5,15345,"L:SCI:DH:20M+05N:FS:B4:D09, L:SCI:DH:40M+05N:FS:B4:D02",59691.274,13791.961,23.1055,99.1430257,6.8729915,99.768846,7.4412602,97.7977867,5.5652226,100.4825957,8.1812181
2026-04-05,Ascending,40,6,T40_F6,15349,L:SCI:DH:40M+05N:FS:B4:D02,59719.699,31295.121,52.4033,98.6792785,8.8633744,99.0471001,8.8158619,97.3239636,7.5517675,100.027588,10.1746852
2026-04-05,Ascending,40,7,T40_F7,15353,"L:SCI:DH:40M+05N:FS:B4:D02, L:SCI:DH:40M+05N:FS:B4:D02 S:DB:DH:37W:B4",59754.373,6895.642,11.54,98.2052076,10.8530888,99.0130324,10.4518276,96.8378925,9.5375171,99.5641519,12.1676177
2026-04-05,Ascending,40,9,T40_F9,15361,L:SCI:DH:40M+05N:FS:B4:D02 S:DB:DH:37W:B4,59842.407,1216.742,2.0332,97.2219344,14.8302824,98.312511,14.9283171,95.8245225,13.5063479,98.6081265,16.1516989
2026-04-05,Ascending,40,11,T40_F11,15369,L:SCI:DH:40M+05N:FS:B4:D02 S:DB:DH:37W:B4,59955.272,196.044,0.327,96.1839,18.8040248,97.4656079,18.404956,94.7475631,17.4710477,97.6059518,20.133031
2026-04-05,Descending,33,78,T33_F78,12837,"L:SCI:DH:20M+05N:FS:B4:D09, L:SCI:SH:20M+05N:FS:B4:D09 | L:SCI:DH:20M+05N:FS:B4:D09",60011.459,4310.086,7.1821,98.5041904,20.7895698,99.1646991,19.8105252,97.060862,19.4518176,99.9634374,22.1226332
2026-04-05,Descending,33,79,T33_F79,12841,L:SCI:SH:20M+05N:FS:B4:D09,59945.857,34607.818,57.7318,97.9612353,18.8042055,98.4340916,18.6880662,96.5393692,17.4712739,99.3973822,20.1331673
2026-04-05,Descending,33,80,T33_F80,12845,L:SCI:SH:20M+05N:FS:B4:D09,59886.468,6824.429,11.3956,97.4347438,16.8178047,98.3693447,17.38101,96.0319369,15.4894874,98.8502672,18.1428761
2026-04-05,Descending,33,81,T33_F81,12849,L:SCI:DH:20M+05N:FS:B4:D09,59833.302,39.344,0.0658,96.9232466,14.8304614,98.1895448,15.1571582,95.537233,13.5065713,98.3204758,16.1518347
2026-04-08,Ascending,83,8,T83_F8,32325,,59793.402,1.028,0.0017,103.9628259,12.8420694,102.5897149,13.6074715,102.5815443,11.522391,105.3343368,14.1599645
2026-04-08,Ascending,83,9,T83_F9,32329,L:SCI:DH:40M+05N:FS:B4:D02,59840.444,45914.205,76.7277,103.4649527,14.8302745,103.4025486,15.0690931,102.067578,13.5063383,104.8511099,16.1516927
2026-04-08,Ascending,83,10,T83_F10,32333,L:SCI:DH:40M+05N:FS:B4:D02,59893.681,59861.405,99.9461,102.9534193,16.8176194,102.9535857,16.8170629,101.537749,15.4892562,104.3563711,18.1427357
2026-04-08,Ascending,83,11,T83_F11,32337,"L:SCI:DH:40M+05N:FS:B4:D02, L:SCI:DH:20M+05N:FS:B4:D09",59953.129,11347.579,18.9274,102.4268942,18.8040215,102.4525126,18.0926567,100.990599,17.471044,103.8489068,20.1330282
2026-04-08,Ascending,83,12,T83_F12,32341,,60018.775,304.816,0.5079,101.8839078,20.7893868,101.1082899,19.5326106,100.424511,19.4515888,103.3273841,22.1224952
2026-04-08,Descending,76,79,T76_F79,29781,"L:SCI:SH:20M+05N:FS:B4:D09, L:SCI:DH:40M+05N:FS:B4:D02 | L:SCI:DH:20M+05N:FS:B4:D09, L:SCI:DH:40M+05N:FS:B4:D02",59944.176,7093.964,11.8343,104.2035445,18.8042141,103.7092591,18.0458456,102.7817018,17.4712876,105.639671,20.1331709
2026-04-08,Descending,76,80,T76_F80,29785,L:SCI:DH:40M+05N:FS:B4:D02,59884.619,56572.302,94.4688,103.6770296,16.8178173,103.6244684,16.7841561,102.2742492,15.4895059,105.0925293,18.142883
2026-04-08,Descending,76,81,T76_F81,29789,L:SCI:DH:40M+05N:FS:B4:D02,59831.28,48922.576,81.7676,103.1655095,14.830478,103.0791425,15.0151783,101.7795255,13.5065945,104.5627119,16.1518447
2026-04-08,Descending,76,82,T76_F82,29793,"L:SCI:DH:40M+05N:FS:B4:D02, L:SCI:SH:20M+05N:FS:B4:D09 | L:SCI:DH:40M+05N:FS:B4:D02, L:SCI:DH:20M+05N:FS:B4:D09",59784.157,18496.892,30.9395,102.6676531,12.8422786,102.1208718,13.1620513,101.296317,11.5226537,104.0487606,14.1601213
2026-04-08,Descending,76,83,T76_F83,29797,L:SCI:SH:20M+05N:FS:B4:D09,59743.27,145.453,0.2435,102.1822491,10.8532918,102.648151,11.6717332,100.8235123,9.5377716,103.5493553,12.1677702
2026-04-08,Descending,76,85,T76_F85,29805,L:SCI:DH:40M+05N:FS:B4:D02,59680.265,18920.13,31.7025,101.2444586,6.8732024,101.0578562,6.5414828,99.9050955,5.5654857,102.5894891,8.1813781
2026-04-08,Descending,76,86,T76_F86,29809,L:SCI:DH:40M+05N:FS:B4:D02,59658.183,822.13,1.3781,100.7901158,4.8822031,101.1586688,5.7979817,99.4576522,3.578209,102.1269311,6.1874175
2026-04-10,Ascending,112,4,T112_F4,43681,L:SCI:DH:40M+05N:FS:B4:D02,59668.731,1819.516,3.0494,101.6783939,4.8819775,101.5073004,5.8616717,100.3413773,3.5779286,103.0110579,6.1872458
2026-04-10,Ascending,112,5,T112_F5,43685,L:SCI:DH:40M+05N:FS:B4:D02,59690.857,20302.735,34.0131,101.2240267,6.8729816,100.9660573,6.6218174,99.8787954,5.5652104,102.5635898,8.1812107
2026-04-10,Ascending,112,6,T112_F6,43689,"L:SCI:DH:40M+05N:FS:B4:D02, L:SCI:DH:20M+05N:FS:B4:D09",59719.243,9091.405,15.2236,100.760275,8.8633653,99.933179,8.4380963,99.4049685,7.5517563,102.1085768,10.1746783
2026-04-10,Ascending,112,7,T112_F7,43693,,59753.881,4235.801,7.0887,100.2861996,10.8530806,99.415354,11.1050983,98.9188939,9.5375068,101.6451355,12.1676114
2026-04-10,Ascending,112,8,T112_F8,43697,L:SCI:DH:40M+05N:FS:B4:D02 S:DB:DH:37W:B4,59794.748,23760.796,39.7373,99.8007831,12.8420719,99.8264836,13.1670157,98.4194767,11.522394,101.1723177,14.1599665
2026-04-10,Ascending,112,9,T112_F9,43701,L:SCI:DH:40M+05N:FS:B4:D02 S:DB:DH:37W:B4,59841.835,49172.186,82.1703,99.3029178,14.8302758,99.4849137,14.8989959,97.905517,13.5063398,100.6890998,16.1516939
2026-04-10,Ascending,112,10,T112_F10,43705,L:SCI:DH:40M+05N:FS:B4:D02 S:DB:DH:37W:B4,59895.124,39974.454,66.7407,98.7913922,16.8176194,99.1483272,16.9434464,97.3756945,15.4892559,100.1943701,18.1427359
2026-04-10,Ascending,112,11,T112_F11,43709,L:SCI:DH:40M+05N:FS:B4:D02 S:DB:DH:37W:B4,59954.619,40773.197,68.0068,98.2648749,18.8040201,98.5779005,18.7116129,96.828551,17.4710419,99.6869147,20.1330274
2026-04-10,Ascending,112,12,T112_F12,43713,L:SCI:DH:40M+05N:FS:B4:D02 S:DB:DH:37W:B4,60020.319,202.315,0.3371,97.7218962,20.7893839,98.8492255,19.9803614,96.2624693,19.4515848,99.1654012,22.1224934
2026-04-10,Descending,105,78,T105_F78,41261,"L:SCI:DH:20M+05N:FS:B4:D09, L:SCI:DH:40M+05N:FS:B4:D02",60010.606,6764.51,11.2722,100.5849175,20.7895834,100.0011147,20.0638949,99.1416034,19.4518354,102.0441511,22.1226428
2026-04-10,Descending,105,79,T105_F79,41265,L:SCI:DH:40M+05N:FS:B4:D02,59944.941,56560.566,94.3542,100.0419571,18.8042203,99.9870316,18.7688789,98.6201063,17.4712932,101.4780896,20.1331777
2026-04-10,Descending,105,80,T105_F80,41269,"L:SCI:DH:40M+05N:FS:B4:D02, L:SCI:SH:20M+05N:FS:B4:D09 | L:SCI:DH:40M+05N:FS:B4:D02, L:SCI:DH:20M+05N:FS:B4:D09",59885.504,55074.042,91.9656,99.5154606,16.8178207,99.6073938,16.8571487,98.1126699,15.4895081,100.9309686,18.1428876
2026-04-10,Descending,105,81,T105_F81,41273,L:SCI:SH:20M+05N:FS:B4:D09,59832.279,42182.712,70.5016,99.0039585,14.8304786,99.3187036,14.8696919,97.6179621,13.5065934,100.4011714,16.151847
2026-04-10,Descending,105,82,T105_F82,41277,L:SCI:SH:20M+05N:FS:B4:D09,59785.279,8770.464,14.6699,98.5061198,12.8422765,99.463611,13.1451117,97.1347691,11.5226493,99.8872399,14.1601216
2026-04-10,Descending,105,83,T105_F83,41281,L:SCI:SH:20M+05N:FS:B4:D09,59744.511,5976.923,10.0041,98.0207332,10.8532871,98.8802018,10.2592656,96.6619796,9.5377641,99.3878542,12.1677684
2026-04-10,Descending,105,84,T105_F84,41285,L:SCI:SH:20M+05N:FS:B4:D09,59710.0,8013.714,13.4211,97.5466915,8.8635739,98.5093059,8.9194045,96.1985702,7.5520156,98.9018147,10.1748375
2026-04-13,Ascending,155,9,T155_F9,60533,L:SCI:DH:20M+05N:FS:B4:D09,59839.606,20483.755,34.2311,105.5459921,14.8302794,104.9343681,15.1142664,104.1486332,13.5063446,106.9321341,16.1516964
2026-04-13,Ascending,155,10,T155_F10,60537,L:SCI:DH:20M+05N:FS:B4:D09,59892.834,25616.14,42.77,105.0344558,16.817625,104.4058392,16.6174166,103.6188018,15.4892631,106.4373919,18.14274
2026-04-13,Ascending,155,11,T155_F11,60541,L:SCI:DH:20M+05N:FS:B4:D09,59952.252,6686.768,11.1535,104.5079278,18.8040277,103.8595031,17.9364105,103.0716495,17.4710519,105.9299241,20.1330328
2026-04-13,Descending,148,80,T148_F80,58193,L:SCI:DH:20M+05N:FS:B4:D09,59884.249,6780.302,11.3223,105.7578483,16.8178104,104.7752705,16.3750848,104.3550721,15.4894981,107.1733443,18.1428769
2026-04-13,Descending,148,81,T148_F81,58197,L:SCI:DH:20M+05N:FS:B4:D09,59830.873,26912.189,44.9804,105.2463195,14.8304718,104.8178006,15.1606795,103.8603403,13.5065877,106.6435175,16.1518392
2026-04-13,Descending,148,85,T148_F85,58213,L:SCI:DH:40M+05N:FS:B4:D02,59679.725,141.276,0.2367,103.3252344,6.8731991,102.0351209,6.1634222,101.9858784,5.5654821,104.6702583,8.181375
2026-04-13,Descending,148,86,T148_F86,58217,L:SCI:DH:40M+05N:FS:B4:D02,59657.604,97.597,0.1636,102.8708829,4.8822004,102.024228,6.1144042,101.5384271,3.5782062,104.207691,6.1874149
2026-04-15,Ascending,11,7,T11_F7,4073,"L:SCI:DH:20M+05N:FS:B4:D09, L:SCI:DH:40M+05N:FS:B4:D02",59753.297,243.512,0.4075,102.3672131,10.853076,102.7044377,11.7726956,100.9999181,9.5375012,103.7261389,12.1676079
2026-04-15,Ascending,11,8,T11_F8,4077,L:SCI:DH:40M+05N:FS:B4:D02,59794.139,28668.162,47.9448,101.8817924,12.842068,101.8136389,13.2143551,100.5004973,11.5223892,103.2533163,14.1599636
2026-04-15,Ascending,11,9,T11_F9,4081,L:SCI:DH:40M+05N:FS:B4:D02,59841.192,59823.713,99.9708,101.3839229,14.8302726,101.3841518,14.8306459,99.9865342,13.506336,102.7700935,16.1516913
2026-04-15,Ascending,11,10,T11_F10,4085,,59894.455,56491.654,94.3187,100.8723932,16.817617,100.8464147,16.7562767,99.4567084,15.489253,102.275359,18.142734
2026-04-15,Ascending,11,11,T11_F11,4089,"L:SCI:DH:40M+05N:FS:B4:D02, L:SCI:DH:40M+05N:FS:B4:D02 S:DB:DH:37W:B4",59953.913,47596.047,79.3877,100.3458718,18.8040184,100.1282328,18.7425673,98.9095615,17.4710401,101.7678988,20.133026
2026-04-15,Ascending,11,12,T11_F12,4093,"L:SCI:DH:40M+05N:FS:B4:D02 S:DB:DH:37W:B4, L:SCI:DH:40M+05N:FS:B4:D02 S:DB:DH:37W:B4",60019.59,10944.009,18.2341,99.802889,20.7893831,99.7131767,19.949408,98.3434765,19.4515839,101.2463804,22.1224927
2026-04-15,Descending,4,79,T4_F79,1553,L:SCI:DH:20M+05N:FS:B4:D09,59944.434,12094.16,20.1756,102.1227305,18.8042218,101.7939286,18.2051571,100.7008863,17.4712961,103.5588576,20.1331778
2026-04-15,Descending,4,80,T4_F80,1557,"L:SCI:DH:20M+05N:FS:B4:D09, L:SCI:DH:40M+05N:FS:B4:D02 | L:SCI:SH:20M+05N:FS:B4:D09, L:SCI:DH:40M+05N:FS:B4:D02",59884.933,57184.236,95.4902,101.5962255,16.8178237,101.6138883,16.7721575,100.1934426,15.4895128,103.0117269,18.1428888
2026-04-15,Descending,4,81,T4_F81,1561,L:SCI:DH:40M+05N:FS:B4:D02,59831.646,59831.646,100.0,101.0847152,14.830483,101.0847152,14.830483,99.6987276,13.5065998,102.4819202,16.1518495
2026-04-15,Descending,4,82,T4_F82,1565,L:SCI:DH:40M+05N:FS:B4:D02,59784.58,30850.025,51.602,100.5868684,12.8422823,100.5221042,13.2038364,99.2155277,11.5226574,101.9679795,14.1601251
2026-04-15,Descending,4,83,T4_F83,1569,,59743.75,8618.965,14.4266,100.1014738,10.8532943,99.2638868,10.8976142,98.7427314,9.5377739,101.4685847,12.167773
2026-04-15,Descending,4,84,T4_F84,1573,L:SCI:DH:40M+05N:FS:B4:D02,59709.171,34203.324,57.2832,99.6274241,8.8635826,99.2930162,8.6995935,98.2793152,7.5520271,100.9825361,10.1748432
2026-04-15,Descending,4,85,T4_F85,1577,"L:SCI:DH:40M+05N:FS:B4:D02, L:SCI:SH:20M+05N:FS:B4:D09 | L:SCI:DH:40M+05N:FS:B4:D02, L:SCI:DH:20M+05N:FS:B4:D09",59680.864,13440.227,22.5202,99.1637022,6.8732025,99.7384325,7.3815838,97.8243313,5.565485,100.5087394,8.1813789
2026-04-17,Ascending,40,5,T40_F5,15345,"L:SCI:DH:20M+05N:FS:B4:D09, L:SCI:DH:40M+05N:FS:B4:D02",59691.274,13791.961,23.1055,99.1430257,6.8729915,99.768846,7.4412602,97.7977867,5.5652226,100.4825957,8.1812181
2026-04-17,Ascending,40,6,T40_F6,15349,L:SCI:DH:40M+05N:FS:B4:D02,59719.699,31295.121,52.4033,98.6792785,8.8633744,99.0471001,8.8158619,97.3239636,7.5517675,100.027588,10.1746852
2026-04-17,Ascending,40,7,T40_F7,15353,"L:SCI:DH:40M+05N:FS:B4:D02, L:SCI:DH:40M+05N:FS:B4:D02 S:DB:DH:37W:B4",59754.373,6895.642,11.54,98.2052076,10.8530888,99.0130324,10.4518276,96.8378925,9.5375171,99.5641519,12.1676177
2026-04-17,Ascending,40,9,T40_F9,15361,L:SCI:DH:40M+05N:FS:B4:D02 S:DB:DH:37W:B4,59842.407,1216.742,2.0332,97.2219344,14.8302824,98.312511,14.9283171,95.8245225,13.5063479,98.6081265,16.1516989
2026-04-17,Ascending,40,11,T40_F11,15369,L:SCI:DH:40M+05N:FS:B4:D02 S:DB:DH:37W:B4,59955.272,196.044,0.327,96.1839,18.8040248,97.4656079,18.404956,94.7475631,17.4710477,97.6059518,20.133031
2026-04-17,Descending,33,78,T33_F78,12837,"L:SCI:DH:20M+05N:FS:B4:D09, L:SCI:SH:20M+05N:FS:B4:D09",60011.459,4310.086,7.1821,98.5041904,20.7895698,99.1646991,19.8105252,97.060862,19.4518176,99.9634374,22.1226332
2026-04-17,Descending,33,79,T33_F79,12841,L:SCI:DH:20M+05N:FS:B4:D09,59945.857,34607.818,57.7318,97.9612353,18.8042055,98.4340916,18.6880662,96.5393692,17.4712739,99.3973822,20.1331673
2026-04-17,Descending,33,80,T33_F80,12845,L:SCI:DH:20M+05N:FS:B4:D09,59886.468,6824.429,11.3956,97.4347438,16.8178047,98.3693447,17.38101,96.0319369,15.4894874,98.8502672,18.1428761
2026-04-17,Descending,33,81,T33_F81,12849,L:SCI:SH:20M+05N:FS:B4:D09,59833.302,39.344,0.0658,96.9232466,14.8304614,98.1895448,15.1571582,95.537233,13.5065713,98.3204758,16.1518347
2026-04-20,Ascending,83,8,T83_F8,32325,,59793.402,1.028,0.0017,103.9628259,12.8420694,102.5897149,13.6074715,102.5815443,11.522391,105.3343368,14.1599645
2026-04-20,Ascending,83,9,T83_F9,32329,L:SCI:DH:40M+05N:FS:B4:D02,59840.444,45914.205,76.7277,103.4649527,14.8302745,103.4025486,15.0690931,102.067578,13.5063383,104.8511099,16.1516927
2026-04-20,Ascending,83,10,T83_F10,32333,L:SCI:DH:40M+05N:FS:B4:D02,59893.681,59861.405,99.9461,102.9534193,16.8176194,102.9535857,16.8170629,101.537749,15.4892562,104.3563711,18.1427357
2026-04-20,Ascending,83,11,T83_F11,32337,"L:SCI:DH:40M+05N:FS:B4:D02, L:SCI:DH:20M+05N:FS:B4:D09",59953.129,11347.579,18.9274,102.4268942,18.8040215,102.4525126,18.0926567,100.990599,17.471044,103.8489068,20.1330282
2026-04-20,Ascending,83,12,T83_F12,32341,,60018.775,304.816,0.5079,101.8839078,20.7893868,101.1082899,19.5326106,100.424511,19.4515888,103.3273841,22.1224952
2026-04-20,Descending,76,79,T76_F79,29781,"L:SCI:SH:20M+05N:FS:B4:D09, L:SCI:DH:40M+05N:FS:B4:D02 | L:SCI:DH:20M+05N:FS:B4:D09, L:SCI:DH:40M+05N:FS:B4:D02",59944.176,7093.964,11.8343,104.2035445,18.8042141,103.7092591,18.0458456,102.7817018,17.4712876,105.639671,20.1331709
2026-04-20,Descending,76,80,T76_F80,29785,L:SCI:DH:40M+05N:FS:B4:D02,59884.619,56572.302,94.4688,103.6770296,16.8178173,103.6244684,16.7841561,102.2742492,15.4895059,105.0925293,18.142883
2026-04-20,Descending,76,81,T76_F81,29789,L:SCI:DH:40M+05N:FS:B4:D02,59831.28,48922.576,81.7676,103.1655095,14.830478,103.0791425,15.0151783,101.7795255,13.5065945,104.5627119,16.1518447
2026-04-20,Descending,76,82,T76_F82,29793,"L:SCI:DH:40M+05N:FS:B4:D02, L:SCI:SH:20M+05N:FS:B4:D09 | L:SCI:DH:40M+05N:FS:B4:D02, L:SCI:DH:20M+05N:FS:B4:D09",59784.157,18496.892,30.9395,102.6676531,12.8422786,102.1208718,13.1620513,101.296317,11.5226537,104.0487606,14.1601213
2026-04-20,Descending,76,83,T76_F83,29797,L:SCI:DH:20M+05N:FS:B4:D09,59743.27,145.453,0.2435,102.1822491,10.8532918,102.648151,11.6717332,100.8235123,9.5377716,103.5493553,12.1677702
2026-04-20,Descending,76,85,T76_F85,29805,L:SCI:DH:40M+05N:FS:B4:D02,59680.265,18920.13,31.7025,101.2444586,6.8732024,101.0578562,6.5414828,99.9050955,5.5654857,102.5894891,8.1813781
2026-04-20,Descending,76,86,T76_F86,29809,L:SCI:DH:40M+05N:FS:B4:D02,59658.183,822.13,1.3781,100.7901158,4.8822031,101.1586688,5.7979817,99.4576522,3.578209,102.1269311,6.1874175
2026-04-22,Ascending,112,4,T112_F4,43681,L:SCI:DH:40M+05N:FS:B4:D02,59668.731,1819.516,3.0494,101.6783939,4.8819775,101.5073004,5.8616717,100.3413773,3.5779286,103.0110579,6.1872458
2026-04-22,Ascending,112,5,T112_F5,43685,L:SCI:DH:40M+05N:FS:B4:D02,59690.857,20302.735,34.0131,101.2240267,6.8729816,100.9660573,6.6218174,99.8787954,5.5652104,102.5635898,8.1812107
2026-04-22,Ascending,112,6,T112_F6,43689,"L:SCI:DH:40M+05N:FS:B4:D02, L:SCI:DH:20M+05N:FS:B4:D09",59719.243,9091.405,15.2236,100.760275,8.8633653,99.933179,8.4380963,99.4049685,7.5517563,102.1085768,10.1746783
2026-04-22,Ascending,112,7,T112_F7,43693,,59753.881,4235.801,7.0887,100.2861996,10.8530806,99.415354,11.1050983,98.9188939,9.5375068,101.6451355,12.1676114
2026-04-22,Ascending,112,8,T112_F8,43697,L:SCI:DH:40M+05N:FS:B4:D02 S:DB:DH:37W:B4,59794.748,23760.796,39.7373,99.8007831,12.8420719,99.8264836,13.1670157,98.4194767,11.522394,101.1723177,14.1599665
2026-04-22,Ascending,112,9,T112_F9,43701,L:SCI:DH:40M+05N:FS:B4:D02 S:DB:DH:37W:B4,59841.835,49172.186,82.1703,99.3029178,14.8302758,99.4849137,14.8989959,97.905517,13.5063398,100.6890998,16.1516939
2026-04-22,Ascending,112,10,T112_F10,43705,L:SCI:DH:40M+05N:FS:B4:D02 S:DB:DH:37W:B4,59895.124,39974.454,66.7407,98.7913922,16.8176194,99.1483272,16.9434464,97.3756945,15.4892559,100.1943701,18.1427359
2026-04-22,Ascending,112,11,T112_F11,43709,L:SCI:DH:40M+05N:FS:B4:D02 S:DB:DH:37W:B4,59954.619,40773.197,68.0068,98.2648749,18.8040201,98.5779005,18.7116129,96.828551,17.4710419,99.6869147,20.1330274
2026-04-22,Ascending,112,12,T112_F12,43713,L:SCI:DH:40M+05N:FS:B4:D02 S:DB:DH:37W:B4,60020.319,202.315,0.3371,97.7218962,20.7893839,98.8492255,19.9803614,96.2624693,19.4515848,99.1654012,22.1224934
2026-04-22,Descending,105,78,T105_F78,41261,"L:SCI:DH:20M+05N:FS:B4:D09, L:SCI:DH:40M+05N:FS:B4:D02",60010.606,6764.51,11.2722,100.5849175,20.7895834,100.0011147,20.0638949,99.1416034,19.4518354,102.0441511,22.1226428
2026-04-22,Descending,105,79,T105_F79,41265,L:SCI:DH:40M+05N:FS:B4:D02,59944.941,56560.566,94.3542,100.0419571,18.8042203,99.9870316,18.7688789,98.6201063,17.4712932,101.4780896,20.1331777
2026-04-22,Descending,105,80,T105_F80,41269,"L:SCI:DH:40M+05N:FS:B4:D02, L:SCI:SH:20M+05N:FS:B4:D09 | L:SCI:DH:40M+05N:FS:B4:D02, L:SCI:DH:20M+05N:FS:B4:D09",59885.504,55074.042,91.9656,99.5154606,16.8178207,99.6073938,16.8571487,98.1126699,15.4895081,100.9309686,18.1428876
2026-04-22,Descending,105,81,T105_F81,41273,L:SCI:DH:20M+05N:FS:B4:D09,59832.279,42182.712,70.5016,99.0039585,14.8304786,99.3187036,14.8696919,97.6179621,13.5065934,100.4011714,16.151847
2026-04-22,Descending,105,82,T105_F82,41277,L:SCI:DH:20M+05N:FS:B4:D09,59785.279,8770.464,14.6699,98.5061198,12.8422765,99.463611,13.1451117,97.1347691,11.5226493,99.8872399,14.1601216
2026-04-22,Descending,105,83,T105_F83,41281,L:SCI:DH:20M+05N:FS:B4:D09,59744.511,5976.923,10.0041,98.0207332,10.8532871,98.8802018,10.2592656,96.6619796,9.5377641,99.3878542,12.1677684
2026-04-22,Descending,105,84,T105_F84,41285,L:SCI:DH:20M+05N:FS:B4:D09,59710.0,8013.714,13.4211,97.5466915,8.8635739,98.5093059,8.9194045,96.1985702,7.5520156,98.9018147,10.1748375
2026-04-25,Ascending,155,9,T155_F9,60533,L:SCI:DH:20M+05N:FS:B4:D09,59839.606,20483.755,34.2311,105.5459921,14.8302794,104.9343681,15.1142664,104.1486332,13.5063446,106.9321341,16.1516964
2026-04-25,Ascending,155,10,T155_F10,60537,L:SCI:DH:20M+05N:FS:B4:D09,59892.834,25616.14,42.77,105.0344558,16.817625,104.4058392,16.6174166,103.6188018,15.4892631,106.4373919,18.14274
2026-04-25,Ascending,155,11,T155_F11,60541,L:SCI:DH:20M+05N:FS:B4:D09,59952.252,6686.768,11.1535,104.5079278,18.8040277,103.8595031,17.9364105,103.0716495,17.4710519,105.9299241,20.1330328
2026-04-25,Descending,148,80,T148_F80,58193,L:SCI:SH:20M+05N:FS:B4:D09,59884.249,6780.302,11.3223,105.7578483,16.8178104,104.7752705,16.3750848,104.3550721,15.4894981,107.1733443,18.1428769
2026-04-25,Descending,148,81,T148_F81,58197,L:SCI:SH:20M+05N:FS:B4:D09,59830.873,26912.189,44.9804,105.2463195,14.8304718,104.8178006,15.1606795,103.8603403,13.5065877,106.6435175,16.1518392
2026-04-25,Descending,148,85,T148_F85,58213,L:SCI:DH:40M+05N:FS:B4:D02,59679.725,141.276,0.2367,103.3252344,6.8731991,102.0351209,6.1634222,101.9858784,5.5654821,104.6702583,8.181375
2026-04-25,Descending,148,86,T148_F86,58217,L:SCI:DH:40M+05N:FS:B4:D02,59657.604,97.597,0.1636,102.8708829,4.8822004,102.024228,6.1144042,101.5384271,3.5782062,104.207691,6.1874149
2026-04-27,Ascending,11,7,T11_F7,4073,"L:SCI:DH:20M+05N:FS:B4:D09, L:SCI:DH:40M+05N:FS:B4:D02",59753.297,243.512,0.4075,102.3672131,10.853076,102.7044377,11.7726956,100.9999181,9.5375012,103.7261389,12.1676079
2026-04-27,Ascending,11,8,T11_F8,4077,L:SCI:DH:40M+05N:FS:B4:D02,59794.139,28668.162,47.9448,101.8817924,12.842068,101.8136389,13.2143551,100.5004973,11.5223892,103.2533163,14.1599636
2026-04-27,Ascending,11,9,T11_F9,4081,L:SCI:DH:40M+05N:FS:B4:D02,59841.192,59823.713,99.9708,101.3839229,14.8302726,101.3841518,14.8306459,99.9865342,13.506336,102.7700935,16.1516913
2026-04-27,Ascending,11,10,T11_F10,4085,,59894.455,56491.654,94.3187,100.8723932,16.817617,100.8464147,16.7562767,99.4567084,15.489253,102.275359,18.142734
2026-04-27,Ascending,11,11,T11_F11,4089,"L:SCI:DH:40M+05N:FS:B4:D02, L:SCI:DH:40M+05N:FS:B4:D02 S:DB:DH:37W:B4",59953.913,47596.047,79.3877,100.3458718,18.8040184,100.1282328,18.7425673,98.9095615,17.4710401,101.7678988,20.133026
2026-04-27,Ascending,11,12,T11_F12,4093,"L:SCI:DH:40M+05N:FS:B4:D02 S:DB:DH:37W:B4, L:SCI:DH:40M+05N:FS:B4:D02 S:DB:DH:37W:B4",60019.59,10944.009,18.2341,99.802889,20.7893831,99.7131767,19.949408,98.3434765,19.4515839,101.2463804,22.1224927
2026-04-27,Descending,4,79,T4_F79,1553,L:SCI:SH:20M+05N:FS:B4:D09,59944.434,12094.16,20.1756,102.1227305,18.8042218,101.7939286,18.2051571,100.7008863,17.4712961,103.5588576,20.1331778
2026-04-27,Descending,4,80,T4_F80,1557,"L:SCI:DH:20M+05N:FS:B4:D09, L:SCI:DH:40M+05N:FS:B4:D02 | L:SCI:SH:20M+05N:FS:B4:D09, L:SCI:DH:40M+05N:FS:B4:D02",59884.933,57184.236,95.4902,101.5962255,16.8178237,101.6138883,16.7721575,100.1934426,15.4895128,103.0117269,18.1428888
2026-04-27,Descending,4,81,T4_F81,1561,L:SCI:DH:40M+05N:FS:B4:D02,59831.646,59831.646,100.0,101.0847152,14.830483,101.0847152,14.830483,99.6987276,13.5065998,102.4819202,16.1518495
2026-04-27,Descending,4,82,T4_F82,1565,L:SCI:DH:40M+05N:FS:B4:D02,59784.58,30850.025,51.602,100.5868684,12.8422823,100.5221042,13.2038364,99.2155277,11.5226574,101.9679795,14.1601251
2026-04-27,Descending,4,83,T4_F83,1569,,59743.75,8618.965,14.4266,100.1014738,10.8532943,99.2638868,10.8976142,98.7427314,9.5377739,101.4685847,12.167773
2026-04-27,Descending,4,84,T4_F84,1573,L:SCI:DH:40M+05N:FS:B4:D02,59709.171,34203.324,57.2832,99.6274241,8.8635826,99.2930162,8.6995935,98.2793152,7.5520271,100.9825361,10.1748432
2026-04-27,Descending,4,85,T4_F85,1577,,59680.864,13440.227,22.5202,99.1637022,6.8732025,99.7384325,7.3815838,97.8243313,5.565485,100.5087394,8.1813789
2026-04-29,Ascending,40,5,T40_F5,15345,"L:SCI:DH:20M+05N:FS:B4:D09, L:SCI:DH:40M+05N:FS:B4:D02",59691.274,13791.961,23.1055,99.1430257,6.8729915,99.768846,7.4412602,97.7977867,5.5652226,100.4825957,8.1812181
2026-04-29,Ascending,40,6,T40_F6,15349,L:SCI:DH:40M+05N:FS:B4:D02,59719.699,31295.121,52.4033,98.6792785,8.8633744,99.0471001,8.8158619,97.3239636,7.5517675,100.027588,10.1746852
2026-04-29,Ascending,40,7,T40_F7,15353,"L:SCI:DH:40M+05N:FS:B4:D02, L:SCI:DH:40M+05N:FS:B4:D02 S:DB:DH:37W:B4",59754.373,6895.642,11.54,98.2052076,10.8530888,99.0130324,10.4518276,96.8378925,9.5375171,99.5641519,12.1676177
2026-04-29,Ascending,40,9,T40_F9,15361,L:SCI:DH:40M+05N:FS:B4:D02 S:DB:DH:37W:B4,59842.407,1216.742,2.0332,97.2219344,14.8302824,98.312511,14.9283171,95.8245225,13.5063479,98.6081265,16.1516989
2026-04-29,Ascending,40,11,T40_F11,15369,L:SCI:DH:40M+05N:FS:B4:D02 S:DB:DH:37W:B4,59955.272,196.044,0.327,96.1839,18.8040248,97.4656079,18.404956,94.7475631,17.4710477,97.6059518,20.133031
2026-04-29,Descending,33,78,T33_F78,12837,"L:SCI:DH:20M+05N:FS:B4:D09 | L:SCI:DH:20M+05N:FS:B4:D09, L:SCI:SH:20M+05N:FS:B4:D09",60011.459,4310.086,7.1821,98.5041904,20.7895698,99.1646991,19.8105252,97.060862,19.4518176,99.9634374,22.1226332
2026-04-29,Descending,33,79,T33_F79,12841,L:SCI:SH:20M+05N:FS:B4:D09,59945.857,34607.818,57.7318,97.9612353,18.8042055,98.4340916,18.6880662,96.5393692,17.4712739,99.3973822,20.1331673
2026-04-29,Descending,33,80,T33_F80,12845,L:SCI:SH:20M+05N:FS:B4:D09,59886.468,6824.429,11.3956,97.4347438,16.8178047,98.3693447,17.38101,96.0319369,15.4894874,98.8502672,18.1428761
2026-04-29,Descending,33,81,T33_F81,12849,L:SCI:DH:20M+05N:FS:B4:D09,59833.302,39.344,0.0658,96.9232466,14.8304614,98.1895448,15.1571582,95.537233,13.5065713,98.3204758,16.1518347
2026-05-02,Ascending,83,8,T83_F8,32325,,59793.402,1.028,0.0017,103.9628259,12.8420694,102.5897149,13.6074715,102.5815443,11.522391,105.3343368,14.1599645
2026-05-02,Ascending,83,9,T83_F9,32329,L:SCI:DH:40M+05N:FS:B4:D02,59840.444,45914.205,76.7277,103.4649527,14.8302745,103.4025486,15.0690931,102.067578,13.5063383,104.8511099,16.1516927
2026-05-02,Ascending,83,10,T83_F10,32333,L:SCI:DH:40M+05N:FS:B4:D02,59893.681,59861.405,99.9461,102.9534193,16.8176194,102.9535857,16.8170629,101.537749,15.4892562,104.3563711,18.1427357
2026-05-02,Ascending,83,11,T83_F11,32337,"L:SCI:DH:40M+05N:FS:B4:D02, L:SCI:DH:20M+05N:FS:B4:D09",59953.129,11347.579,18.9274,102.4268942,18.8040215,102.4525126,18.0926567,100.990599,17.471044,103.8489068,20.1330282
2026-05-02,Ascending,83,12,T83_F12,32341,,60018.775,304.816,0.5079,101.8839078,20.7893868,101.1082899,19.5326106,100.424511,19.4515888,103.3273841,22.1224952
2026-05-02,Descending,76,79,T76_F79,29781,"L:SCI:SH:20M+05N:FS:B4:D09, L:SCI:DH:40M+05N:FS:B4:D02 | L:SCI:DH:20M+05N:FS:B4:D09, L:SCI:DH:40M+05N:FS:B4:D02",59944.176,7093.964,11.8343,104.2035445,18.8042141,103.7092591,18.0458456,102.7817018,17.4712876,105.639671,20.1331709
2026-05-02,Descending,76,80,T76_F80,29785,L:SCI:DH:40M+05N:FS:B4:D02,59884.619,56572.302,94.4688,103.6770296,16.8178173,103.6244684,16.7841561,102.2742492,15.4895059,105.0925293,18.142883
2026-05-02,Descending,76,81,T76_F81,29789,L:SCI:DH:40M+05N:FS:B4:D02,59831.28,48922.576,81.7676,103.1655095,14.830478,103.0791425,15.0151783,101.7795255,13.5065945,104.5627119,16.1518447
2026-05-02,Descending,76,82,T76_F82,29793,"L:SCI:DH:40M+05N:FS:B4:D02, L:SCI:SH:20M+05N:FS:B4:D09 | L:SCI:DH:40M+05N:FS:B4:D02, L:SCI:DH:20M+05N:FS:B4:D09",59784.157,18496.892,30.9395,102.6676531,12.8422786,102.1208718,13.1620513,101.296317,11.5226537,104.0487606,14.1601213
2026-05-02,Descending,76,83,T76_F83,29797,L:SCI:SH:20M+05N:FS:B4:D09,59743.27,145.453,0.2435,102.1822491,10.8532918,102.648151,11.6717332,100.8235123,9.5377716,103.5493553,12.1677702
2026-05-02,Descending,76,85,T76_F85,29805,L:SCI:DH:40M+05N:FS:B4:D02,59680.265,18920.13,31.7025,101.2444586,6.8732024,101.0578562,6.5414828,99.9050955,5.5654857,102.5894891,8.1813781
2026-05-02,Descending,76,86,T76_F86,29809,L:SCI:DH:40M+05N:FS:B4:D02,59658.183,822.13,1.3781,100.7901158,4.8822031,101.1586688,5.7979817,99.4576522,3.578209,102.1269311,6.1874175
2026-05-04,Ascending,112,4,T112_F4,43681,L:SCI:DH:40M+05N:FS:B4:D02,59668.731,1819.516,3.0494,101.6783939,4.8819775,101.5073004,5.8616717,100.3413773,3.5779286,103.0110579,6.1872458
2026-05-04,Ascending,112,5,T112_F5,43685,L:SCI:DH:40M+05N:FS:B4:D02,59690.857,20302.735,34.0131,101.2240267,6.8729816,100.9660573,6.6218174,99.8787954,5.5652104,102.5635898,8.1812107
2026-05-04,Ascending,112,6,T112_F6,43689,"L:SCI:DH:40M+05N:FS:B4:D02, L:SCI:DH:20M+05N:FS:B4:D09",59719.243,9091.405,15.2236,100.760275,8.8633653,99.933179,8.4380963,99.4049685,7.5517563,102.1085768,10.1746783
2026-05-04,Ascending,112,7,T112_F7,43693,,59753.881,4235.801,7.0887,100.2861996,10.8530806,99.415354,11.1050983,98.9188939,9.5375068,101.6451355,12.1676114
2026-05-04,Ascending,112,8,T112_F8,43697,L:SCI:DH:40M+05N:FS:B4:D02 S:DB:DH:37W:B4,59794.748,23760.796,39.7373,99.8007831,12.8420719,99.8264836,13.1670157,98.4194767,11.522394,101.1723177,14.1599665
2026-05-04,Ascending,112,9,T112_F9,43701,L:SCI:DH:40M+05N:FS:B4:D02 S:DB:DH:37W:B4,59841.835,49172.186,82.1703,99.3029178,14.8302758,99.4849137,14.8989959,97.905517,13.5063398,100.6890998,16.1516939
2026-05-04,Ascending,112,10,T112_F10,43705,L:SCI:DH:40M+05N:FS:B4:D02 S:DB:DH:37W:B4,59895.124,39974.454,66.7407,98.7913922,16.8176194,99.1483272,16.9434464,97.3756945,15.4892559,100.1943701,18.1427359
2026-05-04,Ascending,112,11,T112_F11,43709,L:SCI:DH:40M+05N:FS:B4:D02 S:DB:DH:37W:B4,59954.619,40773.197,68.0068,98.2648749,18.8040201,98.5779005,18.7116129,96.828551,17.4710419,99.6869147,20.1330274
2026-05-04,Ascending,112,12,T112_F12,43713,L:SCI:DH:40M+05N:FS:B4:D02 S:DB:DH:37W:B4,60020.319,202.315,0.3371,97.7218962,20.7893839,98.8492255,19.9803614,96.2624693,19.4515848,99.1654012,22.1224934
2026-05-04,Descending,105,78,T105_F78,41261,"L:SCI:DH:20M+05N:FS:B4:D09, L:SCI:DH:40M+05N:FS:B4:D02",60010.606,6764.51,11.2722,100.5849175,20.7895834,100.0011147,20.0638949,99.1416034,19.4518354,102.0441511,22.1226428
2026-05-04,Descending,105,79,T105_F79,41265,L:SCI:DH:40M+05N:FS:B4:D02,59944.941,56560.566,94.3542,100.0419571,18.8042203,99.9870316,18.7688789,98.6201063,17.4712932,101.4780896,20.1331777
2026-05-04,Descending,105,80,T105_F80,41269,"L:SCI:DH:40M+05N:FS:B4:D02, L:SCI:SH:20M+05N:FS:B4:D09 | L:SCI:DH:40M+05N:FS:B4:D02, L:SCI:DH:20M+05N:FS:B4:D09",59885.504,55074.042,91.9656,99.5154606,16.8178207,99.6073938,16.8571487,98.1126699,15.4895081,100.9309686,18.1428876
2026-05-04,Descending,105,81,T105_F81,41273,L:SCI:SH:20M+05N:FS:B4:D09,59832.279,42182.712,70.5016,99.0039585,14.8304786,99.3187036,14.8696919,97.6179621,13.5065934,100.4011714,16.151847
2026-05-04,Descending,105,82,T105_F82,41277,L:SCI:SH:20M+05N:FS:B4:D09,59785.279,8770.464,14.6699,98.5061198,12.8422765,99.463611,13.1451117,97.1347691,11.5226493,99.8872399,14.1601216
2026-05-04,Descending,105,83,T105_F83,41281,L:SCI:SH:20M+05N:FS:B4:D09,59744.511,5976.923,10.0041,98.0207332,10.8532871,98.8802018,10.2592656,96.6619796,9.5377641,99.3878542,12.1677684
2026-05-04,Descending,105,84,T105_F84,41285,L:SCI:SH:20M+05N:FS:B4:D09,59710.0,8013.714,13.4211,97.5466915,8.8635739,98.5093059,8.9194045,96.1985702,7.5520156,98.9018147,10.1748375
2026-05-07,Ascending,155,9,T155_F9,60533,L:SCI:DH:20M+05N:FS:B4:D09,59839.606,20483.755,34.2311,105.5459921,14.8302794,104.9343681,15.1142664,104.1486332,13.5063446,106.9321341,16.1516964
2026-05-07,Ascending,155,10,T155_F10,60537,L:SCI:DH:20M+05N:FS:B4:D09,59892.834,25616.14,42.77,105.0344558,16.817625,104.4058392,16.6174166,103.6188018,15.4892631,106.4373919,18.14274
2026-05-07,Ascending,155,11,T155_F11,60541,L:SCI:DH:20M+05N:FS:B4:D09,59952.252,6686.768,11.1535,104.5079278,18.8040277,103.8595031,17.9364105,103.0716495,17.4710519,105.9299241,20.1330328
2026-05-07,Descending,148,80,T148_F80,58193,L:SCI:DH:20M+05N:FS:B4:D09,59884.249,6780.302,11.3223,105.7578483,16.8178104,104.7752705,16.3750848,104.3550721,15.4894981,107.1733443,18.1428769
2026-05-07,Descending,148,81,T148_F81,58197,L:SCI:DH:20M+05N:FS:B4:D09,59830.873,26912.189,44.9804,105.2463195,14.8304718,104.8178006,15.1606795,103.8603403,13.5065877,106.6435175,16.1518392
2026-05-07,Descending,148,85,T148_F85,58213,L:SCI:DH:40M+05N:FS:B4:D02,59679.725,141.276,0.2367,103.3252344,6.8731991,102.0351209,6.1634222,101.9858784,5.5654821,104.6702583,8.181375
2026-05-07,Descending,148,86,T148_F86,58217,L:SCI:DH:40M+05N:FS:B4:D02,59657.604,97.597,0.1636,102.8708829,4.8822004,102.024228,6.1144042,101.5384271,3.5782062,104.207691,6.1874149
2026-05-09,Ascending,11,7,T11_F7,4073,"L:SCI:DH:20M+05N:FS:B4:D09, L:SCI:DH:40M+05N:FS:B4:D02",59753.297,243.512,0.4075,102.3672131,10.853076,102.7044377,11.7726956,100.9999181,9.5375012,103.7261389,12.1676079
2026-05-09,Ascending,11,8,T11_F8,4077,L:SCI:DH:40M+05N:FS:B4:D02,59794.139,28668.162,47.9448,101.8817924,12.842068,101.8136389,13.2143551,100.5004973,11.5223892,103.2533163,14.1599636
2026-05-09,Ascending,11,9,T11_F9,4081,L:SCI:DH:40M+05N:FS:B4:D02,59841.192,59823.713,99.9708,101.3839229,14.8302726,101.3841518,14.8306459,99.9865342,13.506336,102.7700935,16.1516913
2026-05-09,Ascending,11,10,T11_F10,4085,,59894.455,56491.654,94.3187,100.8723932,16.817617,100.8464147,16.7562767,99.4567084,15.489253,102.275359,18.142734
2026-05-09,Ascending,11,11,T11_F11,4089,"L:SCI:DH:40M+05N:FS:B4:D02, L:SCI:DH:40M+05N:FS:B4:D02 S:DB:DH:37W:B4",59953.913,47596.047,79.3877,100.3458718,18.8040184,100.1282328,18.7425673,98.9095615,17.4710401,101.7678988,20.133026
2026-05-09,Ascending,11,12,T11_F12,4093,"L:SCI:DH:40M+05N:FS:B4:D02 S:DB:DH:37W:B4, L:SCI:DH:40M+05N:FS:B4:D02 S:DB:DH:37W:B4",60019.59,10944.009,18.2341,99.802889,20.7893831,99.7131767,19.949408,98.3434765,19.4515839,101.2463804,22.1224927
2026-05-09,Descending,4,79,T4_F79,1553,L:SCI:DH:20M+05N:FS:B4:D09,59944.434,12094.16,20.1756,102.1227305,18.8042218,101.7939286,18.2051571,100.7008863,17.4712961,103.5588576,20.1331778
2026-05-09,Descending,4,80,T4_F80,1557,"L:SCI:DH:20M+05N:FS:B4:D09, L:SCI:DH:40M+05N:FS:B4:D02 | L:SCI:SH:20M+05N:FS:B4:D09, L:SCI:DH:40M+05N:FS:B4:D02",59884.933,57184.236,95.4902,101.5962255,16.8178237,101.6138883,16.7721575,100.1934426,15.4895128,103.0117269,18.1428888
2026-05-09,Descending,4,81,T4_F81,1561,L:SCI:DH:40M+05N:FS:B4:D02,59831.646,59831.646,100.0,101.0847152,14.830483,101.0847152,14.830483,99.6987276,13.5065998,102.4819202,16.1518495
2026-05-09,Descending,4,82,T4_F82,1565,L:SCI:DH:40M+05N:FS:B4:D02,59784.58,30850.025,51.602,100.5868684,12.8422823,100.5221042,13.2038364,99.2155277,11.5226574,101.9679795,14.1601251
2026-05-09,Descending,4,83,T4_F83,1569,,59743.75,8618.965,14.4266,100.1014738,10.8532943,99.2638868,10.8976142,98.7427314,9.5377739,101.4685847,12.167773
2026-05-09,Descending,4,84,T4_F84,1573,L:SCI:DH:40M+05N:FS:B4:D02,59709.171,34203.324,57.2832,99.6274241,8.8635826,99.2930162,8.6995935,98.2793152,7.5520271,100.9825361,10.1748432
2026-05-09,Descending,4,85,T4_F85,1577,,59680.864,13440.227,22.5202,99.1637022,6.8732025,99.7384325,7.3815838,97.8243313,5.565485,100.5087394,8.1813789
2026-05-11,Ascending,40,5,T40_F5,15345,"L:SCI:DH:20M+05N:FS:B4:D09, L:SCI:DH:40M+05N:FS:B4:D02 | ",59691.274,13791.961,23.1055,99.1430257,6.8729915,99.768846,7.4412602,97.7977867,5.5652226,100.4825957,8.1812181
2026-05-11,Ascending,40,6,T40_F6,15349,L:SCI:DH:40M+05N:FS:B4:D02,59719.699,31295.121,52.4033,98.6792785,8.8633744,99.0471001,8.8158619,97.3239636,7.5517675,100.027588,10.1746852
2026-05-11,Ascending,40,7,T40_F7,15353,"L:SCI:DH:40M+05N:FS:B4:D02, L:SCI:DH:40M+05N:FS:B4:D02 S:DB:DH:37W:B4 | ",59754.373,6895.642,11.54,98.2052076,10.8530888,99.0130324,10.4518276,96.8378925,9.5375171,99.5641519,12.1676177
2026-05-11,Ascending,40,9,T40_F9,15361,L:SCI:DH:40M+05N:FS:B4:D02 S:DB:DH:37W:B4,59842.407,1216.742,2.0332,97.2219344,14.8302824,98.312511,14.9283171,95.8245225,13.5063479,98.6081265,16.1516989
2026-05-11,Ascending,40,11,T40_F11,15369,L:SCI:DH:40M+05N:FS:B4:D02 S:DB:DH:37W:B4,59955.272,196.044,0.327,96.1839,18.8040248,97.4656079,18.404956,94.7475631,17.4710477,97.6059518,20.133031
2026-05-11,Descending,33,78,T33_F78,12837,L:SCI:DH:20M+05N:FS:B4:D09,60011.459,4310.086,7.1821,98.5041904,20.7895698,99.1646991,19.8105252,97.060862,19.4518176,99.9634374,22.1226332
2026-05-11,Descending,33,79,T33_F79,12841,L:SCI:DH:20M+05N:FS:B4:D09,59945.857,34607.818,57.7318,97.9612353,18.8042055,98.4340916,18.6880662,96.5393692,17.4712739,99.3973822,20.1331673
2026-05-11,Descending,33,80,T33_F80,12845,L:SCI:DH:20M+05N:FS:B4:D09,59886.468,6824.429,11.3956,97.4347438,16.8178047,98.3693447,17.38101,96.0319369,15.4894874,98.8502672,18.1428761
2026-05-11,Descending,33,81,T33_F81,12849,"L:SCI:SH:20M+05N:FS:B4:D09, L:SCI:DH:20M+05N:FS:B4:D09",59833.302,39.344,0.0658,96.9232466,14.8304614,98.1895448,15.1571582,95.537233,13.5065713,98.3204758,16.1518347
2026-05-14,Ascending,83,8,T83_F8,32325,,59793.402,1.028,0.0017,103.9628259,12.8420694,102.5897149,13.6074715,102.5815443,11.522391,105.3343368,14.1599645
2026-05-14,Ascending,83,9,T83_F9,32329,L:SCI:DH:40M+05N:FS:B4:D02,59840.444,45914.205,76.7277,103.4649527,14.8302745,103.4025486,15.0690931,102.067578,13.5063383,104.8511099,16.1516927
2026-05-14,Ascending,83,10,T83_F10,32333,L:SCI:DH:40M+05N:FS:B4:D02,59893.681,59861.405,99.9461,102.9534193,16.8176194,102.9535857,16.8170629,101.537749,15.4892562,104.3563711,18.1427357
2026-05-14,Ascending,83,11,T83_F11,32337,"L:SCI:DH:40M+05N:FS:B4:D02, L:SCI:DH:20M+05N:FS:B4:D09 | ",59953.129,11347.579,18.9274,102.4268942,18.8040215,102.4525126,18.0926567,100.990599,17.471044,103.8489068,20.1330282
2026-05-14,Ascending,83,12,T83_F12,32341,,60018.775,304.816,0.5079,101.8839078,20.7893868,101.1082899,19.5326106,100.424511,19.4515888,103.3273841,22.1224952
2026-05-14,Descending,76,79,T76_F79,29781,"L:SCI:SH:20M+05N:FS:B4:D09, L:SCI:DH:40M+05N:FS:B4:D02 | ",59944.176,7093.964,11.8343,104.2035445,18.8042141,103.7092591,18.0458456,102.7817018,17.4712876,105.639671,20.1331709
2026-05-14,Descending,76,80,T76_F80,29785,L:SCI:DH:40M+05N:FS:B4:D02,59884.619,56572.302,94.4688,103.6770296,16.8178173,103.6244684,16.7841561,102.2742492,15.4895059,105.0925293,18.142883
2026-05-14,Descending,76,81,T76_F81,29789,L:SCI:DH:40M+05N:FS:B4:D02,59831.28,48922.576,81.7676,103.1655095,14.830478,103.0791425,15.0151783,101.7795255,13.5065945,104.5627119,16.1518447
2026-05-14,Descending,76,82,T76_F82,29793,"L:SCI:DH:40M+05N:FS:B4:D02, L:SCI:SH:20M+05N:FS:B4:D09 | ",59784.157,18496.892,30.9395,102.6676531,12.8422786,102.1208718,13.1620513,101.296317,11.5226537,104.0487606,14.1601213
2026-05-14,Descending,76,83,T76_F83,29797,L:SCI:DH:20M+05N:FS:B4:D09,59743.27,145.453,0.2435,102.1822491,10.8532918,102.648151,11.6717332,100.8235123,9.5377716,103.5493553,12.1677702
2026-05-14,Descending,76,85,T76_F85,29805,L:SCI:DH:40M+05N:FS:B4:D02,59680.265,18920.13,31.7025,101.2444586,6.8732024,101.0578562,6.5414828,99.9050955,5.5654857,102.5894891,8.1813781
2026-05-14,Descending,76,86,T76_F86,29809,L:SCI:DH:40M+05N:FS:B4:D02,59658.183,822.13,1.3781,100.7901158,4.8822031,101.1586688,5.7979817,99.4576522,3.578209,102.1269311,6.1874175
2026-05-16,Ascending,112,4,T112_F4,43681,L:SCI:DH:40M+05N:FS:B4:D02,59668.731,1819.516,3.0494,101.6783939,4.8819775,101.5073004,5.8616717,100.3413773,3.5779286,103.0110579,6.1872458
2026-05-16,Ascending,112,5,T112_F5,43685,L:SCI:DH:40M+05N:FS:B4:D02,59690.857,20302.735,34.0131,101.2240267,6.8729816,100.9660573,6.6218174,99.8787954,5.5652104,102.5635898,8.1812107
2026-05-16,Ascending,112,6,T112_F6,43689,"L:SCI:DH:40M+05N:FS:B4:D02, L:SCI:DH:20M+05N:FS:B4:D09 | ",59719.243,9091.405,15.2236,100.760275,8.8633653,99.933179,8.4380963,99.4049685,7.5517563,102.1085768,10.1746783
2026-05-16,Ascending,112,7,T112_F7,43693,,59753.881,4235.801,7.0887,100.2861996,10.8530806,99.415354,11.1050983,98.9188939,9.5375068,101.6451355,12.1676114
2026-05-16,Ascending,112,8,T112_F8,43697,L:SCI:DH:40M+05N:FS:B4:D02 S:DB:DH:37W:B4,59794.748,23760.796,39.7373,99.8007831,12.8420719,99.8264836,13.1670157,98.4194767,11.522394,101.1723177,14.1599665
2026-05-16,Ascending,112,9,T112_F9,43701,L:SCI:DH:40M+05N:FS:B4:D02 S:DB:DH:37W:B4,59841.835,49172.186,82.1703,99.3029178,14.8302758,99.4849137,14.8989959,97.905517,13.5063398,100.6890998,16.1516939
2026-05-16,Ascending,112,10,T112_F10,43705,L:SCI:DH:40M+05N:FS:B4:D02 S:DB:DH:37W:B4,59895.124,39974.454,66.7407,98.7913922,16.8176194,99.1483272,16.9434464,97.3756945,15.4892559,100.1943701,18.1427359
2026-05-16,Ascending,112,11,T112_F11,43709,L:SCI:DH:40M+05N:FS:B4:D02 S:DB:DH:37W:B4,59954.619,40773.197,68.0068,98.2648749,18.8040201,98.5779005,18.7116129,96.828551,17.4710419,99.6869147,20.1330274
2026-05-16,Ascending,112,12,T112_F12,43713,L:SCI:DH:40M+05N:FS:B4:D02 S:DB:DH:37W:B4,60020.319,202.315,0.3371,97.7218962,20.7893839,98.8492255,19.9803614,96.2624693,19.4515848,99.1654012,22.1224934
2026-05-16,Descending,105,78,T105_F78,41261,"L:SCI:DH:20M+05N:FS:B4:D09, L:SCI:DH:40M+05N:FS:B4:D02 | ",60010.606,6764.51,11.2722,100.5849175,20.7895834,100.0011147,20.0638949,99.1416034,19.4518354,102.0441511,22.1226428
2026-05-16,Descending,105,79,T105_F79,41265,L:SCI:DH:40M+05N:FS:B4:D02,59944.941,56560.566,94.3542,100.0419571,18.8042203,99.9870316,18.7688789,98.6201063,17.4712932,101.4780896,20.1331777
2026-05-16,Descending,105,80,T105_F80,41269,"L:SCI:DH:40M+05N:FS:B4:D02, L:SCI:SH:20M+05N:FS:B4:D09 | ",59885.504,55074.042,91.9656,99.5154606,16.8178207,99.6073938,16.8571487,98.1126699,15.4895081,100.9309686,18.1428876
2026-05-16,Descending,105,81,T105_F81,41273,L:SCI:DH:20M+05N:FS:B4:D09,59832.279,42182.712,70.5016,99.0039585,14.8304786,99.3187036,14.8696919,97.6179621,13.5065934,100.4011714,16.151847
2026-05-16,Descending,105,82,T105_F82,41277,L:SCI:DH:20M+05N:FS:B4:D09,59785.279,8770.464,14.6699,98.5061198,12.8422765,99.463611,13.1451117,97.1347691,11.5226493,99.8872399,14.1601216
2026-05-16,Descending,105,83,T105_F83,41281,L:SCI:DH:20M+05N:FS:B4:D09,59744.511,5976.923,10.0041,98.0207332,10.8532871,98.8802018,10.2592656,96.6619796,9.5377641,99.3878542,12.1677684
2026-05-16,Descending,105,84,T105_F84,41285,L:SCI:DH:20M+05N:FS:B4:D09,59710.0,8013.714,13.4211,97.5466915,8.8635739,98.5093059,8.9194045,96.1985702,7.5520156,98.9018147,10.1748375
2026-05-19,Ascending,155,9,T155_F9,60533,L:SCI:DH:20M+05N:FS:B4:D09,59839.606,20483.755,34.2311,105.5459921,14.8302794,104.9343681,15.1142664,104.1486332,13.5063446,106.9321341,16.1516964
2026-05-19,Ascending,155,10,T155_F10,60537,L:SCI:DH:20M+05N:FS:B4:D09,59892.834,25616.14,42.77,105.0344558,16.817625,104.4058392,16.6174166,103.6188018,15.4892631,106.4373919,18.14274
2026-05-19,Ascending,155,11,T155_F11,60541,L:SCI:DH:20M+05N:FS:B4:D09,59952.252,6686.768,11.1535,104.5079278,18.8040277,103.8595031,17.9364105,103.0716495,17.4710519,105.9299241,20.1330328
2026-05-19,Descending,148,80,T148_F80,58193,L:SCI:SH:20M+05N:FS:B4:D09,59884.249,6780.302,11.3223,105.7578483,16.8178104,104.7752705,16.3750848,104.3550721,15.4894981,107.1733443,18.1428769
2026-05-19,Descending,148,81,T148_F81,58197,L:SCI:SH:20M+05N:FS:B4:D09,59830.873,26912.189,44.9804,105.2463195,14.8304718,104.8178006,15.1606795,103.8603403,13.5065877,106.6435175,16.1518392
2026-05-19,Descending,148,85,T148_F85,58213,L:SCI:DH:40M+05N:FS:B4:D02,59679.725,141.276,0.2367,103.3252344,6.8731991,102.0351209,6.1634222,101.9858784,5.5654821,104.6702583,8.181375
2026-05-19,Descending,148,86,T148_F86,58217,L:SCI:DH:40M+05N:FS:B4:D02,59657.604,97.597,0.1636,102.8708829,4.8822004,102.024228,6.1144042,101.5384271,3.5782062,104.207691,6.1874149
2026-05-21,Ascending,11,7,T11_F7,4073,,59753.297,243.512,0.4075,102.3672131,10.853076,102.7044377,11.7726956,100.9999181,9.5375012,103.7261389,12.1676079
2026-05-21,Ascending,11,8,T11_F8,4077,L:SCI:DH:40M+05N:FS:B4:D02,59794.139,28668.162,47.9448,101.8817924,12.842068,101.8136389,13.2143551,100.5004973,11.5223892,103.2533163,14.1599636
2026-05-21,Ascending,11,9,T11_F9,4081,L:SCI:DH:40M+05N:FS:B4:D02,59841.192,59823.713,99.9708,101.3839229,14.8302726,101.3841518,14.8306459,99.9865342,13.506336,102.7700935,16.1516913
2026-05-21,Ascending,11,10,T11_F10,4085,,59894.455,56491.654,94.3187,100.8723932,16.817617,100.8464147,16.7562767,99.4567084,15.489253,102.275359,18.142734
2026-05-21,Ascending,11,11,T11_F11,4089,,59953.913,47596.047,79.3877,100.3458718,18.8040184,100.1282328,18.7425673,98.9095615,17.4710401,101.7678988,20.133026
2026-05-21,Ascending,11,12,T11_F12,4093,,60019.59,10944.009,18.2341,99.802889,20.7893831,99.7131767,19.949408,98.3434765,19.4515839,101.2463804,22.1224927
2026-05-21,Descending,4,79,T4_F79,1553,L:SCI:SH:20M+05N:FS:B4:D09,59944.434,12094.16,20.1756,102.1227305,18.8042218,101.7939286,18.2051571,100.7008863,17.4712961,103.5588576,20.1331778
2026-05-21,Descending,4,80,T4_F80,1557,,59884.933,57184.236,95.4902,101.5962255,16.8178237,101.6138883,16.7721575,100.1934426,15.4895128,103.0117269,18.1428888
2026-05-21,Descending,4,81,T4_F81,1561,L:SCI:DH:40M+05N:FS:B4:D02,59831.646,59831.646,100.0,101.0847152,14.830483,101.0847152,14.830483,99.6987276,13.5065998,102.4819202,16.1518495
2026-05-21,Descending,4,82,T4_F82,1565,L:SCI:DH:40M+05N:FS:B4:D02,59784.58,30850.025,51.602,100.5868684,12.8422823,100.5221042,13.2038364,99.2155277,11.5226574,101.9679795,14.1601251
2026-05-21,Descending,4,83,T4_F83,1569,,59743.75,8618.965,14.4266,100.1014738,10.8532943,99.2638868,10.8976142,98.7427314,9.5377739,101.4685847,12.167773
2026-05-21,Descending,4,84,T4_F84,1573,L:SCI:DH:40M+05N:FS:B4:D02,59709.171,34203.324,57.2832,99.6274241,8.8635826,99.2930162,8.6995935,98.2793152,7.5520271,100.9825361,10.1748432
2026-05-21,Descending,4,85,T4_F85,1577,,59680.864,13440.227,22.5202,99.1637022,6.8732025,99.7384325,7.3815838,97.8243313,5.565485,100.5087394,8.1813789
2026-05-23,Ascending,40,5,T40_F5,15345,,59691.274,13791.961,23.1055,99.1430257,6.8729915,99.768846,7.4412602,97.7977867,5.5652226,100.4825957,8.1812181
2026-05-23,Ascending,40,6,T40_F6,15349,L:SCI:DH:40M+05N:FS:B4:D02,59719.699,31295.121,52.4033,98.6792785,8.8633744,99.0471001,8.8158619,97.3239636,7.5517675,100.027588,10.1746852
2026-05-23,Ascending,40,7,T40_F7,15353,,59754.373,6895.642,11.54,98.2052076,10.8530888,99.0130324,10.4518276,96.8378925,9.5375171,99.5641519,12.1676177
2026-05-23,Ascending,40,9,T40_F9,15361,L:SCI:DH:40M+05N:FS:B4:D02 S:DB:DH:37W:B4,59842.407,1216.742,2.0332,97.2219344,14.8302824,98.312511,14.9283171,95.8245225,13.5063479,98.6081265,16.1516989
2026-05-23,Ascending,40,11,T40_F11,15369,L:SCI:DH:40M+05N:FS:B4:D02 S:DB:DH:37W:B4,59955.272,196.044,0.327,96.1839,18.8040248,97.4656079,18.404956,94.7475631,17.4710477,97.6059518,20.133031
2026-05-23,Descending,33,78,T33_F78,12837,"L:SCI:DH:20M+05N:FS:B4:D09, L:SCI:SH:20M+05N:FS:B4:D09 | L:SCI:DH:20M+05N:FS:B4:D09",60011.459,4310.086,7.1821,98.5041904,20.7895698,99.1646991,19.8105252,97.060862,19.4518176,99.9634374,22.1226332
2026-05-23,Descending,33,79,T33_F79,12841,L:SCI:SH:20M+05N:FS:B4:D09,59945.857,34607.818,57.7318,97.9612353,18.8042055,98.4340916,18.6880662,96.5393692,17.4712739,99.3973822,20.1331673
2026-05-23,Descending,33,80,T33_F80,12845,L:SCI:SH:20M+05N:FS:B4:D09,59886.468,6824.429,11.3956,97.4347438,16.8178047,98.3693447,17.38101,96.0319369,15.4894874,98.8502672,18.1428761
2026-05-23,Descending,33,81,T33_F81,12849,L:SCI:DH:20M+05N:FS:B4:D09 | L:SCI:SH:20M+05N:FS:B4:D09,59833.302,39.344,0.0658,96.9232466,14.8304614,98.1895448,15.1571582,95.537233,13.5065713,98.3204758,16.1518347
2026-05-26,Ascending,83,8,T83_F8,32325,,59793.402,1.028,0.0017,103.9628259,12.8420694,102.5897149,13.6074715,102.5815443,11.522391,105.3343368,14.1599645
2026-05-26,Ascending,83,9,T83_F9,32329,L:SCI:DH:40M+05N:FS:B4:D02,59840.444,45914.205,76.7277,103.4649527,14.8302745,103.4025486,15.0690931,102.067578,13.5063383,104.8511099,16.1516927
2026-05-26,Ascending,83,10,T83_F10,32333,L:SCI:DH:40M+05N:FS:B4:D02,59893.681,59861.405,99.9461,102.9534193,16.8176194,102.9535857,16.8170629,101.537749,15.4892562,104.3563711,18.1427357
2026-05-26,Ascending,83,11,T83_F11,32337,,59953.129,11347.579,18.9274,102.4268942,18.8040215,102.4525126,18.0926567,100.990599,17.471044,103.8489068,20.1330282
2026-05-26,Ascending,83,12,T83_F12,32341,,60018.775,304.816,0.5079,101.8839078,20.7893868,101.1082899,19.5326106,100.424511,19.4515888,103.3273841,22.1224952
2026-05-26,Descending,76,79,T76_F79,29781,,59944.176,7093.964,11.8343,104.2035445,18.8042141,103.7092591,18.0458456,102.7817018,17.4712876,105.639671,20.1331709
2026-05-26,Descending,76,80,T76_F80,29785,L:SCI:DH:40M+05N:FS:B4:D02,59884.619,56572.302,94.4688,103.6770296,16.8178173,103.6244684,16.7841561,102.2742492,15.4895059,105.0925293,18.142883
2026-05-26,Descending,76,81,T76_F81,29789,L:SCI:DH:40M+05N:FS:B4:D02,59831.28,48922.576,81.7676,103.1655095,14.830478,103.0791425,15.0151783,101.7795255,13.5065945,104.5627119,16.1518447
2026-05-26,Descending,76,82,T76_F82,29793,,59784.157,18496.892,30.9395,102.6676531,12.8422786,102.1208718,13.1620513,101.296317,11.5226537,104.0487606,14.1601213
2026-05-26,Descending,76,83,T76_F83,29797,L:SCI:SH:20M+05N:FS:B4:D09,59743.27,145.453,0.2435,102.1822491,10.8532918,102.648151,11.6717332,100.8235123,9.5377716,103.5493553,12.1677702
2026-05-26,Descending,76,85,T76_F85,29805,L:SCI:DH:40M+05N:FS:B4:D02,59680.265,18920.13,31.7025,101.2444586,6.8732024,101.0578562,6.5414828,99.9050955,5.5654857,102.5894891,8.1813781
2026-05-26,Descending,76,86,T76_F86,29809,L:SCI:DH:40M+05N:FS:B4:D02,59658.183,822.13,1.3781,100.7901158,4.8822031,101.1586688,5.7979817,99.4576522,3.578209,102.1269311,6.1874175
2026-05-28,Ascending,112,4,T112_F4,43681,L:SCI:DH:40M+05N:FS:B4:D02,59668.731,1819.516,3.0494,101.6783939,4.8819775,101.5073004,5.8616717,100.3413773,3.5779286,103.0110579,6.1872458
2026-05-28,Ascending,112,5,T112_F5,43685,L:SCI:DH:40M+05N:FS:B4:D02,59690.857,20302.735,34.0131,101.2240267,6.8729816,100.9660573,6.6218174,99.8787954,5.5652104,102.5635898,8.1812107
2026-05-28,Ascending,112,6,T112_F6,43689,,59719.243,9091.405,15.2236,100.760275,8.8633653,99.933179,8.4380963,99.4049685,7.5517563,102.1085768,10.1746783
2026-05-28,Ascending,112,7,T112_F7,43693,,59753.881,4235.801,7.0887,100.2861996,10.8530806,99.415354,11.1050983,98.9188939,9.5375068,101.6451355,12.1676114
2026-05-28,Ascending,112,8,T112_F8,43697,L:SCI:DH:40M+05N:FS:B4:D02 S:DB:DH:37W:B4,59794.748,23760.796,39.7373,99.8007831,12.8420719,99.8264836,13.1670157,98.4194767,11.522394,101.1723177,14.1599665
2026-05-28,Ascending,112,9,T112_F9,43701,L:SCI:DH:40M+05N:FS:B4:D02 S:DB:DH:37W:B4,59841.835,49172.186,82.1703,99.3029178,14.8302758,99.4849137,14.8989959,97.905517,13.5063398,100.6890998,16.1516939
2026-05-28,Ascending,112,10,T112_F10,43705,L:SCI:DH:40M+05N:FS:B4:D02 S:DB:DH:37W:B4,59895.124,39974.454,66.7407,98.7913922,16.8176194,99.1483272,16.9434464,97.3756945,15.4892559,100.1943701,18.1427359
2026-05-28,Ascending,112,11,T112_F11,43709,L:SCI:DH:40M+05N:FS:B4:D02 S:DB:DH:37W:B4,59954.619,40773.197,68.0068,98.2648749,18.8040201,98.5779005,18.7116129,96.828551,17.4710419,99.6869147,20.1330274
2026-05-28,Ascending,112,12,T112_F12,43713,L:SCI:DH:40M+05N:FS:B4:D02 S:DB:DH:37W:B4,60020.319,202.315,0.3371,97.7218962,20.7893839,98.8492255,19.9803614,96.2624693,19.4515848,99.1654012,22.1224934
2026-05-28,Descending,105,78,T105_F78,41261,,60010.606,6764.51,11.2722,100.5849175,20.7895834,100.0011147,20.0638949,99.1416034,19.4518354,102.0441511,22.1226428
2026-05-28,Descending,105,79,T105_F79,41265,L:SCI:DH:40M+05N:FS:B4:D02,59944.941,56560.566,94.3542,100.0419571,18.8042203,99.9870316,18.7688789,98.6201063,17.4712932,101.4780896,20.1331777
2026-05-28,Descending,105,80,T105_F80,41269,,59885.504,55074.042,91.9656,99.5154606,16.8178207,99.6073938,16.8571487,98.1126699,15.4895081,100.9309686,18.1428876
2026-05-28,Descending,105,81,T105_F81,41273,L:SCI:SH:20M+05N:FS:B4:D09,59832.279,42182.712,70.5016,99.0039585,14.8304786,99.3187036,14.8696919,97.6179621,13.5065934,100.4011714,16.151847
2026-05-28,Descending,105,82,T105_F82,41277,L:SCI:SH:20M+05N:FS:B4:D09,59785.279,8770.464,14.6699,98.5061198,12.8422765,99.463611,13.1451117,97.1347691,11.5226493,99.8872399,14.1601216
2026-05-28,Descending,105,83,T105_F83,41281,L:SCI:SH:20M+05N:FS:B4:D09,59744.511,5976.923,10.0041,98.0207332,10.8532871,98.8802018,10.2592656,96.6619796,9.5377641,99.3878542,12.1677684
2026-05-28,Descending,105,84,T105_F84,41285,L:SCI:SH:20M+05N:FS:B4:D09,59710.0,8013.714,13.4211,97.5466915,8.8635739,98.5093059,8.9194045,96.1985702,7.5520156,98.9018147,10.1748375
2026-05-31,Ascending,155,9,T155_F9,60533,L:SCI:DH:20M+05N:FS:B4:D09,59839.606,20483.755,34.2311,105.5459921,14.8302794,104.9343681,15.1142664,104.1486332,13.5063446,106.9321341,16.1516964
2026-05-31,Ascending,155,10,T155_F10,60537,L:SCI:DH:20M+05N:FS:B4:D09,59892.834,25616.14,42.77,105.0344558,16.817625,104.4058392,16.6174166,103.6188018,15.4892631,106.4373919,18.14274
2026-05-31,Ascending,155,11,T155_F11,60541,L:SCI:DH:20M+05N:FS:B4:D09,59952.252,6686.768,11.1535,104.5079278,18.8040277,103.8595031,17.9364105,103.0716495,17.4710519,105.9299241,20.1330328
2026-05-31,Descending,148,80,T148_F80,58193,L:SCI:DH:20M+05N:FS:B4:D09,59884.249,6780.302,11.3223,105.7578483,16.8178104,104.7752705,16.3750848,104.3550721,15.4894981,107.1733443,18.1428769
2026-05-31,Descending,148,81,T148_F81,58197,L:SCI:DH:20M+05N:FS:B4:D09,59830.873,26912.189,44.9804,105.2463195,14.8304718,104.8178006,15.1606795,103.8603403,13.5065877,106.6435175,16.1518392
2026-05-31,Descending,148,85,T148_F85,58213,L:SCI:DH:40M+05N:FS:B4:D02,59679.725,141.276,0.2367,103.3252344,6.8731991,102.0351209,6.1634222,101.9858784,5.5654821,104.6702583,8.181375
2026-05-31,Descending,148,86,T148_F86,58217,L:SCI:DH:40M+05N:FS:B4:D02,59657.604,97.597,0.1636,102.8708829,4.8822004,102.024228,6.1144042,101.5384271,3.5782062,104.207691,6.1874149
2026-06-02,Ascending,11,7,T11_F7,4073,,59753.297,243.512,0.4075,102.3672131,10.853076,102.7044377,11.7726956,100.9999181,9.5375012,103.7261389,12.1676079
2026-06-02,Ascending,11,8,T11_F8,4077,L:SCI:DH:40M+05N:FS:B4:D02,59794.139,28668.162,47.9448,101.8817924,12.842068,101.8136389,13.2143551,100.5004973,11.5223892,103.2533163,14.1599636
2026-06-02,Ascending,11,9,T11_F9,4081,L:SCI:DH:40M+05N:FS:B4:D02,59841.192,59823.713,99.9708,101.3839229,14.8302726,101.3841518,14.8306459,99.9865342,13.506336,102.7700935,16.1516913
2026-06-02,Ascending,11,10,T11_F10,4085,,59894.455,56491.654,94.3187,100.8723932,16.817617,100.8464147,16.7562767,99.4567084,15.489253,102.275359,18.142734
2026-06-02,Ascending,11,11,T11_F11,4089,,59953.913,47596.047,79.3877,100.3458718,18.8040184,100.1282328,18.7425673,98.9095615,17.4710401,101.7678988,20.133026
2026-06-02,Ascending,11,12,T11_F12,4093,,60019.59,10944.009,18.2341,99.802889,20.7893831,99.7131767,19.949408,98.3434765,19.4515839,101.2463804,22.1224927
2026-06-02,Descending,4,79,T4_F79,1553,L:SCI:DH:20M+05N:FS:B4:D09,59944.434,12094.16,20.1756,102.1227305,18.8042218,101.7939286,18.2051571,100.7008863,17.4712961,103.5588576,20.1331778
2026-06-02,Descending,4,80,T4_F80,1557,,59884.933,57184.236,95.4902,101.5962255,16.8178237,101.6138883,16.7721575,100.1934426,15.4895128,103.0117269,18.1428888
2026-06-02,Descending,4,81,T4_F81,1561,L:SCI:DH:40M+05N:FS:B4:D02,59831.646,59831.646,100.0,101.0847152,14.830483,101.0847152,14.830483,99.6987276,13.5065998,102.4819202,16.1518495
2026-06-02,Descending,4,82,T4_F82,1565,L:SCI:DH:40M+05N:FS:B4:D02,59784.58,30850.025,51.602,100.5868684,12.8422823,100.5221042,13.2038364,99.2155277,11.5226574,101.9679795,14.1601251
2026-06-02,Descending,4,83,T4_F83,1569,,59743.75,8618.965,14.4266,100.1014738,10.8532943,99.2638868,10.8976142,98.7427314,9.5377739,101.4685847,12.167773
2026-06-02,Descending,4,84,T4_F84,1573,L:SCI:DH:40M+05N:FS:B4:D02,59709.171,34203.324,57.2832,99.6274241,8.8635826,99.2930162,8.6995935,98.2793152,7.5520271,100.9825361,10.1748432
2026-06-02,Descending,4,85,T4_F85,1577,,59680.864,13440.227,22.5202,99.1637022,6.8732025,99.7384325,7.3815838,97.8243313,5.565485,100.5087394,8.1813789
2026-06-04,Ascending,40,5,T40_F5,15345,,59691.274,13791.961,23.1055,99.1430257,6.8729915,99.768846,7.4412602,97.7977867,5.5652226,100.4825957,8.1812181
2026-06-04,Ascending,40,6,T40_F6,15349,L:SCI:DH:40M+05N:FS:B4:D02,59719.699,31295.121,52.4033,98.6792785,8.8633744,99.0471001,8.8158619,97.3239636,7.5517675,100.027588,10.1746852
2026-06-04,Ascending,40,7,T40_F7,15353,,59754.373,6895.642,11.54,98.2052076,10.8530888,99.0130324,10.4518276,96.8378925,9.5375171,99.5641519,12.1676177
2026-06-04,Ascending,40,9,T40_F9,15361,L:SCI:DH:40M+05N:FS:B4:D02 S:DB:DH:37W:B4,59842.407,1216.742,2.0332,97.2219344,14.8302824,98.312511,14.9283171,95.8245225,13.5063479,98.6081265,16.1516989
2026-06-04,Ascending,40,11,T40_F11,15369,L:SCI:DH:40M+05N:FS:B4:D02 S:DB:DH:37W:B4,59955.272,196.044,0.327,96.1839,18.8040248,97.4656079,18.404956,94.7475631,17.4710477,97.6059518,20.133031
2026-06-04,Descending,33,78,T33_F78,12837,"L:SCI:DH:20M+05N:FS:B4:D09, L:SCI:SH:20M+05N:FS:B4:D09",60011.459,4310.086,7.1821,98.5041904,20.7895698,99.1646991,19.8105252,97.060862,19.4518176,99.9634374,22.1226332
2026-06-04,Descending,33,79,T33_F79,12841,L:SCI:DH:20M+05N:FS:B4:D09,59945.857,34607.818,57.7318,97.9612353,18.8042055,98.4340916,18.6880662,96.5393692,17.4712739,99.3973822,20.1331673
2026-06-04,Descending,33,80,T33_F80,12845,L:SCI:DH:20M+05N:FS:B4:D09,59886.468,6824.429,11.3956,97.4347438,16.8178047,98.3693447,17.38101,96.0319369,15.4894874,98.8502672,18.1428761
2026-06-04,Descending,33,81,T33_F81,12849,L:SCI:DH:20M+05N:FS:B4:D09,59833.302,39.344,0.0658,96.9232466,14.8304614,98.1895448,15.1571582,95.537233,13.5065713,98.3204758,16.1518347
2026-06-07,Ascending,83,8,T83_F8,32325,,59793.402,1.028,0.0017,103.9628259,12.8420694,102.5897149,13.6074715,102.5815443,11.522391,105.3343368,14.1599645
2026-06-07,Ascending,83,9,T83_F9,32329,L:SCI:DH:40M+05N:FS:B4:D02,59840.444,45914.205,76.7277,103.4649527,14.8302745,103.4025486,15.0690931,102.067578,13.5063383,104.8511099,16.1516927
2026-06-07,Ascending,83,10,T83_F10,32333,L:SCI:DH:40M+05N:FS:B4:D02,59893.681,59861.405,99.9461,102.9534193,16.8176194,102.9535857,16.8170629,101.537749,15.4892562,104.3563711,18.1427357
2026-06-07,Ascending,83,11,T83_F11,32337,,59953.129,11347.579,18.9274,102.4268942,18.8040215,102.4525126,18.0926567,100.990599,17.471044,103.8489068,20.1330282
2026-06-07,Ascending,83,12,T83_F12,32341,,60018.775,304.816,0.5079,101.8839078,20.7893868,101.1082899,19.5326106,100.424511,19.4515888,103.3273841,22.1224952
2026-06-07,Descending,76,79,T76_F79,29781,,59944.176,7093.964,11.8343,104.2035445,18.8042141,103.7092591,18.0458456,102.7817018,17.4712876,105.639671,20.1331709
2026-06-07,Descending,76,80,T76_F80,29785,L:SCI:DH:40M+05N:FS:B4:D02,59884.619,56572.302,94.4688,103.6770296,16.8178173,103.6244684,16.7841561,102.2742492,15.4895059,105.0925293,18.142883
2026-06-07,Descending,76,81,T76_F81,29789,L:SCI:DH:40M+05N:FS:B4:D02,59831.28,48922.576,81.7676,103.1655095,14.830478,103.0791425,15.0151783,101.7795255,13.5065945,104.5627119,16.1518447
2026-06-07,Descending,76,82,T76_F82,29793,,59784.157,18496.892,30.9395,102.6676531,12.8422786,102.1208718,13.1620513,101.296317,11.5226537,104.0487606,14.1601213
2026-06-07,Descending,76,83,T76_F83,29797,L:SCI:DH:20M+05N:FS:B4:D09,59743.27,145.453,0.2435,102.1822491,10.8532918,102.648151,11.6717332,100.8235123,9.5377716,103.5493553,12.1677702
2026-06-07,Descending,76,85,T76_F85,29805,L:SCI:DH:40M+05N:FS:B4:D02,59680.265,18920.13,31.7025,101.2444586,6.8732024,101.0578562,6.5414828,99.9050955,5.5654857,102.5894891,8.1813781
2026-06-07,Descending,76,86,T76_F86,29809,L:SCI:DH:40M+05N:FS:B4:D02,59658.183,822.13,1.3781,100.7901158,4.8822031,101.1586688,5.7979817,99.4576522,3.578209,102.1269311,6.1874175
2026-06-09,Ascending,112,4,T112_F4,43681,L:SCI:DH:40M+05N:FS:B4:D02,59668.731,1819.516,3.0494,101.6783939,4.8819775,101.5073004,5.8616717,100.3413773,3.5779286,103.0110579,6.1872458
2026-06-09,Ascending,112,5,T112_F5,43685,L:SCI:DH:40M+05N:FS:B4:D02,59690.857,20302.735,34.0131,101.2240267,6.8729816,100.9660573,6.6218174,99.8787954,5.5652104,102.5635898,8.1812107
2026-06-09,Ascending,112,6,T112_F6,43689,,59719.243,9091.405,15.2236,100.760275,8.8633653,99.933179,8.4380963,99.4049685,7.5517563,102.1085768,10.1746783
2026-06-09,Ascending,112,7,T112_F7,43693,,59753.881,4235.801,7.0887,100.2861996,10.8530806,99.415354,11.1050983,98.9188939,9.5375068,101.6451355,12.1676114
2026-06-09,Ascending,112,8,T112_F8,43697,L:SCI:DH:40M+05N:FS:B4:D02 S:DB:DH:37W:B4,59794.748,23760.796,39.7373,99.8007831,12.8420719,99.8264836,13.1670157,98.4194767,11.522394,101.1723177,14.1599665
2026-06-09,Ascending,112,9,T112_F9,43701,L:SCI:DH:40M+05N:FS:B4:D02 S:DB:DH:37W:B4,59841.835,49172.186,82.1703,99.3029178,14.8302758,99.4849137,14.8989959,97.905517,13.5063398,100.6890998,16.1516939
2026-06-09,Ascending,112,10,T112_F10,43705,L:SCI:DH:40M+05N:FS:B4:D02 S:DB:DH:37W:B4,59895.124,39974.454,66.7407,98.7913922,16.8176194,99.1483272,16.9434464,97.3756945,15.4892559,100.1943701,18.1427359
2026-06-09,Ascending,112,11,T112_F11,43709,L:SCI:DH:40M+05N:FS:B4:D02 S:DB:DH:37W:B4,59954.619,40773.197,68.0068,98.2648749,18.8040201,98.5779005,18.7116129,96.828551,17.4710419,99.6869147,20.1330274
2026-06-09,Ascending,112,12,T112_F12,43713,L:SCI:DH:40M+05N:FS:B4:D02 S:DB:DH:37W:B4,60020.319,202.315,0.3371,97.7218962,20.7893839,98.8492255,19.9803614,96.2624693,19.4515848,99.1654012,22.1224934
2026-06-09,Descending,105,78,T105_F78,41261,,60010.606,6764.51,11.2722,100.5849175,20.7895834,100.0011147,20.0638949,99.1416034,19.4518354,102.0441511,22.1226428
2026-06-09,Descending,105,79,T105_F79,41265,L:SCI:DH:40M+05N:FS:B4:D02,59944.941,56560.566,94.3542,100.0419571,18.8042203,99.9870316,18.7688789,98.6201063,17.4712932,101.4780896,20.1331777
2026-06-09,Descending,105,80,T105_F80,41269,,59885.504,55074.042,91.9656,99.5154606,16.8178207,99.6073938,16.8571487,98.1126699,15.4895081,100.9309686,18.1428876
2026-06-09,Descending,105,81,T105_F81,41273,L:SCI:DH:20M+05N:FS:B4:D09,59832.279,42182.712,70.5016,99.0039585,14.8304786,99.3187036,14.8696919,97.6179621,13.5065934,100.4011714,16.151847
2026-06-09,Descending,105,82,T105_F82,41277,L:SCI:DH:20M+05N:FS:B4:D09,59785.279,8770.464,14.6699,98.5061198,12.8422765,99.463611,13.1451117,97.1347691,11.5226493,99.8872399,14.1601216
2026-06-09,Descending,105,83,T105_F83,41281,L:SCI:DH:20M+05N:FS:B4:D09,59744.511,5976.923,10.0041,98.0207332,10.8532871,98.8802018,10.2592656,96.6619796,9.5377641,99.3878542,12.1677684
2026-06-09,Descending,105,84,T105_F84,41285,L:SCI:DH:20M+05N:FS:B4:D09,59710.0,8013.714,13.4211,97.5466915,8.8635739,98.5093059,8.9194045,96.1985702,7.5520156,98.9018147,10.1748375
2026-06-12,Ascending,155,9,T155_F9,60533,L:SCI:DH:20M+05N:FS:B4:D09,59839.606,20483.755,34.2311,105.5459921,14.8302794,104.9343681,15.1142664,104.1486332,13.5063446,106.9321341,16.1516964
2026-06-12,Ascending,155,10,T155_F10,60537,L:SCI:DH:20M+05N:FS:B4:D09,59892.834,25616.14,42.77,105.0344558,16.817625,104.4058392,16.6174166,103.6188018,15.4892631,106.4373919,18.14274
2026-06-12,Ascending,155,11,T155_F11,60541,L:SCI:DH:20M+05N:FS:B4:D09,59952.252,6686.768,11.1535,104.5079278,18.8040277,103.8595031,17.9364105,103.0716495,17.4710519,105.9299241,20.1330328
2026-06-12,Descending,148,80,T148_F80,58193,L:SCI:SH:20M+05N:FS:B4:D09,59884.249,6780.302,11.3223,105.7578483,16.8178104,104.7752705,16.3750848,104.3550721,15.4894981,107.1733443,18.1428769
2026-06-12,Descending,148,81,T148_F81,58197,L:SCI:SH:20M+05N:FS:B4:D09,59830.873,26912.189,44.9804,105.2463195,14.8304718,104.8178006,15.1606795,103.8603403,13.5065877,106.6435175,16.1518392
2026-06-12,Descending,148,85,T148_F85,58213,L:SCI:DH:40M+05N:FS:B4:D02,59679.725,141.276,0.2367,103.3252344,6.8731991,102.0351209,6.1634222,101.9858784,5.5654821,104.6702583,8.181375
2026-06-12,Descending,148,86,T148_F86,58217,L:SCI:DH:40M+05N:FS:B4:D02,59657.604,97.597,0.1636,102.8708829,4.8822004,102.024228,6.1144042,101.5384271,3.5782062,104.207691,6.1874149
2026-06-14,Ascending,11,7,T11_F7,4073,,59753.297,243.512,0.4075,102.3672131,10.853076,102.7044377,11.7726956,100.9999181,9.5375012,103.7261389,12.1676079
2026-06-14,Ascending,11,8,T11_F8,4077,L:SCI:DH:40M+05N:FS:B4:D02,59794.139,28668.162,47.9448,101.8817924,12.842068,101.8136389,13.2143551,100.5004973,11.5223892,103.2533163,14.1599636
2026-06-14,Ascending,11,9,T11_F9,4081,L:SCI:DH:40M+05N:FS:B4:D02,59841.192,59823.713,99.9708,101.3839229,14.8302726,101.3841518,14.8306459,99.9865342,13.506336,102.7700935,16.1516913
2026-06-14,Ascending,11,10,T11_F10,4085,,59894.455,56491.654,94.3187,100.8723932,16.817617,100.8464147,16.7562767,99.4567084,15.489253,102.275359,18.142734
2026-06-14,Ascending,11,11,T11_F11,4089,,59953.913,47596.047,79.3877,100.3458718,18.8040184,100.1282328,18.7425673,98.9095615,17.4710401,101.7678988,20.133026
2026-06-14,Ascending,11,12,T11_F12,4093,,60019.59,10944.009,18.2341,99.802889,20.7893831,99.7131767,19.949408,98.3434765,19.4515839,101.2463804,22.1224927
2026-06-14,Descending,4,79,T4_F79,1553,L:SCI:SH:20M+05N:FS:B4:D09,59944.434,12094.16,20.1756,102.1227305,18.8042218,101.7939286,18.2051571,100.7008863,17.4712961,103.5588576,20.1331778
2026-06-14,Descending,4,80,T4_F80,1557,,59884.933,57184.236,95.4902,101.5962255,16.8178237,101.6138883,16.7721575,100.1934426,15.4895128,103.0117269,18.1428888
2026-06-14,Descending,4,81,T4_F81,1561,L:SCI:DH:40M+05N:FS:B4:D02,59831.646,59831.646,100.0,101.0847152,14.830483,101.0847152,14.830483,99.6987276,13.5065998,102.4819202,16.1518495
2026-06-14,Descending,4,82,T4_F82,1565,L:SCI:DH:40M+05N:FS:B4:D02,59784.58,30850.025,51.602,100.5868684,12.8422823,100.5221042,13.2038364,99.2155277,11.5226574,101.9679795,14.1601251
2026-06-14,Descending,4,83,T4_F83,1569,,59743.75,8618.965,14.4266,100.1014738,10.8532943,99.2638868,10.8976142,98.7427314,9.5377739,101.4685847,12.167773
2026-06-14,Descending,4,84,T4_F84,1573,L:SCI:DH:40M+05N:FS:B4:D02,59709.171,34203.324,57.2832,99.6274241,8.8635826,99.2930162,8.6995935,98.2793152,7.5520271,100.9825361,10.1748432
2026-06-14,Descending,4,85,T4_F85,1577,,59680.864,13440.227,22.5202,99.1637022,6.8732025,99.7384325,7.3815838,97.8243313,5.565485,100.5087394,8.1813789
2026-06-16,Ascending,40,5,T40_F5,15345,,59691.274,13791.961,23.1055,99.1430257,6.8729915,99.768846,7.4412602,97.7977867,5.5652226,100.4825957,8.1812181
2026-06-16,Ascending,40,6,T40_F6,15349,L:SCI:DH:40M+05N:FS:B4:D02,59719.699,31295.121,52.4033,98.6792785,8.8633744,99.0471001,8.8158619,97.3239636,7.5517675,100.027588,10.1746852
2026-06-16,Ascending,40,7,T40_F7,15353,,59754.373,6895.642,11.54,98.2052076,10.8530888,99.0130324,10.4518276,96.8378925,9.5375171,99.5641519,12.1676177
2026-06-16,Ascending,40,9,T40_F9,15361,L:SCI:DH:40M+05N:FS:B4:D02 S:DB:DH:37W:B4,59842.407,1216.742,2.0332,97.2219344,14.8302824,98.312511,14.9283171,95.8245225,13.5063479,98.6081265,16.1516989
2026-06-16,Ascending,40,11,T40_F11,15369,L:SCI:DH:40M+05N:FS:B4:D02 S:DB:DH:37W:B4,59955.272,196.044,0.327,96.1839,18.8040248,97.4656079,18.404956,94.7475631,17.4710477,97.6059518,20.133031
2026-06-16,Descending,33,78,T33_F78,12837,"L:SCI:DH:20M+05N:FS:B4:D09 | L:SCI:DH:20M+05N:FS:B4:D09, L:SCI:SH:20M+05N:FS:B4:D09",60011.459,4310.086,7.1821,98.5041904,20.7895698,99.1646991,19.8105252,97.060862,19.4518176,99.9634374,22.1226332
2026-06-16,Descending,33,79,T33_F79,12841,L:SCI:SH:20M+05N:FS:B4:D09,59945.857,34607.818,57.7318,97.9612353,18.8042055,98.4340916,18.6880662,96.5393692,17.4712739,99.3973822,20.1331673
2026-06-16,Descending,33,80,T33_F80,12845,L:SCI:SH:20M+05N:FS:B4:D09,59886.468,6824.429,11.3956,97.4347438,16.8178047,98.3693447,17.38101,96.0319369,15.4894874,98.8502672,18.1428761
2026-06-16,Descending,33,81,T33_F81,12849,L:SCI:SH:20M+05N:FS:B4:D09,59833.302,39.344,0.0658,96.9232466,14.8304614,98.1895448,15.1571582,95.537233,13.5065713,98.3204758,16.1518347
2026-06-19,Ascending,83,8,T83_F8,32325,,59793.402,1.028,0.0017,103.9628259,12.8420694,102.5897149,13.6074715,102.5815443,11.522391,105.3343368,14.1599645
2026-06-19,Ascending,83,9,T83_F9,32329,L:SCI:DH:40M+05N:FS:B4:D02,59840.444,45914.205,76.7277,103.4649527,14.8302745,103.4025486,15.0690931,102.067578,13.5063383,104.8511099,16.1516927
2026-06-19,Ascending,83,10,T83_F10,32333,L:SCI:DH:40M+05N:FS:B4:D02,59893.681,59861.405,99.9461,102.9534193,16.8176194,102.9535857,16.8170629,101.537749,15.4892562,104.3563711,18.1427357
2026-06-19,Ascending,83,11,T83_F11,32337,,59953.129,11347.579,18.9274,102.4268942,18.8040215,102.4525126,18.0926567,100.990599,17.471044,103.8489068,20.1330282
2026-06-19,Ascending,83,12,T83_F12,32341,,60018.775,304.816,0.5079,101.8839078,20.7893868,101.1082899,19.5326106,100.424511,19.4515888,103.3273841,22.1224952
2026-06-19,Descending,76,79,T76_F79,29781,,59944.176,7093.964,11.8343,104.2035445,18.8042141,103.7092591,18.0458456,102.7817018,17.4712876,105.639671,20.1331709
2026-06-19,Descending,76,80,T76_F80,29785,L:SCI:DH:40M+05N:FS:B4:D02,59884.619,56572.302,94.4688,103.6770296,16.8178173,103.6244684,16.7841561,102.2742492,15.4895059,105.0925293,18.142883
2026-06-19,Descending,76,81,T76_F81,29789,L:SCI:DH:40M+05N:FS:B4:D02,59831.28,48922.576,81.7676,103.1655095,14.830478,103.0791425,15.0151783,101.7795255,13.5065945,104.5627119,16.1518447
2026-06-19,Descending,76,82,T76_F82,29793,,59784.157,18496.892,30.9395,102.6676531,12.8422786,102.1208718,13.1620513,101.296317,11.5226537,104.0487606,14.1601213
2026-06-19,Descending,76,83,T76_F83,29797,L:SCI:SH:20M+05N:FS:B4:D09,59743.27,145.453,0.2435,102.1822491,10.8532918,102.648151,11.6717332,100.8235123,9.5377716,103.5493553,12.1677702
2026-06-19,Descending,76,85,T76_F85,29805,L:SCI:DH:40M+05N:FS:B4:D02,59680.265,18920.13,31.7025,101.2444586,6.8732024,101.0578562,6.5414828,99.9050955,5.5654857,102.5894891,8.1813781
2026-06-19,Descending,76,86,T76_F86,29809,L:SCI:DH:40M+05N:FS:B4:D02,59658.183,822.13,1.3781,100.7901158,4.8822031,101.1586688,5.7979817,99.4576522,3.578209,102.1269311,6.1874175
2026-06-21,Ascending,112,4,T112_F4,43681,L:SCI:DH:40M+05N:FS:B4:D02,59668.731,1819.516,3.0494,101.6783939,4.8819775,101.5073004,5.8616717,100.3413773,3.5779286,103.0110579,6.1872458
2026-06-21,Ascending,112,5,T112_F5,43685,L:SCI:DH:40M+05N:FS:B4:D02,59690.857,20302.735,34.0131,101.2240267,6.8729816,100.9660573,6.6218174,99.8787954,5.5652104,102.5635898,8.1812107
2026-06-21,Ascending,112,6,T112_F6,43689,,59719.243,9091.405,15.2236,100.760275,8.8633653,99.933179,8.4380963,99.4049685,7.5517563,102.1085768,10.1746783
2026-06-21,Ascending,112,7,T112_F7,43693,,59753.881,4235.801,7.0887,100.2861996,10.8530806,99.415354,11.1050983,98.9188939,9.5375068,101.6451355,12.1676114
2026-06-21,Ascending,112,8,T112_F8,43697,L:SCI:DH:40M+05N:FS:B4:D02 S:DB:DH:37W:B4,59794.748,23760.796,39.7373,99.8007831,12.8420719,99.8264836,13.1670157,98.4194767,11.522394,101.1723177,14.1599665
2026-06-21,Ascending,112,9,T112_F9,43701,L:SCI:DH:40M+05N:FS:B4:D02 S:DB:DH:37W:B4,59841.835,49172.186,82.1703,99.3029178,14.8302758,99.4849137,14.8989959,97.905517,13.5063398,100.6890998,16.1516939
2026-06-21,Ascending,112,10,T112_F10,43705,L:SCI:DH:40M+05N:FS:B4:D02 S:DB:DH:37W:B4,59895.124,39974.454,66.7407,98.7913922,16.8176194,99.1483272,16.9434464,97.3756945,15.4892559,100.1943701,18.1427359
2026-06-21,Ascending,112,11,T112_F11,43709,L:SCI:DH:40M+05N:FS:B4:D02 S:DB:DH:37W:B4,59954.619,40773.197,68.0068,98.2648749,18.8040201,98.5779005,18.7116129,96.828551,17.4710419,99.6869147,20.1330274
2026-06-21,Ascending,112,12,T112_F12,43713,L:SCI:DH:40M+05N:FS:B4:D02 S:DB:DH:37W:B4,60020.319,202.315,0.3371,97.7218962,20.7893839,98.8492255,19.9803614,96.2624693,19.4515848,99.1654012,22.1224934
2026-06-21,Descending,105,78,T105_F78,41261,,60010.606,6764.51,11.2722,100.5849175,20.7895834,100.0011147,20.0638949,99.1416034,19.4518354,102.0441511,22.1226428
2026-06-21,Descending,105,79,T105_F79,41265,L:SCI:DH:40M+05N:FS:B4:D02,59944.941,56560.566,94.3542,100.0419571,18.8042203,99.9870316,18.7688789,98.6201063,17.4712932,101.4780896,20.1331777
2026-06-21,Descending,105,80,T105_F80,41269,,59885.504,55074.042,91.9656,99.5154606,16.8178207,99.6073938,16.8571487,98.1126699,15.4895081,100.9309686,18.1428876
2026-06-21,Descending,105,81,T105_F81,41273,L:SCI:SH:20M+05N:FS:B4:D09,59832.279,42182.712,70.5016,99.0039585,14.8304786,99.3187036,14.8696919,97.6179621,13.5065934,100.4011714,16.151847
2026-06-21,Descending,105,82,T105_F82,41277,L:SCI:SH:20M+05N:FS:B4:D09,59785.279,8770.464,14.6699,98.5061198,12.8422765,99.463611,13.1451117,97.1347691,11.5226493,99.8872399,14.1601216
2026-06-21,Descending,105,83,T105_F83,41281,L:SCI:SH:20M+05N:FS:B4:D09,59744.511,5976.923,10.0041,98.0207332,10.8532871,98.8802018,10.2592656,96.6619796,9.5377641,99.3878542,12.1677684
2026-06-21,Descending,105,84,T105_F84,41285,L:SCI:SH:20M+05N:FS:B4:D09,59710.0,8013.714,13.4211,97.5466915,8.8635739,98.5093059,8.9194045,96.1985702,7.5520156,98.9018147,10.1748375
2026-06-24,Ascending,155,9,T155_F9,60533,L:SCI:DH:20M+05N:FS:B4:D09,59839.606,20483.755,34.2311,105.5459921,14.8302794,104.9343681,15.1142664,104.1486332,13.5063446,106.9321341,16.1516964
2026-06-24,Ascending,155,10,T155_F10,60537,L:SCI:DH:20M+05N:FS:B4:D09,59892.834,25616.14,42.77,105.0344558,16.817625,104.4058392,16.6174166,103.6188018,15.4892631,106.4373919,18.14274
2026-06-24,Ascending,155,11,T155_F11,60541,L:SCI:DH:20M+05N:FS:B4:D09,59952.252,6686.768,11.1535,104.5079278,18.8040277,103.8595031,17.9364105,103.0716495,17.4710519,105.9299241,20.1330328
2026-06-24,Descending,148,80,T148_F80,58193,L:SCI:DH:20M+05N:FS:B4:D09,59884.249,6780.302,11.3223,105.7578483,16.8178104,104.7752705,16.3750848,104.3550721,15.4894981,107.1733443,18.1428769
2026-06-24,Descending,148,81,T148_F81,58197,L:SCI:DH:20M+05N:FS:B4:D09,59830.873,26912.189,44.9804,105.2463195,14.8304718,104.8178006,15.1606795,103.8603403,13.5065877,106.6435175,16.1518392
2026-06-24,Descending,148,85,T148_F85,58213,L:SCI:DH:40M+05N:FS:B4:D02,59679.725,141.276,0.2367,103.3252344,6.8731991,102.0351209,6.1634222,101.9858784,5.5654821,104.6702583,8.181375
2026-06-24,Descending,148,86,T148_F86,58217,L:SCI:DH:40M+05N:FS:B4:D02,59657.604,97.597,0.1636,102.8708829,4.8822004,102.024228,6.1144042,101.5384271,3.5782062,104.207691,6.1874149
2026-06-26,Ascending,11,7,T11_F7,4073,,59753.297,243.512,0.4075,102.3672131,10.853076,102.7044377,11.7726956,100.9999181,9.5375012,103.7261389,12.1676079
2026-06-26,Ascending,11,8,T11_F8,4077,L:SCI:DH:40M+05N:FS:B4:D02,59794.139,28668.162,47.9448,101.8817924,12.842068,101.8136389,13.2143551,100.5004973,11.5223892,103.2533163,14.1599636
2026-06-26,Ascending,11,9,T11_F9,4081,L:SCI:DH:40M+05N:FS:B4:D02,59841.192,59823.713,99.9708,101.3839229,14.8302726,101.3841518,14.8306459,99.9865342,13.506336,102.7700935,16.1516913
2026-06-26,Ascending,11,10,T11_F10,4085,,59894.455,56491.654,94.3187,100.8723932,16.817617,100.8464147,16.7562767,99.4567084,15.489253,102.275359,18.142734
2026-06-26,Ascending,11,11,T11_F11,4089,,59953.913,47596.047,79.3877,100.3458718,18.8040184,100.1282328,18.7425673,98.9095615,17.4710401,101.7678988,20.133026
2026-06-26,Ascending,11,12,T11_F12,4093,,60019.59,10944.009,18.2341,99.802889,20.7893831,99.7131767,19.949408,98.3434765,19.4515839,101.2463804,22.1224927
2026-06-26,Descending,4,79,T4_F79,1553,L:SCI:DH:20M+05N:FS:B4:D09,59944.434,12094.16,20.1756,102.1227305,18.8042218,101.7939286,18.2051571,100.7008863,17.4712961,103.5588576,20.1331778
2026-06-26,Descending,4,80,T4_F80,1557,,59884.933,57184.236,95.4902,101.5962255,16.8178237,101.6138883,16.7721575,100.1934426,15.4895128,103.0117269,18.1428888
2026-06-26,Descending,4,81,T4_F81,1561,L:SCI:DH:40M+05N:FS:B4:D02,59831.646,59831.646,100.0,101.0847152,14.830483,101.0847152,14.830483,99.6987276,13.5065998,102.4819202,16.1518495
2026-06-26,Descending,4,82,T4_F82,1565,L:SCI:DH:40M+05N:FS:B4:D02,59784.58,30850.025,51.602,100.5868684,12.8422823,100.5221042,13.2038364,99.2155277,11.5226574,101.9679795,14.1601251
2026-06-26,Descending,4,83,T4_F83,1569,,59743.75,8618.965,14.4266,100.1014738,10.8532943,99.2638868,10.8976142,98.7427314,9.5377739,101.4685847,12.167773
2026-06-26,Descending,4,84,T4_F84,1573,L:SCI:DH:40M+05N:FS:B4:D02,59709.171,34203.324,57.2832,99.6274241,8.8635826,99.2930162,8.6995935,98.2793152,7.5520271,100.9825361,10.1748432
2026-06-26,Descending,4,85,T4_F85,1577,,59680.864,13440.227,22.5202,99.1637022,6.8732025,99.7384325,7.3815838,97.8243313,5.565485,100.5087394,8.1813789
2026-06-28,Ascending,40,5,T40_F5,15345,,59691.274,13791.961,23.1055,99.1430257,6.8729915,99.768846,7.4412602,97.7977867,5.5652226,100.4825957,8.1812181
2026-06-28,Ascending,40,6,T40_F6,15349,L:SCI:DH:40M+05N:FS:B4:D02,59719.699,31295.121,52.4033,98.6792785,8.8633744,99.0471001,8.8158619,97.3239636,7.5517675,100.027588,10.1746852
2026-06-28,Ascending,40,7,T40_F7,15353,,59754.373,6895.642,11.54,98.2052076,10.8530888,99.0130324,10.4518276,96.8378925,9.5375171,99.5641519,12.1676177
2026-06-28,Ascending,40,9,T40_F9,15361,L:SCI:DH:40M+05N:FS:B4:D02 S:DB:DH:37W:B4,59842.407,1216.742,2.0332,97.2219344,14.8302824,98.312511,14.9283171,95.8245225,13.5063479,98.6081265,16.1516989
2026-06-28,Ascending,40,11,T40_F11,15369,L:SCI:DH:40M+05N:FS:B4:D02 S:DB:DH:37W:B4,59955.272,196.044,0.327,96.1839,18.8040248,97.4656079,18.404956,94.7475631,17.4710477,97.6059518,20.133031
2026-06-28,Descending,33,78,T33_F78,12837,L:SCI:DH:20M+05N:FS:B4:D09,60011.459,4310.086,7.1821,98.5041904,20.7895698,99.1646991,19.8105252,97.060862,19.4518176,99.9634374,22.1226332
2026-06-28,Descending,33,79,T33_F79,12841,L:SCI:DH:20M+05N:FS:B4:D09,59945.857,34607.818,57.7318,97.9612353,18.8042055,98.4340916,18.6880662,96.5393692,17.4712739,99.3973822,20.1331673
2026-06-28,Descending,33,80,T33_F80,12845,L:SCI:DH:20M+05N:FS:B4:D09,59886.468,6824.429,11.3956,97.4347438,16.8178047,98.3693447,17.38101,96.0319369,15.4894874,98.8502672,18.1428761
2026-06-28,Descending,33,81,T33_F81,12849,L:SCI:DH:20M+05N:FS:B4:D09,59833.302,39.344,0.0658,96.9232466,14.8304614,98.1895448,15.1571582,95.537233,13.5065713,98.3204758,16.1518347
2026-07-01,Ascending,83,8,T83_F8,32325,,59793.402,1.028,0.0017,103.9628259,12.8420694,102.5897149,13.6074715,102.5815443,11.522391,105.3343368,14.1599645
2026-07-01,Ascending,83,9,T83_F9,32329,L:SCI:DH:40M+05N:FS:B4:D02,59840.444,45914.205,76.7277,103.4649527,14.8302745,103.4025486,15.0690931,102.067578,13.5063383,104.8511099,16.1516927
2026-07-01,Ascending,83,10,T83_F10,32333,L:SCI:DH:40M+05N:FS:B4:D02,59893.681,59861.405,99.9461,102.9534193,16.8176194,102.9535857,16.8170629,101.537749,15.4892562,104.3563711,18.1427357
2026-07-01,Ascending,83,11,T83_F11,32337,,59953.129,11347.579,18.9274,102.4268942,18.8040215,102.4525126,18.0926567,100.990599,17.471044,103.8489068,20.1330282
2026-07-01,Ascending,83,12,T83_F12,32341,,60018.775,304.816,0.5079,101.8839078,20.7893868,101.1082899,19.5326106,100.424511,19.4515888,103.3273841,22.1224952
2026-07-01,Descending,76,79,T76_F79,29781,,59944.176,7093.964,11.8343,104.2035445,18.8042141,103.7092591,18.0458456,102.7817018,17.4712876,105.639671,20.1331709
2026-07-01,Descending,76,80,T76_F80,29785,L:SCI:DH:40M+05N:FS:B4:D02,59884.619,56572.302,94.4688,103.6770296,16.8178173,103.6244684,16.7841561,102.2742492,15.4895059,105.0925293,18.142883
2026-07-01,Descending,76,81,T76_F81,29789,L:SCI:DH:40M+05N:FS:B4:D02,59831.28,48922.576,81.7676,103.1655095,14.830478,103.0791425,15.0151783,101.7795255,13.5065945,104.5627119,16.1518447
2026-07-01,Descending,76,82,T76_F82,29793,,59784.157,18496.892,30.9395,102.6676531,12.8422786,102.1208718,13.1620513,101.296317,11.5226537,104.0487606,14.1601213
2026-07-01,Descending,76,83,T76_F83,29797,L:SCI:DH:20M+05N:FS:B4:D09,59743.27,145.453,0.2435,102.1822491,10.8532918,102.648151,11.6717332,100.8235123,9.5377716,103.5493553,12.1677702
2026-07-01,Descending,76,85,T76_F85,29805,L:SCI:DH:40M+05N:FS:B4:D02,59680.265,18920.13,31.7025,101.2444586,6.8732024,101.0578562,6.5414828,99.9050955,5.5654857,102.5894891,8.1813781
2026-07-01,Descending,76,86,T76_F86,29809,L:SCI:DH:40M+05N:FS:B4:D02,59658.183,822.13,1.3781,100.7901158,4.8822031,101.1586688,5.7979817,99.4576522,3.578209,102.1269311,6.1874175
2026-07-03,Ascending,112,4,T112_F4,43681,L:SCI:DH:40M+05N:FS:B4:D02,59668.731,1819.516,3.0494,101.6783939,4.8819775,101.5073004,5.8616717,100.3413773,3.5779286,103.0110579,6.1872458
2026-07-03,Ascending,112,5,T112_F5,43685,L:SCI:DH:40M+05N:FS:B4:D02,59690.857,20302.735,34.0131,101.2240267,6.8729816,100.9660573,6.6218174,99.8787954,5.5652104,102.5635898,8.1812107
2026-07-03,Ascending,112,6,T112_F6,43689,,59719.243,9091.405,15.2236,100.760275,8.8633653,99.933179,8.4380963,99.4049685,7.5517563,102.1085768,10.1746783
2026-07-03,Ascending,112,7,T112_F7,43693,,59753.881,4235.801,7.0887,100.2861996,10.8530806,99.415354,11.1050983,98.9188939,9.5375068,101.6451355,12.1676114
2026-07-03,Ascending,112,8,T112_F8,43697,L:SCI:DH:40M+05N:FS:B4:D02 S:DB:DH:37W:B4,59794.748,23760.796,39.7373,99.8007831,12.8420719,99.8264836,13.1670157,98.4194767,11.522394,101.1723177,14.1599665
2026-07-03,Ascending,112,9,T112_F9,43701,L:SCI:DH:40M+05N:FS:B4:D02 S:DB:DH:37W:B4,59841.835,49172.186,82.1703,99.3029178,14.8302758,99.4849137,14.8989959,97.905517,13.5063398,100.6890998,16.1516939
2026-07-03,Ascending,112,10,T112_F10,43705,L:SCI:DH:40M+05N:FS:B4:D02 S:DB:DH:37W:B4,59895.124,39974.454,66.7407,98.7913922,16.8176194,99.1483272,16.9434464,97.3756945,15.4892559,100.1943701,18.1427359
2026-07-03,Ascending,112,11,T112_F11,43709,L:SCI:DH:40M+05N:FS:B4:D02 S:DB:DH:37W:B4,59954.619,40773.197,68.0068,98.2648749,18.8040201,98.5779005,18.7116129,96.828551,17.4710419,99.6869147,20.1330274
2026-07-03,Ascending,112,12,T112_F12,43713,L:SCI:DH:40M+05N:FS:B4:D02 S:DB:DH:37W:B4,60020.319,202.315,0.3371,97.7218962,20.7893839,98.8492255,19.9803614,96.2624693,19.4515848,99.1654012,22.1224934
2026-07-03,Descending,105,78,T105_F78,41261,,60010.606,6764.51,11.2722,100.5849175,20.7895834,100.0011147,20.0638949,99.1416034,19.4518354,102.0441511,22.1226428
2026-07-03,Descending,105,79,T105_F79,41265,L:SCI:DH:40M+05N:FS:B4:D02,59944.941,56560.566,94.3542,100.0419571,18.8042203,99.9870316,18.7688789,98.6201063,17.4712932,101.4780896,20.1331777
2026-07-03,Descending,105,80,T105_F80,41269,,59885.504,55074.042,91.9656,99.5154606,16.8178207,99.6073938,16.8571487,98.1126699,15.4895081,100.9309686,18.1428876
2026-07-03,Descending,105,81,T105_F81,41273,L:SCI:DH:20M+05N:FS:B4:D09,59832.279,42182.712,70.5016,99.0039585,14.8304786,99.3187036,14.8696919,97.6179621,13.5065934,100.4011714,16.151847
2026-07-03,Descending,105,82,T105_F82,41277,L:SCI:DH:20M+05N:FS:B4:D09,59785.279,8770.464,14.6699,98.5061198,12.8422765,99.463611,13.1451117,97.1347691,11.5226493,99.8872399,14.1601216
2026-07-03,Descending,105,83,T105_F83,41281,L:SCI:DH:20M+05N:FS:B4:D09,59744.511,5976.923,10.0041,98.0207332,10.8532871,98.8802018,10.2592656,96.6619796,9.5377641,99.3878542,12.1677684
2026-07-03,Descending,105,84,T105_F84,41285,L:SCI:DH:20M+05N:FS:B4:D09,59710.0,8013.714,13.4211,97.5466915,8.8635739,98.5093059,8.9194045,96.1985702,7.5520156,98.9018147,10.1748375
2026-07-06,Ascending,155,9,T155_F9,60533,L:SCI:DH:20M+05N:FS:B4:D09,59839.606,20483.755,34.2311,105.5459921,14.8302794,104.9343681,15.1142664,104.1486332,13.5063446,106.9321341,16.1516964
2026-07-06,Ascending,155,10,T155_F10,60537,L:SCI:DH:20M+05N:FS:B4:D09,59892.834,25616.14,42.77,105.0344558,16.817625,104.4058392,16.6174166,103.6188018,15.4892631,106.4373919,18.14274
2026-07-06,Ascending,155,11,T155_F11,60541,L:SCI:DH:20M+05N:FS:B4:D09,59952.252,6686.768,11.1535,104.5079278,18.8040277,103.8595031,17.9364105,103.0716495,17.4710519,105.9299241,20.1330328
2026-07-06,Descending,148,80,T148_F80,58193,L:SCI:SH:20M+05N:FS:B4:D09,59884.249,6780.302,11.3223,105.7578483,16.8178104,104.7752705,16.3750848,104.3550721,15.4894981,107.1733443,18.1428769
2026-07-06,Descending,148,81,T148_F81,58197,L:SCI:SH:20M+05N:FS:B4:D09,59830.873,26912.189,44.9804,105.2463195,14.8304718,104.8178006,15.1606795,103.8603403,13.5065877,106.6435175,16.1518392
2026-07-06,Descending,148,85,T148_F85,58213,L:SCI:DH:40M+05N:FS:B4:D02,59679.725,141.276,0.2367,103.3252344,6.8731991,102.0351209,6.1634222,101.9858784,5.5654821,104.6702583,8.181375
2026-07-06,Descending,148,86,T148_F86,58217,L:SCI:DH:40M+05N:FS:B4:D02,59657.604,97.597,0.1636,102.8708829,4.8822004,102.024228,6.1144042,101.5384271,3.5782062,104.207691,6.1874149
2026-07-08,Ascending,11,7,T11_F7,4073,,59753.297,243.512,0.4075,102.3672131,10.853076,102.7044377,11.7726956,100.9999181,9.5375012,103.7261389,12.1676079
2026-07-08,Ascending,11,8,T11_F8,4077,L:SCI:DH:40M+05N:FS:B4:D02,59794.139,28668.162,47.9448,101.8817924,12.842068,101.8136389,13.2143551,100.5004973,11.5223892,103.2533163,14.1599636
2026-07-08,Ascending,11,9,T11_F9,4081,L:SCI:DH:40M+05N:FS:B4:D02,59841.192,59823.713,99.9708,101.3839229,14.8302726,101.3841518,14.8306459,99.9865342,13.506336,102.7700935,16.1516913
2026-07-08,Ascending,11,10,T11_F10,4085,,59894.455,56491.654,94.3187,100.8723932,16.817617,100.8464147,16.7562767,99.4567084,15.489253,102.275359,18.142734
2026-07-08,Ascending,11,11,T11_F11,4089,,59953.913,47596.047,79.3877,100.3458718,18.8040184,100.1282328,18.7425673,98.9095615,17.4710401,101.7678988,20.133026
2026-07-08,Ascending,11,12,T11_F12,4093,,60019.59,10944.009,18.2341,99.802889,20.7893831,99.7131767,19.949408,98.3434765,19.4515839,101.2463804,22.1224927
2026-07-08,Descending,4,79,T4_F79,1553,L:SCI:SH:20M+05N:FS:B4:D09,59944.434,12094.16,20.1756,102.1227305,18.8042218,101.7939286,18.2051571,100.7008863,17.4712961,103.5588576,20.1331778
2026-07-08,Descending,4,80,T4_F80,1557,,59884.933,57184.236,95.4902,101.5962255,16.8178237,101.6138883,16.7721575,100.1934426,15.4895128,103.0117269,18.1428888
2026-07-08,Descending,4,81,T4_F81,1561,L:SCI:DH:40M+05N:FS:B4:D02,59831.646,59831.646,100.0,101.0847152,14.830483,101.0847152,14.830483,99.6987276,13.5065998,102.4819202,16.1518495
2026-07-08,Descending,4,82,T4_F82,1565,L:SCI:DH:40M+05N:FS:B4:D02,59784.58,30850.025,51.602,100.5868684,12.8422823,100.5221042,13.2038364,99.2155277,11.5226574,101.9679795,14.1601251
2026-07-08,Descending,4,83,T4_F83,1569,,59743.75,8618.965,14.4266,100.1014738,10.8532943,99.2638868,10.8976142,98.7427314,9.5377739,101.4685847,12.167773
2026-07-08,Descending,4,84,T4_F84,1573,L:SCI:DH:40M+05N:FS:B4:D02,59709.171,34203.324,57.2832,99.6274241,8.8635826,99.2930162,8.6995935,98.2793152,7.5520271,100.9825361,10.1748432
2026-07-08,Descending,4,85,T4_F85,1577,,59680.864,13440.227,22.5202,99.1637022,6.8732025,99.7384325,7.3815838,97.8243313,5.565485,100.5087394,8.1813789
2026-07-10,Ascending,40,5,T40_F5,15345,,59691.274,13791.961,23.1055,99.1430257,6.8729915,99.768846,7.4412602,97.7977867,5.5652226,100.4825957,8.1812181
2026-07-10,Ascending,40,6,T40_F6,15349,L:SCI:DH:40M+05N:FS:B4:D02,59719.699,31295.121,52.4033,98.6792785,8.8633744,99.0471001,8.8158619,97.3239636,7.5517675,100.027588,10.1746852
2026-07-10,Ascending,40,7,T40_F7,15353,,59754.373,6895.642,11.54,98.2052076,10.8530888,99.0130324,10.4518276,96.8378925,9.5375171,99.5641519,12.1676177
2026-07-10,Ascending,40,9,T40_F9,15361,L:SCI:DH:40M+05N:FS:B4:D02 S:DB:DH:37W:B4,59842.407,1216.742,2.0332,97.2219344,14.8302824,98.312511,14.9283171,95.8245225,13.5063479,98.6081265,16.1516989
2026-07-10,Ascending,40,11,T40_F11,15369,L:SCI:DH:40M+05N:FS:B4:D02 S:DB:DH:37W:B4,59955.272,196.044,0.327,96.1839,18.8040248,97.4656079,18.404956,94.7475631,17.4710477,97.6059518,20.133031
2026-07-10,Descending,33,78,T33_F78,12837,"L:SCI:DH:20M+05N:FS:B4:D09, L:SCI:SH:20M+05N:FS:B4:D09 | L:SCI:DH:20M+05N:FS:B4:D09",60011.459,4310.086,7.1821,98.5041904,20.7895698,99.1646991,19.8105252,97.060862,19.4518176,99.9634374,22.1226332
2026-07-10,Descending,33,79,T33_F79,12841,L:SCI:SH:20M+05N:FS:B4:D09,59945.857,34607.818,57.7318,97.9612353,18.8042055,98.4340916,18.6880662,96.5393692,17.4712739,99.3973822,20.1331673
2026-07-10,Descending,33,80,T33_F80,12845,L:SCI:SH:20M+05N:FS:B4:D09,59886.468,6824.429,11.3956,97.4347438,16.8178047,98.3693447,17.38101,96.0319369,15.4894874,98.8502672,18.1428761
2026-07-10,Descending,33,81,T33_F81,12849,L:SCI:SH:20M+05N:FS:B4:D09,59833.302,39.344,0.0658,96.9232466,14.8304614,98.1895448,15.1571582,95.537233,13.5065713,98.3204758,16.1518347
2026-07-13,Ascending,83,8,T83_F8,32325,,59793.402,1.028,0.0017,103.9628259,12.8420694,102.5897149,13.6074715,102.5815443,11.522391,105.3343368,14.1599645
2026-07-13,Ascending,83,9,T83_F9,32329,L:SCI:DH:40M+05N:FS:B4:D02,59840.444,45914.205,76.7277,103.4649527,14.8302745,103.4025486,15.0690931,102.067578,13.5063383,104.8511099,16.1516927
2026-07-13,Ascending,83,10,T83_F10,32333,L:SCI:DH:40M+05N:FS:B4:D02,59893.681,59861.405,99.9461,102.9534193,16.8176194,102.9535857,16.8170629,101.537749,15.4892562,104.3563711,18.1427357
2026-07-13,Ascending,83,11,T83_F11,32337,,59953.129,11347.579,18.9274,102.4268942,18.8040215,102.4525126,18.0926567,100.990599,17.471044,103.8489068,20.1330282
2026-07-13,Ascending,83,12,T83_F12,32341,,60018.775,304.816,0.5079,101.8839078,20.7893868,101.1082899,19.5326106,100.424511,19.4515888,103.3273841,22.1224952
2026-07-13,Descending,76,79,T76_F79,29781,,59944.176,7093.964,11.8343,104.2035445,18.8042141,103.7092591,18.0458456,102.7817018,17.4712876,105.639671,20.1331709
2026-07-13,Descending,76,80,T76_F80,29785,L:SCI:DH:40M+05N:FS:B4:D02,59884.619,56572.302,94.4688,103.6770296,16.8178173,103.6244684,16.7841561,102.2742492,15.4895059,105.0925293,18.142883
2026-07-13,Descending,76,81,T76_F81,29789,L:SCI:DH:40M+05N:FS:B4:D02,59831.28,48922.576,81.7676,103.1655095,14.830478,103.0791425,15.0151783,101.7795255,13.5065945,104.5627119,16.1518447
2026-07-13,Descending,76,82,T76_F82,29793,,59784.157,18496.892,30.9395,102.6676531,12.8422786,102.1208718,13.1620513,101.296317,11.5226537,104.0487606,14.1601213
2026-07-13,Descending,76,83,T76_F83,29797,L:SCI:SH:20M+05N:FS:B4:D09,59743.27,145.453,0.2435,102.1822491,10.8532918,102.648151,11.6717332,100.8235123,9.5377716,103.5493553,12.1677702
2026-07-13,Descending,76,85,T76_F85,29805,L:SCI:DH:40M+05N:FS:B4:D02,59680.265,18920.13,31.7025,101.2444586,6.8732024,101.0578562,6.5414828,99.9050955,5.5654857,102.5894891,8.1813781
2026-07-13,Descending,76,86,T76_F86,29809,L:SCI:DH:40M+05N:FS:B4:D02,59658.183,822.13,1.3781,100.7901158,4.8822031,101.1586688,5.7979817,99.4576522,3.578209,102.1269311,6.1874175
2026-07-15,Ascending,112,4,T112_F4,43681,L:SCI:DH:40M+05N:FS:B4:D02,59668.731,1819.516,3.0494,101.6783939,4.8819775,101.5073004,5.8616717,100.3413773,3.5779286,103.0110579,6.1872458
2026-07-15,Ascending,112,5,T112_F5,43685,L:SCI:DH:40M+05N:FS:B4:D02,59690.857,20302.735,34.0131,101.2240267,6.8729816,100.9660573,6.6218174,99.8787954,5.5652104,102.5635898,8.1812107
2026-07-15,Ascending,112,6,T112_F6,43689,,59719.243,9091.405,15.2236,100.760275,8.8633653,99.933179,8.4380963,99.4049685,7.5517563,102.1085768,10.1746783
2026-07-15,Ascending,112,7,T112_F7,43693,,59753.881,4235.801,7.0887,100.2861996,10.8530806,99.415354,11.1050983,98.9188939,9.5375068,101.6451355,12.1676114
2026-07-15,Ascending,112,8,T112_F8,43697,L:SCI:DH:40M+05N:FS:B4:D02 S:DB:DH:37W:B4,59794.748,23760.796,39.7373,99.8007831,12.8420719,99.8264836,13.1670157,98.4194767,11.522394,101.1723177,14.1599665
2026-07-15,Ascending,112,9,T112_F9,43701,L:SCI:DH:40M+05N:FS:B4:D02 S:DB:DH:37W:B4,59841.835,49172.186,82.1703,99.3029178,14.8302758,99.4849137,14.8989959,97.905517,13.5063398,100.6890998,16.1516939
2026-07-15,Ascending,112,10,T112_F10,43705,L:SCI:DH:40M+05N:FS:B4:D02 S:DB:DH:37W:B4,59895.124,39974.454,66.7407,98.7913922,16.8176194,99.1483272,16.9434464,97.3756945,15.4892559,100.1943701,18.1427359
2026-07-15,Ascending,112,11,T112_F11,43709,L:SCI:DH:40M+05N:FS:B4:D02 S:DB:DH:37W:B4,59954.619,40773.197,68.0068,98.2648749,18.8040201,98.5779005,18.7116129,96.828551,17.4710419,99.6869147,20.1330274
2026-07-15,Ascending,112,12,T112_F12,43713,L:SCI:DH:40M+05N:FS:B4:D02 S:DB:DH:37W:B4,60020.319,202.315,0.3371,97.7218962,20.7893839,98.8492255,19.9803614,96.2624693,19.4515848,99.1654012,22.1224934
2026-07-15,Descending,105,78,T105_F78,41261,,60010.606,6764.51,11.2722,100.5849175,20.7895834,100.0011147,20.0638949,99.1416034,19.4518354,102.0441511,22.1226428
2026-07-15,Descending,105,79,T105_F79,41265,L:SCI:DH:40M+05N:FS:B4:D02,59944.941,56560.566,94.3542,100.0419571,18.8042203,99.9870316,18.7688789,98.6201063,17.4712932,101.4780896,20.1331777
2026-07-15,Descending,105,80,T105_F80,41269,,59885.504,55074.042,91.9656,99.5154606,16.8178207,99.6073938,16.8571487,98.1126699,15.4895081,100.9309686,18.1428876
2026-07-15,Descending,105,81,T105_F81,41273,L:SCI:SH:20M+05N:FS:B4:D09,59832.279,42182.712,70.5016,99.0039585,14.8304786,99.3187036,14.8696919,97.6179621,13.5065934,100.4011714,16.151847
2026-07-15,Descending,105,82,T105_F82,41277,L:SCI:SH:20M+05N:FS:B4:D09,59785.279,8770.464,14.6699,98.5061198,12.8422765,99.463611,13.1451117,97.1347691,11.5226493,99.8872399,14.1601216
2026-07-15,Descending,105,83,T105_F83,41281,L:SCI:SH:20M+05N:FS:B4:D09,59744.511,5976.923,10.0041,98.0207332,10.8532871,98.8802018,10.2592656,96.6619796,9.5377641,99.3878542,12.1677684
2026-07-15,Descending,105,84,T105_F84,41285,L:SCI:SH:20M+05N:FS:B4:D09,59710.0,8013.714,13.4211,97.5466915,8.8635739,98.5093059,8.9194045,96.1985702,7.5520156,98.9018147,10.1748375
2026-07-18,Ascending,155,9,T155_F9,60533,L:SCI:DH:20M+05N:FS:B4:D09,59839.606,20483.755,34.2311,105.5459921,14.8302794,104.9343681,15.1142664,104.1486332,13.5063446,106.9321341,16.1516964
2026-07-18,Ascending,155,10,T155_F10,60537,L:SCI:DH:20M+05N:FS:B4:D09,59892.834,25616.14,42.77,105.0344558,16.817625,104.4058392,16.6174166,103.6188018,15.4892631,106.4373919,18.14274
2026-07-18,Ascending,155,11,T155_F11,60541,L:SCI:DH:20M+05N:FS:B4:D09,59952.252,6686.768,11.1535,104.5079278,18.8040277,103.8595031,17.9364105,103.0716495,17.4710519,105.9299241,20.1330328
2026-07-18,Descending,148,80,T148_F80,58193,L:SCI:DH:20M+05N:FS:B4:D09,59884.249,6780.302,11.3223,105.7578483,16.8178104,104.7752705,16.3750848,104.3550721,15.4894981,107.1733443,18.1428769
2026-07-18,Descending,148,81,T148_F81,58197,L:SCI:DH:20M+05N:FS:B4:D09,59830.873,26912.189,44.9804,105.2463195,14.8304718,104.8178006,15.1606795,103.8603403,13.5065877,106.6435175,16.1518392
2026-07-18,Descending,148,85,T148_F85,58213,L:SCI:DH:40M+05N:FS:B4:D02,59679.725,141.276,0.2367,103.3252344,6.8731991,102.0351209,6.1634222,101.9858784,5.5654821,104.6702583,8.181375
2026-07-18,Descending,148,86,T148_F86,58217,L:SCI:DH:40M+05N:FS:B4:D02,59657.604,97.597,0.1636,102.8708829,4.8822004,102.024228,6.1144042,101.5384271,3.5782062,104.207691,6.1874149
2026-07-20,Ascending,11,7,T11_F7,4073,,59753.297,243.512,0.4075,102.3672131,10.853076,102.7044377,11.7726956,100.9999181,9.5375012,103.7261389,12.1676079
2026-07-20,Ascending,11,8,T11_F8,4077,L:SCI:DH:40M+05N:FS:B4:D02,59794.139,28668.162,47.9448,101.8817924,12.842068,101.8136389,13.2143551,100.5004973,11.5223892,103.2533163,14.1599636
2026-07-20,Ascending,11,9,T11_F9,4081,L:SCI:DH:40M+05N:FS:B4:D02,59841.192,59823.713,99.9708,101.3839229,14.8302726,101.3841518,14.8306459,99.9865342,13.506336,102.7700935,16.1516913
2026-07-20,Ascending,11,10,T11_F10,4085,,59894.455,56491.654,94.3187,100.8723932,16.817617,100.8464147,16.7562767,99.4567084,15.489253,102.275359,18.142734
2026-07-20,Ascending,11,11,T11_F11,4089,,59953.913,47596.047,79.3877,100.3458718,18.8040184,100.1282328,18.7425673,98.9095615,17.4710401,101.7678988,20.133026
2026-07-20,Ascending,11,12,T11_F12,4093,,60019.59,10944.009,18.2341,99.802889,20.7893831,99.7131767,19.949408,98.3434765,19.4515839,101.2463804,22.1224927
2026-07-20,Descending,4,79,T4_F79,1553,L:SCI:DH:20M+05N:FS:B4:D09,59944.434,12094.16,20.1756,102.1227305,18.8042218,101.7939286,18.2051571,100.7008863,17.4712961,103.5588576,20.1331778
2026-07-20,Descending,4,80,T4_F80,1557,,59884.933,57184.236,95.4902,101.5962255,16.8178237,101.6138883,16.7721575,100.1934426,15.4895128,103.0117269,18.1428888
2026-07-20,Descending,4,81,T4_F81,1561,L:SCI:DH:40M+05N:FS:B4:D02,59831.646,59831.646,100.0,101.0847152,14.830483,101.0847152,14.830483,99.6987276,13.5065998,102.4819202,16.1518495
2026-07-20,Descending,4,82,T4_F82,1565,L:SCI:DH:40M+05N:FS:B4:D02,59784.58,30850.025,51.602,100.5868684,12.8422823,100.5221042,13.2038364,99.2155277,11.5226574,101.9679795,14.1601251
2026-07-20,Descending,4,83,T4_F83,1569,,59743.75,8618.965,14.4266,100.1014738,10.8532943,99.2638868,10.8976142,98.7427314,9.5377739,101.4685847,12.167773
2026-07-20,Descending,4,84,T4_F84,1573,L:SCI:DH:40M+05N:FS:B4:D02,59709.171,34203.324,57.2832,99.6274241,8.8635826,99.2930162,8.6995935,98.2793152,7.5520271,100.9825361,10.1748432
2026-07-20,Descending,4,85,T4_F85,1577,,59680.864,13440.227,22.5202,99.1637022,6.8732025,99.7384325,7.3815838,97.8243313,5.565485,100.5087394,8.1813789
2026-07-22,Ascending,40,5,T40_F5,15345,,59691.274,13791.961,23.1055,99.1430257,6.8729915,99.768846,7.4412602,97.7977867,5.5652226,100.4825957,8.1812181
2026-07-22,Ascending,40,6,T40_F6,15349,L:SCI:DH:40M+05N:FS:B4:D02,59719.699,31295.121,52.4033,98.6792785,8.8633744,99.0471001,8.8158619,97.3239636,7.5517675,100.027588,10.1746852
2026-07-22,Ascending,40,7,T40_F7,15353,,59754.373,6895.642,11.54,98.2052076,10.8530888,99.0130324,10.4518276,96.8378925,9.5375171,99.5641519,12.1676177
2026-07-22,Ascending,40,9,T40_F9,15361,L:SCI:DH:40M+05N:FS:B4:D02 S:DB:DH:37W:B4,59842.407,1216.742,2.0332,97.2219344,14.8302824,98.312511,14.9283171,95.8245225,13.5063479,98.6081265,16.1516989
2026-07-22,Ascending,40,11,T40_F11,15369,L:SCI:DH:40M+05N:FS:B4:D02 S:DB:DH:37W:B4,59955.272,196.044,0.327,96.1839,18.8040248,97.4656079,18.404956,94.7475631,17.4710477,97.6059518,20.133031
2026-07-22,Descending,33,78,T33_F78,12837,"L:SCI:DH:20M+05N:FS:B4:D09, L:SCI:SH:20M+05N:FS:B4:D09",60011.459,4310.086,7.1821,98.5041904,20.7895698,99.1646991,19.8105252,97.060862,19.4518176,99.9634374,22.1226332
2026-07-22,Descending,33,79,T33_F79,12841,L:SCI:DH:20M+05N:FS:B4:D09,59945.857,34607.818,57.7318,97.9612353,18.8042055,98.4340916,18.6880662,96.5393692,17.4712739,99.3973822,20.1331673
2026-07-22,Descending,33,80,T33_F80,12845,L:SCI:DH:20M+05N:FS:B4:D09,59886.468,6824.429,11.3956,97.4347438,16.8178047,98.3693447,17.38101,96.0319369,15.4894874,98.8502672,18.1428761
2026-07-22,Descending,33,81,T33_F81,12849,L:SCI:DH:20M+05N:FS:B4:D09,59833.302,39.344,0.0658,96.9232466,14.8304614,98.1895448,15.1571582,95.537233,13.5065713,98.3204758,16.1518347
2026-07-25,Ascending,83,8,T83_F8,32325,,59793.402,1.028,0.0017,103.9628259,12.8420694,102.5897149,13.6074715,102.5815443,11.522391,105.3343368,14.1599645
2026-07-25,Ascending,83,9,T83_F9,32329,L:SCI:DH:40M+05N:FS:B4:D02,59840.444,45914.205,76.7277,103.4649527,14.8302745,103.4025486,15.0690931,102.067578,13.5063383,104.8511099,16.1516927
2026-07-25,Ascending,83,10,T83_F10,32333,L:SCI:DH:40M+05N:FS:B4:D02,59893.681,59861.405,99.9461,102.9534193,16.8176194,102.9535857,16.8170629,101.537749,15.4892562,104.3563711,18.1427357
2026-07-25,Ascending,83,11,T83_F11,32337,,59953.129,11347.579,18.9274,102.4268942,18.8040215,102.4525126,18.0926567,100.990599,17.471044,103.8489068,20.1330282
2026-07-25,Ascending,83,12,T83_F12,32341,,60018.775,304.816,0.5079,101.8839078,20.7893868,101.1082899,19.5326106,100.424511,19.4515888,103.3273841,22.1224952
2026-07-25,Descending,76,79,T76_F79,29781,,59944.176,7093.964,11.8343,104.2035445,18.8042141,103.7092591,18.0458456,102.7817018,17.4712876,105.639671,20.1331709
2026-07-25,Descending,76,80,T76_F80,29785,L:SCI:DH:40M+05N:FS:B4:D02,59884.619,56572.302,94.4688,103.6770296,16.8178173,103.6244684,16.7841561,102.2742492,15.4895059,105.0925293,18.142883
2026-07-25,Descending,76,81,T76_F81,29789,L:SCI:DH:40M+05N:FS:B4:D02,59831.28,48922.576,81.7676,103.1655095,14.830478,103.0791425,15.0151783,101.7795255,13.5065945,104.5627119,16.1518447
2026-07-25,Descending,76,82,T76_F82,29793,,59784.157,18496.892,30.9395,102.6676531,12.8422786,102.1208718,13.1620513,101.296317,11.5226537,104.0487606,14.1601213
2026-07-25,Descending,76,83,T76_F83,29797,L:SCI:DH:20M+05N:FS:B4:D09,59743.27,145.453,0.2435,102.1822491,10.8532918,102.648151,11.6717332,100.8235123,9.5377716,103.5493553,12.1677702
2026-07-25,Descending,76,85,T76_F85,29805,L:SCI:DH:40M+05N:FS:B4:D02,59680.265,18920.13,31.7025,101.2444586,6.8732024,101.0578562,6.5414828,99.9050955,5.5654857,102.5894891,8.1813781
2026-07-25,Descending,76,86,T76_F86,29809,L:SCI:DH:40M+05N:FS:B4:D02,59658.183,822.13,1.3781,100.7901158,4.8822031,101.1586688,5.7979817,99.4576522,3.578209,102.1269311,6.1874175
2026-07-27,Ascending,112,4,T112_F4,43681,L:SCI:DH:40M+05N:FS:B4:D02,59668.731,1819.516,3.0494,101.6783939,4.8819775,101.5073004,5.8616717,100.3413773,3.5779286,103.0110579,6.1872458
2026-07-27,Ascending,112,5,T112_F5,43685,L:SCI:DH:40M+05N:FS:B4:D02,59690.857,20302.735,34.0131,101.2240267,6.8729816,100.9660573,6.6218174,99.8787954,5.5652104,102.5635898,8.1812107
2026-07-27,Ascending,112,6,T112_F6,43689,,59719.243,9091.405,15.2236,100.760275,8.8633653,99.933179,8.4380963,99.4049685,7.5517563,102.1085768,10.1746783
2026-07-27,Ascending,112,7,T112_F7,43693,,59753.881,4235.801,7.0887,100.2861996,10.8530806,99.415354,11.1050983,98.9188939,9.5375068,101.6451355,12.1676114
2026-07-27,Ascending,112,8,T112_F8,43697,L:SCI:DH:40M+05N:FS:B4:D02 S:DB:DH:37W:B4,59794.748,23760.796,39.7373,99.8007831,12.8420719,99.8264836,13.1670157,98.4194767,11.522394,101.1723177,14.1599665
2026-07-27,Ascending,112,9,T112_F9,43701,L:SCI:DH:40M+05N:FS:B4:D02 S:DB:DH:37W:B4,59841.835,49172.186,82.1703,99.3029178,14.8302758,99.4849137,14.8989959,97.905517,13.5063398,100.6890998,16.1516939
2026-07-27,Ascending,112,10,T112_F10,43705,L:SCI:DH:40M+05N:FS:B4:D02 S:DB:DH:37W:B4,59895.124,39974.454,66.7407,98.7913922,16.8176194,99.1483272,16.9434464,97.3756945,15.4892559,100.1943701,18.1427359
2026-07-27,Ascending,112,11,T112_F11,43709,L:SCI:DH:40M+05N:FS:B4:D02 S:DB:DH:37W:B4,59954.619,40773.197,68.0068,98.2648749,18.8040201,98.5779005,18.7116129,96.828551,17.4710419,99.6869147,20.1330274
2026-07-27,Ascending,112,12,T112_F12,43713,L:SCI:DH:40M+05N:FS:B4:D02 S:DB:DH:37W:B4,60020.319,202.315,0.3371,97.7218962,20.7893839,98.8492255,19.9803614,96.2624693,19.4515848,99.1654012,22.1224934
2026-07-27,Descending,105,78,T105_F78,41261,,60010.606,6764.51,11.2722,100.5849175,20.7895834,100.0011147,20.0638949,99.1416034,19.4518354,102.0441511,22.1226428
2026-07-27,Descending,105,79,T105_F79,41265,L:SCI:DH:40M+05N:FS:B4:D02,59944.941,56560.566,94.3542,100.0419571,18.8042203,99.9870316,18.7688789,98.6201063,17.4712932,101.4780896,20.1331777
2026-07-27,Descending,105,80,T105_F80,41269,,59885.504,55074.042,91.9656,99.5154606,16.8178207,99.6073938,16.8571487,98.1126699,15.4895081,100.9309686,18.1428876
2026-07-27,Descending,105,81,T105_F81,41273,L:SCI:DH:20M+05N:FS:B4:D09,59832.279,42182.712,70.5016,99.0039585,14.8304786,99.3187036,14.8696919,97.6179621,13.5065934,100.4011714,16.151847
2026-07-27,Descending,105,82,T105_F82,41277,L:SCI:DH:20M+05N:FS:B4:D09,59785.279,8770.464,14.6699,98.5061198,12.8422765,99.463611,13.1451117,97.1347691,11.5226493,99.8872399,14.1601216
2026-07-27,Descending,105,83,T105_F83,41281,L:SCI:DH:20M+05N:FS:B4:D09,59744.511,5976.923,10.0041,98.0207332,10.8532871,98.8802018,10.2592656,96.6619796,9.5377641,99.3878542,12.1677684
2026-07-27,Descending,105,84,T105_F84,41285,L:SCI:DH:20M+05N:FS:B4:D09,59710.0,8013.714,13.4211,97.5466915,8.8635739,98.5093059,8.9194045,96.1985702,7.5520156,98.9018147,10.1748375
2026-07-30,Ascending,155,9,T155_F9,60533,L:SCI:DH:20M+05N:FS:B4:D09,59839.606,20483.755,34.2311,105.5459921,14.8302794,104.9343681,15.1142664,104.1486332,13.5063446,106.9321341,16.1516964
2026-07-30,Ascending,155,10,T155_F10,60537,L:SCI:DH:20M+05N:FS:B4:D09,59892.834,25616.14,42.77,105.0344558,16.817625,104.4058392,16.6174166,103.6188018,15.4892631,106.4373919,18.14274
2026-07-30,Ascending,155,11,T155_F11,60541,L:SCI:DH:20M+05N:FS:B4:D09,59952.252,6686.768,11.1535,104.5079278,18.8040277,103.8595031,17.9364105,103.0716495,17.4710519,105.9299241,20.1330328
2026-07-30,Descending,148,80,T148_F80,58193,L:SCI:SH:20M+05N:FS:B4:D09,59884.249,6780.302,11.3223,105.7578483,16.8178104,104.7752705,16.3750848,104.3550721,15.4894981,107.1733443,18.1428769
2026-07-30,Descending,148,81,T148_F81,58197,L:SCI:SH:20M+05N:FS:B4:D09,59830.873,26912.189,44.9804,105.2463195,14.8304718,104.8178006,15.1606795,103.8603403,13.5065877,106.6435175,16.1518392
2026-07-30,Descending,148,85,T148_F85,58213,L:SCI:DH:40M+05N:FS:B4:D02,59679.725,141.276,0.2367,103.3252344,6.8731991,102.0351209,6.1634222,101.9858784,5.5654821,104.6702583,8.181375
2026-07-30,Descending,148,86,T148_F86,58217,L:SCI:DH:40M+05N:FS:B4:D02,59657.604,97.597,0.1636,102.8708829,4.8822004,102.024228,6.1144042,101.5384271,3.5782062,104.207691,6.1874149
2026-08-01,Ascending,11,7,T11_F7,4073,,59753.297,243.512,0.4075,102.3672131,10.853076,102.7044377,11.7726956,100.9999181,9.5375012,103.7261389,12.1676079
2026-08-01,Ascending,11,8,T11_F8,4077,L:SCI:DH:40M+05N:FS:B4:D02,59794.139,28668.162,47.9448,101.8817924,12.842068,101.8136389,13.2143551,100.5004973,11.5223892,103.2533163,14.1599636
2026-08-01,Ascending,11,9,T11_F9,4081,L:SCI:DH:40M+05N:FS:B4:D02,59841.192,59823.713,99.9708,101.3839229,14.8302726,101.3841518,14.8306459,99.9865342,13.506336,102.7700935,16.1516913
2026-08-01,Ascending,11,10,T11_F10,4085,,59894.455,56491.654,94.3187,100.8723932,16.817617,100.8464147,16.7562767,99.4567084,15.489253,102.275359,18.142734
2026-08-01,Ascending,11,11,T11_F11,4089,,59953.913,47596.047,79.3877,100.3458718,18.8040184,100.1282328,18.7425673,98.9095615,17.4710401,101.7678988,20.133026
2026-08-01,Ascending,11,12,T11_F12,4093,,60019.59,10944.009,18.2341,99.802889,20.7893831,99.7131767,19.949408,98.3434765,19.4515839,101.2463804,22.1224927
2026-08-01,Descending,4,79,T4_F79,1553,L:SCI:SH:20M+05N:FS:B4:D09,59944.434,12094.16,20.1756,102.1227305,18.8042218,101.7939286,18.2051571,100.7008863,17.4712961,103.5588576,20.1331778
2026-08-01,Descending,4,80,T4_F80,1557,,59884.933,57184.236,95.4902,101.5962255,16.8178237,101.6138883,16.7721575,100.1934426,15.4895128,103.0117269,18.1428888
2026-08-01,Descending,4,81,T4_F81,1561,L:SCI:DH:40M+05N:FS:B4:D02,59831.646,59831.646,100.0,101.0847152,14.830483,101.0847152,14.830483,99.6987276,13.5065998,102.4819202,16.1518495
2026-08-01,Descending,4,82,T4_F82,1565,L:SCI:DH:40M+05N:FS:B4:D02,59784.58,30850.025,51.602,100.5868684,12.8422823,100.5221042,13.2038364,99.2155277,11.5226574,101.9679795,14.1601251
2026-08-01,Descending,4,83,T4_F83,1569,,59743.75,8618.965,14.4266,100.1014738,10.8532943,99.2638868,10.8976142,98.7427314,9.5377739,101.4685847,12.167773
2026-08-01,Descending,4,84,T4_F84,1573,L:SCI:DH:40M+05N:FS:B4:D02,59709.171,34203.324,57.2832,99.6274241,8.8635826,99.2930162,8.6995935,98.2793152,7.5520271,100.9825361,10.1748432
2026-08-01,Descending,4,85,T4_F85,1577,,59680.864,13440.227,22.5202,99.1637022,6.8732025,99.7384325,7.3815838,97.8243313,5.565485,100.5087394,8.1813789
2026-08-03,Ascending,40,5,T40_F5,15345,,59691.274,13791.961,23.1055,99.1430257,6.8729915,99.768846,7.4412602,97.7977867,5.5652226,100.4825957,8.1812181
2026-08-03,Ascending,40,6,T40_F6,15349,L:SCI:DH:40M+05N:FS:B4:D02,59719.699,31295.121,52.4033,98.6792785,8.8633744,99.0471001,8.8158619,97.3239636,7.5517675,100.027588,10.1746852
2026-08-03,Ascending,40,7,T40_F7,15353,,59754.373,6895.642,11.54,98.2052076,10.8530888,99.0130324,10.4518276,96.8378925,9.5375171,99.5641519,12.1676177
2026-08-03,Ascending,40,9,T40_F9,15361,L:SCI:DH:40M+05N:FS:B4:D02 S:DB:DH:37W:B4,59842.407,1216.742,2.0332,97.2219344,14.8302824,98.312511,14.9283171,95.8245225,13.5063479,98.6081265,16.1516989
2026-08-03,Ascending,40,11,T40_F11,15369,L:SCI:DH:40M+05N:FS:B4:D02 S:DB:DH:37W:B4,59955.272,196.044,0.327,96.1839,18.8040248,97.4656079,18.404956,94.7475631,17.4710477,97.6059518,20.133031
2026-08-03,Descending,33,78,T33_F78,12837,,60011.459,4310.086,7.1821,98.5041904,20.7895698,99.1646991,19.8105252,97.060862,19.4518176,99.9634374,22.1226332
2026-08-03,Descending,33,79,T33_F79,12841,L:SCI:SH:20M+05N:FS:B4:D09,59945.857,34607.818,57.7318,97.9612353,18.8042055,98.4340916,18.6880662,96.5393692,17.4712739,99.3973822,20.1331673
2026-08-03,Descending,33,80,T33_F80,12845,L:SCI:SH:20M+05N:FS:B4:D09,59886.468,6824.429,11.3956,97.4347438,16.8178047,98.3693447,17.38101,96.0319369,15.4894874,98.8502672,18.1428761
2026-08-03,Descending,33,81,T33_F81,12849,L:SCI:SH:20M+05N:FS:B4:D09,59833.302,39.344,0.0658,96.9232466,14.8304614,98.1895448,15.1571582,95.537233,13.5065713,98.3204758,16.1518347
2026-08-06,Ascending,83,8,T83_F8,32325,,59793.402,1.028,0.0017,103.9628259,12.8420694,102.5897149,13.6074715,102.5815443,11.522391,105.3343368,14.1599645
2026-08-06,Ascending,83,9,T83_F9,32329,L:SCI:DH:40M+05N:FS:B4:D02,59840.444,45914.205,76.7277,103.4649527,14.8302745,103.4025486,15.0690931,102.067578,13.5063383,104.8511099,16.1516927
2026-08-06,Ascending,83,10,T83_F10,32333,L:SCI:DH:40M+05N:FS:B4:D02,59893.681,59861.405,99.9461,102.9534193,16.8176194,102.9535857,16.8170629,101.537749,15.4892562,104.3563711,18.1427357
2026-08-06,Ascending,83,11,T83_F11,32337,,59953.129,11347.579,18.9274,102.4268942,18.8040215,102.4525126,18.0926567,100.990599,17.471044,103.8489068,20.1330282
2026-08-06,Ascending,83,12,T83_F12,32341,,60018.775,304.816,0.5079,101.8839078,20.7893868,101.1082899,19.5326106,100.424511,19.4515888,103.3273841,22.1224952
2026-08-06,Descending,76,79,T76_F79,29781,,59944.176,7093.964,11.8343,104.2035445,18.8042141,103.7092591,18.0458456,102.7817018,17.4712876,105.639671,20.1331709
2026-08-06,Descending,76,80,T76_F80,29785,L:SCI:DH:40M+05N:FS:B4:D02,59884.619,56572.302,94.4688,103.6770296,16.8178173,103.6244684,16.7841561,102.2742492,15.4895059,105.0925293,18.142883
2026-08-06,Descending,76,81,T76_F81,29789,L:SCI:DH:40M+05N:FS:B4:D02,59831.28,48922.576,81.7676,103.1655095,14.830478,103.0791425,15.0151783,101.7795255,13.5065945,104.5627119,16.1518447
2026-08-06,Descending,76,82,T76_F82,29793,,59784.157,18496.892,30.9395,102.6676531,12.8422786,102.1208718,13.1620513,101.296317,11.5226537,104.0487606,14.1601213
2026-08-06,Descending,76,83,T76_F83,29797,L:SCI:SH:20M+05N:FS:B4:D09,59743.27,145.453,0.2435,102.1822491,10.8532918,102.648151,11.6717332,100.8235123,9.5377716,103.5493553,12.1677702
2026-08-06,Descending,76,85,T76_F85,29805,L:SCI:DH:40M+05N:FS:B4:D02,59680.265,18920.13,31.7025,101.2444586,6.8732024,101.0578562,6.5414828,99.9050955,5.5654857,102.5894891,8.1813781
2026-08-06,Descending,76,86,T76_F86,29809,L:SCI:DH:40M+05N:FS:B4:D02,59658.183,822.13,1.3781,100.7901158,4.8822031,101.1586688,5.7979817,99.4576522,3.578209,102.1269311,6.1874175
2026-08-08,Ascending,112,4,T112_F4,43681,L:SCI:DH:40M+05N:FS:B4:D02,59668.731,1819.516,3.0494,101.6783939,4.8819775,101.5073004,5.8616717,100.3413773,3.5779286,103.0110579,6.1872458
2026-08-08,Ascending,112,5,T112_F5,43685,L:SCI:DH:40M+05N:FS:B4:D02,59690.857,20302.735,34.0131,101.2240267,6.8729816,100.9660573,6.6218174,99.8787954,5.5652104,102.5635898,8.1812107
2026-08-08,Ascending,112,6,T112_F6,43689,,59719.243,9091.405,15.2236,100.760275,8.8633653,99.933179,8.4380963,99.4049685,7.5517563,102.1085768,10.1746783
2026-08-08,Ascending,112,7,T112_F7,43693,,59753.881,4235.801,7.0887,100.2861996,10.8530806,99.415354,11.1050983,98.9188939,9.5375068,101.6451355,12.1676114
2026-08-08,Ascending,112,8,T112_F8,43697,L:SCI:DH:40M+05N:FS:B4:D02 S:DB:DH:37W:B4,59794.748,23760.796,39.7373,99.8007831,12.8420719,99.8264836,13.1670157,98.4194767,11.522394,101.1723177,14.1599665
2026-08-08,Ascending,112,9,T112_F9,43701,L:SCI:DH:40M+05N:FS:B4:D02 S:DB:DH:37W:B4,59841.835,49172.186,82.1703,99.3029178,14.8302758,99.4849137,14.8989959,97.905517,13.5063398,100.6890998,16.1516939
2026-08-08,Ascending,112,10,T112_F10,43705,L:SCI:DH:40M+05N:FS:B4:D02 S:DB:DH:37W:B4,59895.124,39974.454,66.7407,98.7913922,16.8176194,99.1483272,16.9434464,97.3756945,15.4892559,100.1943701,18.1427359
2026-08-08,Ascending,112,11,T112_F11,43709,L:SCI:DH:40M+05N:FS:B4:D02 S:DB:DH:37W:B4,59954.619,40773.197,68.0068,98.2648749,18.8040201,98.5779005,18.7116129,96.828551,17.4710419,99.6869147,20.1330274
2026-08-08,Ascending,112,12,T112_F12,43713,L:SCI:DH:40M+05N:FS:B4:D02 S:DB:DH:37W:B4,60020.319,202.315,0.3371,97.7218962,20.7893839,98.8492255,19.9803614,96.2624693,19.4515848,99.1654012,22.1224934
2026-08-08,Descending,105,78,T105_F78,41261,,60010.606,6764.51,11.2722,100.5849175,20.7895834,100.0011147,20.0638949,99.1416034,19.4518354,102.0441511,22.1226428
2026-08-08,Descending,105,79,T105_F79,41265,L:SCI:DH:40M+05N:FS:B4:D02,59944.941,56560.566,94.3542,100.0419571,18.8042203,99.9870316,18.7688789,98.6201063,17.4712932,101.4780896,20.1331777
2026-08-08,Descending,105,80,T105_F80,41269,,59885.504,55074.042,91.9656,99.5154606,16.8178207,99.6073938,16.8571487,98.1126699,15.4895081,100.9309686,18.1428876
2026-08-08,Descending,105,81,T105_F81,41273,L:SCI:SH:20M+05N:FS:B4:D09,59832.279,42182.712,70.5016,99.0039585,14.8304786,99.3187036,14.8696919,97.6179621,13.5065934,100.4011714,16.151847
2026-08-08,Descending,105,82,T105_F82,41277,L:SCI:SH:20M+05N:FS:B4:D09,59785.279,8770.464,14.6699,98.5061198,12.8422765,99.463611,13.1451117,97.1347691,11.5226493,99.8872399,14.1601216
2026-08-08,Descending,105,83,T105_F83,41281,L:SCI:SH:20M+05N:FS:B4:D09,59744.511,5976.923,10.0041,98.0207332,10.8532871,98.8802018,10.2592656,96.6619796,9.5377641,99.3878542,12.1677684
2026-08-08,Descending,105,84,T105_F84,41285,L:SCI:SH:20M+05N:FS:B4:D09,59710.0,8013.714,13.4211,97.5466915,8.8635739,98.5093059,8.9194045,96.1985702,7.5520156,98.9018147,10.1748375
2026-08-11,Ascending,155,9,T155_F9,60533,L:SCI:DH:20M+05N:FS:B4:D09,59839.606,20483.755,34.2311,105.5459921,14.8302794,104.9343681,15.1142664,104.1486332,13.5063446,106.9321341,16.1516964
2026-08-11,Ascending,155,10,T155_F10,60537,L:SCI:DH:20M+05N:FS:B4:D09,59892.834,25616.14,42.77,105.0344558,16.817625,104.4058392,16.6174166,103.6188018,15.4892631,106.4373919,18.14274
2026-08-11,Ascending,155,11,T155_F11,60541,L:SCI:DH:20M+05N:FS:B4:D09,59952.252,6686.768,11.1535,104.5079278,18.8040277,103.8595031,17.9364105,103.0716495,17.4710519,105.9299241,20.1330328
2026-08-11,Descending,148,80,T148_F80,58193,L:SCI:DH:20M+05N:FS:B4:D09,59884.249,6780.302,11.3223,105.7578483,16.8178104,104.7752705,16.3750848,104.3550721,15.4894981,107.1733443,18.1428769
2026-08-11,Descending,148,81,T148_F81,58197,L:SCI:DH:20M+05N:FS:B4:D09,59830.873,26912.189,44.9804,105.2463195,14.8304718,104.8178006,15.1606795,103.8603403,13.5065877,106.6435175,16.1518392
2026-08-11,Descending,148,85,T148_F85,58213,L:SCI:DH:40M+05N:FS:B4:D02,59679.725,141.276,0.2367,103.3252344,6.8731991,102.0351209,6.1634222,101.9858784,5.5654821,104.6702583,8.181375
2026-08-11,Descending,148,86,T148_F86,58217,L:SCI:DH:40M+05N:FS:B4:D02,59657.604,97.597,0.1636,102.8708829,4.8822004,102.024228,6.1144042,101.5384271,3.5782062,104.207691,6.1874149
2026-08-13,Ascending,11,7,T11_F7,4073,,59753.297,243.512,0.4075,102.3672131,10.853076,102.7044377,11.7726956,100.9999181,9.5375012,103.7261389,12.1676079
2026-08-13,Ascending,11,8,T11_F8,4077,L:SCI:DH:40M+05N:FS:B4:D02,59794.139,28668.162,47.9448,101.8817924,12.842068,101.8136389,13.2143551,100.5004973,11.5223892,103.2533163,14.1599636
2026-08-13,Ascending,11,9,T11_F9,4081,L:SCI:DH:40M+05N:FS:B4:D02,59841.192,59823.713,99.9708,101.3839229,14.8302726,101.3841518,14.8306459,99.9865342,13.506336,102.7700935,16.1516913
2026-08-13,Ascending,11,10,T11_F10,4085,,59894.455,56491.654,94.3187,100.8723932,16.817617,100.8464147,16.7562767,99.4567084,15.489253,102.275359,18.142734
2026-08-13,Ascending,11,11,T11_F11,4089,,59953.913,47596.047,79.3877,100.3458718,18.8040184,100.1282328,18.7425673,98.9095615,17.4710401,101.7678988,20.133026
2026-08-13,Ascending,11,12,T11_F12,4093,,60019.59,10944.009,18.2341,99.802889,20.7893831,99.7131767,19.949408,98.3434765,19.4515839,101.2463804,22.1224927
2026-08-13,Descending,4,79,T4_F79,1553,L:SCI:DH:20M+05N:FS:B4:D09,59944.434,12094.16,20.1756,102.1227305,18.8042218,101.7939286,18.2051571,100.7008863,17.4712961,103.5588576,20.1331778
2026-08-13,Descending,4,80,T4_F80,1557,,59884.933,57184.236,95.4902,101.5962255,16.8178237,101.6138883,16.7721575,100.1934426,15.4895128,103.0117269,18.1428888
2026-08-13,Descending,4,81,T4_F81,1561,L:SCI:DH:40M+05N:FS:B4:D02,59831.646,59831.646,100.0,101.0847152,14.830483,101.0847152,14.830483,99.6987276,13.5065998,102.4819202,16.1518495
2026-08-13,Descending,4,82,T4_F82,1565,L:SCI:DH:40M+05N:FS:B4:D02,59784.58,30850.025,51.602,100.5868684,12.8422823,100.5221042,13.2038364,99.2155277,11.5226574,101.9679795,14.1601251
2026-08-13,Descending,4,83,T4_F83,1569,,59743.75,8618.965,14.4266,100.1014738,10.8532943,99.2638868,10.8976142,98.7427314,9.5377739,101.4685847,12.167773
2026-08-13,Descending,4,84,T4_F84,1573,L:SCI:DH:40M+05N:FS:B4:D02,59709.171,34203.324,57.2832,99.6274241,8.8635826,99.2930162,8.6995935,98.2793152,7.5520271,100.9825361,10.1748432
2026-08-13,Descending,4,85,T4_F85,1577,,59680.864,13440.227,22.5202,99.1637022,6.8732025,99.7384325,7.3815838,97.8243313,5.565485,100.5087394,8.1813789
2026-08-15,Ascending,40,5,T40_F5,15345,,59691.274,13791.961,23.1055,99.1430257,6.8729915,99.768846,7.4412602,97.7977867,5.5652226,100.4825957,8.1812181
2026-08-15,Ascending,40,6,T40_F6,15349,L:SCI:DH:40M+05N:FS:B4:D02,59719.699,31295.121,52.4033,98.6792785,8.8633744,99.0471001,8.8158619,97.3239636,7.5517675,100.027588,10.1746852
2026-08-15,Ascending,40,7,T40_F7,15353,,59754.373,6895.642,11.54,98.2052076,10.8530888,99.0130324,10.4518276,96.8378925,9.5375171,99.5641519,12.1676177
2026-08-15,Ascending,40,9,T40_F9,15361,L:SCI:DH:40M+05N:FS:B4:D02 S:DB:DH:37W:B4,59842.407,1216.742,2.0332,97.2219344,14.8302824,98.312511,14.9283171,95.8245225,13.5063479,98.6081265,16.1516989
2026-08-15,Ascending,40,11,T40_F11,15369,L:SCI:DH:40M+05N:FS:B4:D02 S:DB:DH:37W:B4,59955.272,196.044,0.327,96.1839,18.8040248,97.4656079,18.404956,94.7475631,17.4710477,97.6059518,20.133031
2026-08-15,Descending,33,78,T33_F78,12837,,60011.459,4310.086,7.1821,98.5041904,20.7895698,99.1646991,19.8105252,97.060862,19.4518176,99.9634374,22.1226332
2026-08-15,Descending,33,79,T33_F79,12841,L:SCI:DH:20M+05N:FS:B4:D09,59945.857,34607.818,57.7318,97.9612353,18.8042055,98.4340916,18.6880662,96.5393692,17.4712739,99.3973822,20.1331673
2026-08-15,Descending,33,80,T33_F80,12845,L:SCI:DH:20M+05N:FS:B4:D09,59886.468,6824.429,11.3956,97.4347438,16.8178047,98.3693447,17.38101,96.0319369,15.4894874,98.8502672,18.1428761
2026-08-15,Descending,33,81,T33_F81,12849,L:SCI:DH:20M+05N:FS:B4:D09,59833.302,39.344,0.0658,96.9232466,14.8304614,98.1895448,15.1571582,95.537233,13.5065713,98.3204758,16.1518347
2026-08-18,Ascending,83,8,T83_F8,32325,,59793.402,1.028,0.0017,103.9628259,12.8420694,102.5897149,13.6074715,102.5815443,11.522391,105.3343368,14.1599645
2026-08-18,Ascending,83,9,T83_F9,32329,L:SCI:DH:40M+05N:FS:B4:D02,59840.444,45914.205,76.7277,103.4649527,14.8302745,103.4025486,15.0690931,102.067578,13.5063383,104.8511099,16.1516927
2026-08-18,Ascending,83,10,T83_F10,32333,L:SCI:DH:40M+05N:FS:B4:D02,59893.681,59861.405,99.9461,102.9534193,16.8176194,102.9535857,16.8170629,101.537749,15.4892562,104.3563711,18.1427357
2026-08-18,Ascending,83,11,T83_F11,32337,,59953.129,11347.579,18.9274,102.4268942,18.8040215,102.4525126,18.0926567,100.990599,17.471044,103.8489068,20.1330282
2026-08-18,Ascending,83,12,T83_F12,32341,,60018.775,304.816,0.5079,101.8839078,20.7893868,101.1082899,19.5326106,100.424511,19.4515888,103.3273841,22.1224952
2026-08-18,Descending,76,79,T76_F79,29781,,59944.176,7093.964,11.8343,104.2035445,18.8042141,103.7092591,18.0458456,102.7817018,17.4712876,105.639671,20.1331709
2026-08-18,Descending,76,80,T76_F80,29785,L:SCI:DH:40M+05N:FS:B4:D02,59884.619,56572.302,94.4688,103.6770296,16.8178173,103.6244684,16.7841561,102.2742492,15.4895059,105.0925293,18.142883
2026-08-18,Descending,76,81,T76_F81,29789,L:SCI:DH:40M+05N:FS:B4:D02,59831.28,48922.576,81.7676,103.1655095,14.830478,103.0791425,15.0151783,101.7795255,13.5065945,104.5627119,16.1518447
2026-08-18,Descending,76,82,T76_F82,29793,,59784.157,18496.892,30.9395,102.6676531,12.8422786,102.1208718,13.1620513,101.296317,11.5226537,104.0487606,14.1601213
2026-08-18,Descending,76,83,T76_F83,29797,L:SCI:DH:20M+05N:FS:B4:D09,59743.27,145.453,0.2435,102.1822491,10.8532918,102.648151,11.6717332,100.8235123,9.5377716,103.5493553,12.1677702
2026-08-18,Descending,76,85,T76_F85,29805,L:SCI:DH:40M+05N:FS:B4:D02,59680.265,18920.13,31.7025,101.2444586,6.8732024,101.0578562,6.5414828,99.9050955,5.5654857,102.5894891,8.1813781
2026-08-18,Descending,76,86,T76_F86,29809,L:SCI:DH:40M+05N:FS:B4:D02,59658.183,822.13,1.3781,100.7901158,4.8822031,101.1586688,5.7979817,99.4576522,3.578209,102.1269311,6.1874175
2026-08-20,Ascending,112,4,T112_F4,43681,L:SCI:DH:40M+05N:FS:B4:D02,59668.731,1819.516,3.0494,101.6783939,4.8819775,101.5073004,5.8616717,100.3413773,3.5779286,103.0110579,6.1872458
2026-08-20,Ascending,112,5,T112_F5,43685,L:SCI:DH:40M+05N:FS:B4:D02,59690.857,20302.735,34.0131,101.2240267,6.8729816,100.9660573,6.6218174,99.8787954,5.5652104,102.5635898,8.1812107
2026-08-20,Ascending,112,6,T112_F6,43689,,59719.243,9091.405,15.2236,100.760275,8.8633653,99.933179,8.4380963,99.4049685,7.5517563,102.1085768,10.1746783
2026-08-20,Ascending,112,7,T112_F7,43693,,59753.881,4235.801,7.0887,100.2861996,10.8530806,99.415354,11.1050983,98.9188939,9.5375068,101.6451355,12.1676114
2026-08-20,Ascending,112,8,T112_F8,43697,L:SCI:DH:40M+05N:FS:B4:D02 S:DB:DH:37W:B4,59794.748,23760.796,39.7373,99.8007831,12.8420719,99.8264836,13.1670157,98.4194767,11.522394,101.1723177,14.1599665
2026-08-20,Ascending,112,9,T112_F9,43701,L:SCI:DH:40M+05N:FS:B4:D02 S:DB:DH:37W:B4,59841.835,49172.186,82.1703,99.3029178,14.8302758,99.4849137,14.8989959,97.905517,13.5063398,100.6890998,16.1516939
2026-08-20,Ascending,112,10,T112_F10,43705,L:SCI:DH:40M+05N:FS:B4:D02 S:DB:DH:37W:B4,59895.124,39974.454,66.7407,98.7913922,16.8176194,99.1483272,16.9434464,97.3756945,15.4892559,100.1943701,18.1427359
2026-08-20,Ascending,112,11,T112_F11,43709,L:SCI:DH:40M+05N:FS:B4:D02 S:DB:DH:37W:B4,59954.619,40773.197,68.0068,98.2648749,18.8040201,98.5779005,18.7116129,96.828551,17.4710419,99.6869147,20.1330274
2026-08-20,Ascending,112,12,T112_F12,43713,L:SCI:DH:40M+05N:FS:B4:D02 S:DB:DH:37W:B4,60020.319,202.315,0.3371,97.7218962,20.7893839,98.8492255,19.9803614,96.2624693,19.4515848,99.1654012,22.1224934
2026-08-20,Descending,105,78,T105_F78,41261,,60010.606,6764.51,11.2722,100.5849175,20.7895834,100.0011147,20.0638949,99.1416034,19.4518354,102.0441511,22.1226428
2026-08-20,Descending,105,79,T105_F79,41265,L:SCI:DH:40M+05N:FS:B4:D02,59944.941,56560.566,94.3542,100.0419571,18.8042203,99.9870316,18.7688789,98.6201063,17.4712932,101.4780896,20.1331777
2026-08-20,Descending,105,80,T105_F80,41269,,59885.504,55074.042,91.9656,99.5154606,16.8178207,99.6073938,16.8571487,98.1126699,15.4895081,100.9309686,18.1428876
2026-08-20,Descending,105,81,T105_F81,41273,L:SCI:DH:20M+05N:FS:B4:D09,59832.279,42182.712,70.5016,99.0039585,14.8304786,99.3187036,14.8696919,97.6179621,13.5065934,100.4011714,16.151847
2026-08-20,Descending,105,82,T105_F82,41277,L:SCI:DH:20M+05N:FS:B4:D09,59785.279,8770.464,14.6699,98.5061198,12.8422765,99.463611,13.1451117,97.1347691,11.5226493,99.8872399,14.1601216
2026-08-20,Descending,105,83,T105_F83,41281,L:SCI:DH:20M+05N:FS:B4:D09,59744.511,5976.923,10.0041,98.0207332,10.8532871,98.8802018,10.2592656,96.6619796,9.5377641,99.3878542,12.1677684
2026-08-20,Descending,105,84,T105_F84,41285,L:SCI:DH:20M+05N:FS:B4:D09,59710.0,8013.714,13.4211,97.5466915,8.8635739,98.5093059,8.9194045,96.1985702,7.5520156,98.9018147,10.1748375
2026-08-23,Ascending,155,9,T155_F9,60533,L:SCI:DH:20M+05N:FS:B4:D09,59839.606,20483.755,34.2311,105.5459921,14.8302794,104.9343681,15.1142664,104.1486332,13.5063446,106.9321341,16.1516964
2026-08-23,Ascending,155,10,T155_F10,60537,L:SCI:DH:20M+05N:FS:B4:D09,59892.834,25616.14,42.77,105.0344558,16.817625,104.4058392,16.6174166,103.6188018,15.4892631,106.4373919,18.14274
2026-08-23,Ascending,155,11,T155_F11,60541,L:SCI:DH:20M+05N:FS:B4:D09,59952.252,6686.768,11.1535,104.5079278,18.8040277,103.8595031,17.9364105,103.0716495,17.4710519,105.9299241,20.1330328
2026-08-23,Descending,148,80,T148_F80,58193,L:SCI:SH:20M+05N:FS:B4:D09,59884.249,6780.302,11.3223,105.7578483,16.8178104,104.7752705,16.3750848,104.3550721,15.4894981,107.1733443,18.1428769
2026-08-23,Descending,148,81,T148_F81,58197,L:SCI:SH:20M+05N:FS:B4:D09,59830.873,26912.189,44.9804,105.2463195,14.8304718,104.8178006,15.1606795,103.8603403,13.5065877,106.6435175,16.1518392
2026-08-23,Descending,148,85,T148_F85,58213,L:SCI:DH:40M+05N:FS:B4:D02,59679.725,141.276,0.2367,103.3252344,6.8731991,102.0351209,6.1634222,101.9858784,5.5654821,104.6702583,8.181375
2026-08-23,Descending,148,86,T148_F86,58217,L:SCI:DH:40M+05N:FS:B4:D02,59657.604,97.597,0.1636,102.8708829,4.8822004,102.024228,6.1144042,101.5384271,3.5782062,104.207691,6.1874149
2026-08-25,Ascending,11,7,T11_F7,4073,,59753.297,243.512,0.4075,102.3672131,10.853076,102.7044377,11.7726956,100.9999181,9.5375012,103.7261389,12.1676079
2026-08-25,Ascending,11,8,T11_F8,4077,L:SCI:DH:40M+05N:FS:B4:D02,59794.139,28668.162,47.9448,101.8817924,12.842068,101.8136389,13.2143551,100.5004973,11.5223892,103.2533163,14.1599636
2026-08-25,Ascending,11,9,T11_F9,4081,L:SCI:DH:40M+05N:FS:B4:D02,59841.192,59823.713,99.9708,101.3839229,14.8302726,101.3841518,14.8306459,99.9865342,13.506336,102.7700935,16.1516913
2026-08-25,Ascending,11,10,T11_F10,4085,,59894.455,56491.654,94.3187,100.8723932,16.817617,100.8464147,16.7562767,99.4567084,15.489253,102.275359,18.142734
2026-08-25,Ascending,11,11,T11_F11,4089,,59953.913,47596.047,79.3877,100.3458718,18.8040184,100.1282328,18.7425673,98.9095615,17.4710401,101.7678988,20.133026
2026-08-25,Ascending,11,12,T11_F12,4093,,60019.59,10944.009,18.2341,99.802889,20.7893831,99.7131767,19.949408,98.3434765,19.4515839,101.2463804,22.1224927
2026-08-25,Descending,4,79,T4_F79,1553,L:SCI:SH:20M+05N:FS:B4:D09,59944.434,12094.16,20.1756,102.1227305,18.8042218,101.7939286,18.2051571,100.7008863,17.4712961,103.5588576,20.1331778
2026-08-25,Descending,4,80,T4_F80,1557,,59884.933,57184.236,95.4902,101.5962255,16.8178237,101.6138883,16.7721575,100.1934426,15.4895128,103.0117269,18.1428888
2026-08-25,Descending,4,81,T4_F81,1561,L:SCI:DH:40M+05N:FS:B4:D02,59831.646,59831.646,100.0,101.0847152,14.830483,101.0847152,14.830483,99.6987276,13.5065998,102.4819202,16.1518495
2026-08-25,Descending,4,82,T4_F82,1565,L:SCI:DH:40M+05N:FS:B4:D02,59784.58,30850.025,51.602,100.5868684,12.8422823,100.5221042,13.2038364,99.2155277,11.5226574,101.9679795,14.1601251
2026-08-25,Descending,4,83,T4_F83,1569,,59743.75,8618.965,14.4266,100.1014738,10.8532943,99.2638868,10.8976142,98.7427314,9.5377739,101.4685847,12.167773
2026-08-25,Descending,4,84,T4_F84,1573,L:SCI:DH:40M+05N:FS:B4:D02,59709.171,34203.324,57.2832,99.6274241,8.8635826,99.2930162,8.6995935,98.2793152,7.5520271,100.9825361,10.1748432
2026-08-25,Descending,4,85,T4_F85,1577,,59680.864,13440.227,22.5202,99.1637022,6.8732025,99.7384325,7.3815838,97.8243313,5.565485,100.5087394,8.1813789
2026-08-27,Ascending,40,5,T40_F5,15345,,59691.274,13791.961,23.1055,99.1430257,6.8729915,99.768846,7.4412602,97.7977867,5.5652226,100.4825957,8.1812181
2026-08-27,Ascending,40,6,T40_F6,15349,L:SCI:DH:40M+05N:FS:B4:D02,59719.699,31295.121,52.4033,98.6792785,8.8633744,99.0471001,8.8158619,97.3239636,7.5517675,100.027588,10.1746852
2026-08-27,Ascending,40,7,T40_F7,15353,,59754.373,6895.642,11.54,98.2052076,10.8530888,99.0130324,10.4518276,96.8378925,9.5375171,99.5641519,12.1676177
2026-08-27,Ascending,40,9,T40_F9,15361,L:SCI:DH:40M+05N:FS:B4:D02 S:DB:DH:37W:B4,59842.407,1216.742,2.0332,97.2219344,14.8302824,98.312511,14.9283171,95.8245225,13.5063479,98.6081265,16.1516989
2026-08-27,Ascending,40,11,T40_F11,15369,L:SCI:DH:40M+05N:FS:B4:D02 S:DB:DH:37W:B4,59955.272,196.044,0.327,96.1839,18.8040248,97.4656079,18.404956,94.7475631,17.4710477,97.6059518,20.133031
2026-08-27,Descending,33,78,T33_F78,12837,,60011.459,4310.086,7.1821,98.5041904,20.7895698,99.1646991,19.8105252,97.060862,19.4518176,99.9634374,22.1226332
2026-08-27,Descending,33,79,T33_F79,12841,L:SCI:SH:20M+05N:FS:B4:D09,59945.857,34607.818,57.7318,97.9612353,18.8042055,98.4340916,18.6880662,96.5393692,17.4712739,99.3973822,20.1331673
2026-08-27,Descending,33,80,T33_F80,12845,L:SCI:SH:20M+05N:FS:B4:D09,59886.468,6824.429,11.3956,97.4347438,16.8178047,98.3693447,17.38101,96.0319369,15.4894874,98.8502672,18.1428761
2026-08-27,Descending,33,81,T33_F81,12849,L:SCI:SH:20M+05N:FS:B4:D09,59833.302,39.344,0.0658,96.9232466,14.8304614,98.1895448,15.1571582,95.537233,13.5065713,98.3204758,16.1518347
2026-08-30,Ascending,83,8,T83_F8,32325,,59793.402,1.028,0.0017,103.9628259,12.8420694,102.5897149,13.6074715,102.5815443,11.522391,105.3343368,14.1599645
2026-08-30,Ascending,83,9,T83_F9,32329,L:SCI:DH:40M+05N:FS:B4:D02,59840.444,45914.205,76.7277,103.4649527,14.8302745,103.4025486,15.0690931,102.067578,13.5063383,104.8511099,16.1516927
2026-08-30,Ascending,83,10,T83_F10,32333,L:SCI:DH:40M+05N:FS:B4:D02,59893.681,59861.405,99.9461,102.9534193,16.8176194,102.9535857,16.8170629,101.537749,15.4892562,104.3563711,18.1427357
2026-08-30,Ascending,83,11,T83_F11,32337,,59953.129,11347.579,18.9274,102.4268942,18.8040215,102.4525126,18.0926567,100.990599,17.471044,103.8489068,20.1330282
2026-08-30,Ascending,83,12,T83_F12,32341,,60018.775,304.816,0.5079,101.8839078,20.7893868,101.1082899,19.5326106,100.424511,19.4515888,103.3273841,22.1224952
2026-08-30,Descending,76,79,T76_F79,29781,,59944.176,7093.964,11.8343,104.2035445,18.8042141,103.7092591,18.0458456,102.7817018,17.4712876,105.639671,20.1331709
2026-08-30,Descending,76,80,T76_F80,29785,L:SCI:DH:40M+05N:FS:B4:D02,59884.619,56572.302,94.4688,103.6770296,16.8178173,103.6244684,16.7841561,102.2742492,15.4895059,105.0925293,18.142883
2026-08-30,Descending,76,81,T76_F81,29789,L:SCI:DH:40M+05N:FS:B4:D02,59831.28,48922.576,81.7676,103.1655095,14.830478,103.0791425,15.0151783,101.7795255,13.5065945,104.5627119,16.1518447
2026-08-30,Descending,76,82,T76_F82,29793,,59784.157,18496.892,30.9395,102.6676531,12.8422786,102.1208718,13.1620513,101.296317,11.5226537,104.0487606,14.1601213
2026-08-30,Descending,76,83,T76_F83,29797,L:SCI:SH:20M+05N:FS:B4:D09,59743.27,145.453,0.2435,102.1822491,10.8532918,102.648151,11.6717332,100.8235123,9.5377716,103.5493553,12.1677702
2026-08-30,Descending,76,85,T76_F85,29805,L:SCI:DH:40M+05N:FS:B4:D02,59680.265,18920.13,31.7025,101.2444586,6.8732024,101.0578562,6.5414828,99.9050955,5.5654857,102.5894891,8.1813781
2026-08-30,Descending,76,86,T76_F86,29809,L:SCI:DH:40M+05N:FS:B4:D02,59658.183,822.13,1.3781,100.7901158,4.8822031,101.1586688,5.7979817,99.4576522,3.578209,102.1269311,6.1874175
2026-09-01,Ascending,112,4,T112_F4,43681,L:SCI:DH:40M+05N:FS:B4:D02,59668.731,1819.516,3.0494,101.6783939,4.8819775,101.5073004,5.8616717,100.3413773,3.5779286,103.0110579,6.1872458
2026-09-01,Ascending,112,5,T112_F5,43685,L:SCI:DH:40M+05N:FS:B4:D02,59690.857,20302.735,34.0131,101.2240267,6.8729816,100.9660573,6.6218174,99.8787954,5.5652104,102.5635898,8.1812107
2026-09-01,Ascending,112,6,T112_F6,43689,,59719.243,9091.405,15.2236,100.760275,8.8633653,99.933179,8.4380963,99.4049685,7.5517563,102.1085768,10.1746783
2026-09-01,Ascending,112,7,T112_F7,43693,,59753.881,4235.801,7.0887,100.2861996,10.8530806,99.415354,11.1050983,98.9188939,9.5375068,101.6451355,12.1676114
2026-09-01,Ascending,112,8,T112_F8,43697,L:SCI:DH:40M+05N:FS:B4:D02 S:DB:DH:37W:B4,59794.748,23760.796,39.7373,99.8007831,12.8420719,99.8264836,13.1670157,98.4194767,11.522394,101.1723177,14.1599665
2026-09-01,Ascending,112,9,T112_F9,43701,L:SCI:DH:40M+05N:FS:B4:D02 S:DB:DH:37W:B4,59841.835,49172.186,82.1703,99.3029178,14.8302758,99.4849137,14.8989959,97.905517,13.5063398,100.6890998,16.1516939
2026-09-01,Ascending,112,10,T112_F10,43705,L:SCI:DH:40M+05N:FS:B4:D02 S:DB:DH:37W:B4,59895.124,39974.454,66.7407,98.7913922,16.8176194,99.1483272,16.9434464,97.3756945,15.4892559,100.1943701,18.1427359
2026-09-01,Ascending,112,11,T112_F11,43709,L:SCI:DH:40M+05N:FS:B4:D02 S:DB:DH:37W:B4,59954.619,40773.197,68.0068,98.2648749,18.8040201,98.5779005,18.7116129,96.828551,17.4710419,99.6869147,20.1330274
2026-09-01,Ascending,112,12,T112_F12,43713,L:SCI:DH:40M+05N:FS:B4:D02 S:DB:DH:37W:B4,60020.319,202.315,0.3371,97.7218962,20.7893839,98.8492255,19.9803614,96.2624693,19.4515848,99.1654012,22.1224934
2026-09-01,Descending,105,78,T105_F78,41261,,60010.606,6764.51,11.2722,100.5849175,20.7895834,100.0011147,20.0638949,99.1416034,19.4518354,102.0441511,22.1226428
2026-09-01,Descending,105,79,T105_F79,41265,L:SCI:DH:40M+05N:FS:B4:D02,59944.941,56560.566,94.3542,100.0419571,18.8042203,99.9870316,18.7688789,98.6201063,17.4712932,101.4780896,20.1331777
2026-09-01,Descending,105,80,T105_F80,41269,,59885.504,55074.042,91.9656,99.5154606,16.8178207,99.6073938,16.8571487,98.1126699,15.4895081,100.9309686,18.1428876
2026-09-01,Descending,105,81,T105_F81,41273,L:SCI:SH:20M+05N:FS:B4:D09,59832.279,42182.712,70.5016,99.0039585,14.8304786,99.3187036,14.8696919,97.6179621,13.5065934,100.4011714,16.151847
2026-09-01,Descending,105,82,T105_F82,41277,L:SCI:SH:20M+05N:FS:B4:D09,59785.279,8770.464,14.6699,98.5061198,12.8422765,99.463611,13.1451117,97.1347691,11.5226493,99.8872399,14.1601216
2026-09-01,Descending,105,83,T105_F83,41281,L:SCI:SH:20M+05N:FS:B4:D09,59744.511,5976.923,10.0041,98.0207332,10.8532871,98.8802018,10.2592656,96.6619796,9.5377641,99.3878542,12.1677684
2026-09-01,Descending,105,84,T105_F84,41285,L:SCI:SH:20M+05N:FS:B4:D09,59710.0,8013.714,13.4211,97.5466915,8.8635739,98.5093059,8.9194045,96.1985702,7.5520156,98.9018147,10.1748375
2026-09-04,Ascending,155,9,T155_F9,60533,L:SCI:DH:20M+05N:FS:B4:D09,59839.606,20483.755,34.2311,105.5459921,14.8302794,104.9343681,15.1142664,104.1486332,13.5063446,106.9321341,16.1516964
2026-09-04,Ascending,155,10,T155_F10,60537,L:SCI:DH:20M+05N:FS:B4:D09,59892.834,25616.14,42.77,105.0344558,16.817625,104.4058392,16.6174166,103.6188018,15.4892631,106.4373919,18.14274
2026-09-04,Ascending,155,11,T155_F11,60541,L:SCI:DH:20M+05N:FS:B4:D09,59952.252,6686.768,11.1535,104.5079278,18.8040277,103.8595031,17.9364105,103.0716495,17.4710519,105.9299241,20.1330328
2026-09-04,Descending,148,80,T148_F80,58193,L:SCI:DH:20M+05N:FS:B4:D09,59884.249,6780.302,11.3223,105.7578483,16.8178104,104.7752705,16.3750848,104.3550721,15.4894981,107.1733443,18.1428769
2026-09-04,Descending,148,81,T148_F81,58197,L:SCI:DH:20M+05N:FS:B4:D09,59830.873,26912.189,44.9804,105.2463195,14.8304718,104.8178006,15.1606795,103.8603403,13.5065877,106.6435175,16.1518392
2026-09-04,Descending,148,85,T148_F85,58213,L:SCI:DH:40M+05N:FS:B4:D02,59679.725,141.276,0.2367,103.3252344,6.8731991,102.0351209,6.1634222,101.9858784,5.5654821,104.6702583,8.181375
2026-09-04,Descending,148,86,T148_F86,58217,L:SCI:DH:40M+05N:FS:B4:D02,59657.604,97.597,0.1636,102.8708829,4.8822004,102.024228,6.1144042,101.5384271,3.5782062,104.207691,6.1874149
2026-09-06,Ascending,11,7,T11_F7,4073,,59753.297,243.512,0.4075,102.3672131,10.853076,102.7044377,11.7726956,100.9999181,9.5375012,103.7261389,12.1676079
2026-09-06,Ascending,11,8,T11_F8,4077,L:SCI:DH:40M+05N:FS:B4:D02,59794.139,28668.162,47.9448,101.8817924,12.842068,101.8136389,13.2143551,100.5004973,11.5223892,103.2533163,14.1599636
2026-09-06,Ascending,11,9,T11_F9,4081,L:SCI:DH:40M+05N:FS:B4:D02,59841.192,59823.713,99.9708,101.3839229,14.8302726,101.3841518,14.8306459,99.9865342,13.506336,102.7700935,16.1516913
2026-09-06,Ascending,11,10,T11_F10,4085,,59894.455,56491.654,94.3187,100.8723932,16.817617,100.8464147,16.7562767,99.4567084,15.489253,102.275359,18.142734
2026-09-06,Ascending,11,11,T11_F11,4089,,59953.913,47596.047,79.3877,100.3458718,18.8040184,100.1282328,18.7425673,98.9095615,17.4710401,101.7678988,20.133026
2026-09-06,Ascending,11,12,T11_F12,4093,,60019.59,10944.009,18.2341,99.802889,20.7893831,99.7131767,19.949408,98.3434765,19.4515839,101.2463804,22.1224927
2026-09-06,Descending,4,79,T4_F79,1553,L:SCI:DH:20M+05N:FS:B4:D09,59944.434,12094.16,20.1756,102.1227305,18.8042218,101.7939286,18.2051571,100.7008863,17.4712961,103.5588576,20.1331778
2026-09-06,Descending,4,80,T4_F80,1557,,59884.933,57184.236,95.4902,101.5962255,16.8178237,101.6138883,16.7721575,100.1934426,15.4895128,103.0117269,18.1428888
2026-09-06,Descending,4,81,T4_F81,1561,L:SCI:DH:40M+05N:FS:B4:D02,59831.646,59831.646,100.0,101.0847152,14.830483,101.0847152,14.830483,99.6987276,13.5065998,102.4819202,16.1518495
2026-09-06,Descending,4,82,T4_F82,1565,L:SCI:DH:40M+05N:FS:B4:D02,59784.58,30850.025,51.602,100.5868684,12.8422823,100.5221042,13.2038364,99.2155277,11.5226574,101.9679795,14.1601251
2026-09-06,Descending,4,83,T4_F83,1569,,59743.75,8618.965,14.4266,100.1014738,10.8532943,99.2638868,10.8976142,98.7427314,9.5377739,101.4685847,12.167773
2026-09-06,Descending,4,84,T4_F84,1573,L:SCI:DH:40M+05N:FS:B4:D02,59709.171,34203.324,57.2832,99.6274241,8.8635826,99.2930162,8.6995935,98.2793152,7.5520271,100.9825361,10.1748432
2026-09-06,Descending,4,85,T4_F85,1577,,59680.864,13440.227,22.5202,99.1637022,6.8732025,99.7384325,7.3815838,97.8243313,5.565485,100.5087394,8.1813789
2026-09-08,Ascending,40,5,T40_F5,15345,,59691.274,13791.961,23.1055,99.1430257,6.8729915,99.768846,7.4412602,97.7977867,5.5652226,100.4825957,8.1812181
2026-09-08,Ascending,40,6,T40_F6,15349,L:SCI:DH:40M+05N:FS:B4:D02,59719.699,31295.121,52.4033,98.6792785,8.8633744,99.0471001,8.8158619,97.3239636,7.5517675,100.027588,10.1746852
2026-09-08,Ascending,40,7,T40_F7,15353,,59754.373,6895.642,11.54,98.2052076,10.8530888,99.0130324,10.4518276,96.8378925,9.5375171,99.5641519,12.1676177
2026-09-08,Ascending,40,9,T40_F9,15361,L:SCI:DH:40M+05N:FS:B4:D02 S:DB:DH:37W:B4,59842.407,1216.742,2.0332,97.2219344,14.8302824,98.312511,14.9283171,95.8245225,13.5063479,98.6081265,16.1516989
2026-09-08,Ascending,40,11,T40_F11,15369,L:SCI:DH:40M+05N:FS:B4:D02 S:DB:DH:37W:B4,59955.272,196.044,0.327,96.1839,18.8040248,97.4656079,18.404956,94.7475631,17.4710477,97.6059518,20.133031
2026-09-08,Descending,33,78,T33_F78,12837,,60011.459,4310.086,7.1821,98.5041904,20.7895698,99.1646991,19.8105252,97.060862,19.4518176,99.9634374,22.1226332
2026-09-08,Descending,33,79,T33_F79,12841,L:SCI:DH:20M+05N:FS:B4:D09,59945.857,34607.818,57.7318,97.9612353,18.8042055,98.4340916,18.6880662,96.5393692,17.4712739,99.3973822,20.1331673
2026-09-08,Descending,33,80,T33_F80,12845,L:SCI:DH:20M+05N:FS:B4:D09,59886.468,6824.429,11.3956,97.4347438,16.8178047,98.3693447,17.38101,96.0319369,15.4894874,98.8502672,18.1428761
2026-09-08,Descending,33,81,T33_F81,12849,L:SCI:DH:20M+05N:FS:B4:D09,59833.302,39.344,0.0658,96.9232466,14.8304614,98.1895448,15.1571582,95.537233,13.5065713,98.3204758,16.1518347
2026-09-11,Ascending,83,8,T83_F8,32325,,59793.402,1.028,0.0017,103.9628259,12.8420694,102.5897149,13.6074715,102.5815443,11.522391,105.3343368,14.1599645
2026-09-11,Ascending,83,9,T83_F9,32329,L:SCI:DH:40M+05N:FS:B4:D02,59840.444,45914.205,76.7277,103.4649527,14.8302745,103.4025486,15.0690931,102.067578,13.5063383,104.8511099,16.1516927
2026-09-11,Ascending,83,10,T83_F10,32333,L:SCI:DH:40M+05N:FS:B4:D02,59893.681,59861.405,99.9461,102.9534193,16.8176194,102.9535857,16.8170629,101.537749,15.4892562,104.3563711,18.1427357
2026-09-11,Ascending,83,11,T83_F11,32337,,59953.129,11347.579,18.9274,102.4268942,18.8040215,102.4525126,18.0926567,100.990599,17.471044,103.8489068,20.1330282
2026-09-11,Ascending,83,12,T83_F12,32341,,60018.775,304.816,0.5079,101.8839078,20.7893868,101.1082899,19.5326106,100.424511,19.4515888,103.3273841,22.1224952
2026-09-11,Descending,76,79,T76_F79,29781,,59944.176,7093.964,11.8343,104.2035445,18.8042141,103.7092591,18.0458456,102.7817018,17.4712876,105.639671,20.1331709
2026-09-11,Descending,76,80,T76_F80,29785,L:SCI:DH:40M+05N:FS:B4:D02,59884.619,56572.302,94.4688,103.6770296,16.8178173,103.6244684,16.7841561,102.2742492,15.4895059,105.0925293,18.142883
2026-09-11,Descending,76,81,T76_F81,29789,L:SCI:DH:40M+05N:FS:B4:D02,59831.28,48922.576,81.7676,103.1655095,14.830478,103.0791425,15.0151783,101.7795255,13.5065945,104.5627119,16.1518447
2026-09-11,Descending,76,82,T76_F82,29793,,59784.157,18496.892,30.9395,102.6676531,12.8422786,102.1208718,13.1620513,101.296317,11.5226537,104.0487606,14.1601213
2026-09-11,Descending,76,83,T76_F83,29797,L:SCI:DH:20M+05N:FS:B4:D09,59743.27,145.453,0.2435,102.1822491,10.8532918,102.648151,11.6717332,100.8235123,9.5377716,103.5493553,12.1677702
2026-09-11,Descending,76,85,T76_F85,29805,L:SCI:DH:40M+05N:FS:B4:D02,59680.265,18920.13,31.7025,101.2444586,6.8732024,101.0578562,6.5414828,99.9050955,5.5654857,102.5894891,8.1813781
2026-09-11,Descending,76,86,T76_F86,29809,L:SCI:DH:40M+05N:FS:B4:D02,59658.183,822.13,1.3781,100.7901158,4.8822031,101.1586688,5.7979817,99.4576522,3.578209,102.1269311,6.1874175
2026-09-13,Ascending,112,4,T112_F4,43681,L:SCI:DH:40M+05N:FS:B4:D02,59668.731,1819.516,3.0494,101.6783939,4.8819775,101.5073004,5.8616717,100.3413773,3.5779286,103.0110579,6.1872458
2026-09-13,Ascending,112,5,T112_F5,43685,L:SCI:DH:40M+05N:FS:B4:D02,59690.857,20302.735,34.0131,101.2240267,6.8729816,100.9660573,6.6218174,99.8787954,5.5652104,102.5635898,8.1812107
2026-09-13,Ascending,112,6,T112_F6,43689,,59719.243,9091.405,15.2236,100.760275,8.8633653,99.933179,8.4380963,99.4049685,7.5517563,102.1085768,10.1746783
2026-09-13,Ascending,112,7,T112_F7,43693,,59753.881,4235.801,7.0887,100.2861996,10.8530806,99.415354,11.1050983,98.9188939,9.5375068,101.6451355,12.1676114
2026-09-13,Ascending,112,8,T112_F8,43697,L:SCI:DH:40M+05N:FS:B4:D02 S:DB:DH:37W:B4,59794.748,23760.796,39.7373,99.8007831,12.8420719,99.8264836,13.1670157,98.4194767,11.522394,101.1723177,14.1599665
2026-09-13,Ascending,112,9,T112_F9,43701,L:SCI:DH:40M+05N:FS:B4:D02 S:DB:DH:37W:B4,59841.835,49172.186,82.1703,99.3029178,14.8302758,99.4849137,14.8989959,97.905517,13.5063398,100.6890998,16.1516939
2026-09-13,Ascending,112,10,T112_F10,43705,L:SCI:DH:40M+05N:FS:B4:D02 S:DB:DH:37W:B4,59895.124,39974.454,66.7407,98.7913922,16.8176194,99.1483272,16.9434464,97.3756945,15.4892559,100.1943701,18.1427359
2026-09-13,Ascending,112,11,T112_F11,43709,L:SCI:DH:40M+05N:FS:B4:D02 S:DB:DH:37W:B4,59954.619,40773.197,68.0068,98.2648749,18.8040201,98.5779005,18.7116129,96.828551,17.4710419,99.6869147,20.1330274
2026-09-13,Ascending,112,12,T112_F12,43713,L:SCI:DH:40M+05N:FS:B4:D02 S:DB:DH:37W:B4,60020.319,202.315,0.3371,97.7218962,20.7893839,98.8492255,19.9803614,96.2624693,19.4515848,99.1654012,22.1224934
2026-09-13,Descending,105,78,T105_F78,41261,,60010.606,6764.51,11.2722,100.5849175,20.7895834,100.0011147,20.0638949,99.1416034,19.4518354,102.0441511,22.1226428
2026-09-13,Descending,105,79,T105_F79,41265,L:SCI:DH:40M+05N:FS:B4:D02,59944.941,56560.566,94.3542,100.0419571,18.8042203,99.9870316,18.7688789,98.6201063,17.4712932,101.4780896,20.1331777
2026-09-13,Descending,105,80,T105_F80,41269,,59885.504,55074.042,91.9656,99.5154606,16.8178207,99.6073938,16.8571487,98.1126699,15.4895081,100.9309686,18.1428876
2026-09-13,Descending,105,81,T105_F81,41273,L:SCI:DH:20M+05N:FS:B4:D09,59832.279,42182.712,70.5016,99.0039585,14.8304786,99.3187036,14.8696919,97.6179621,13.5065934,100.4011714,16.151847
2026-09-13,Descending,105,82,T105_F82,41277,L:SCI:DH:20M+05N:FS:B4:D09,59785.279,8770.464,14.6699,98.5061198,12.8422765,99.463611,13.1451117,97.1347691,11.5226493,99.8872399,14.1601216
2026-09-13,Descending,105,83,T105_F83,41281,L:SCI:DH:20M+05N:FS:B4:D09,59744.511,5976.923,10.0041,98.0207332,10.8532871,98.8802018,10.2592656,96.6619796,9.5377641,99.3878542,12.1677684
2026-09-13,Descending,105,84,T105_F84,41285,L:SCI:DH:20M+05N:FS:B4:D09,59710.0,8013.714,13.4211,97.5466915,8.8635739,98.5093059,8.9194045,96.1985702,7.5520156,98.9018147,10.1748375
2026-09-16,Ascending,155,9,T155_F9,60533,L:SCI:DH:20M+05N:FS:B4:D09,59839.606,20483.755,34.2311,105.5459921,14.8302794,104.9343681,15.1142664,104.1486332,13.5063446,106.9321341,16.1516964
2026-09-16,Ascending,155,10,T155_F10,60537,L:SCI:DH:20M+05N:FS:B4:D09,59892.834,25616.14,42.77,105.0344558,16.817625,104.4058392,16.6174166,103.6188018,15.4892631,106.4373919,18.14274
2026-09-16,Ascending,155,11,T155_F11,60541,L:SCI:DH:20M+05N:FS:B4:D09,59952.252,6686.768,11.1535,104.5079278,18.8040277,103.8595031,17.9364105,103.0716495,17.4710519,105.9299241,20.1330328
2026-09-16,Descending,148,80,T148_F80,58193,L:SCI:SH:20M+05N:FS:B4:D09,59884.249,6780.302,11.3223,105.7578483,16.8178104,104.7752705,16.3750848,104.3550721,15.4894981,107.1733443,18.1428769
2026-09-16,Descending,148,81,T148_F81,58197,L:SCI:SH:20M+05N:FS:B4:D09,59830.873,26912.189,44.9804,105.2463195,14.8304718,104.8178006,15.1606795,103.8603403,13.5065877,106.6435175,16.1518392
2026-09-16,Descending,148,85,T148_F85,58213,L:SCI:DH:40M+05N:FS:B4:D02,59679.725,141.276,0.2367,103.3252344,6.8731991,102.0351209,6.1634222,101.9858784,5.5654821,104.6702583,8.181375
2026-09-16,Descending,148,86,T148_F86,58217,L:SCI:DH:40M+05N:FS:B4:D02,59657.604,97.597,0.1636,102.8708829,4.8822004,102.024228,6.1144042,101.5384271,3.5782062,104.207691,6.1874149
2026-09-18,Ascending,11,7,T11_F7,4073,,59753.297,243.512,0.4075,102.3672131,10.853076,102.7044377,11.7726956,100.9999181,9.5375012,103.7261389,12.1676079
2026-09-18,Ascending,11,8,T11_F8,4077,L:SCI:DH:40M+05N:FS:B4:D02,59794.139,28668.162,47.9448,101.8817924,12.842068,101.8136389,13.2143551,100.5004973,11.5223892,103.2533163,14.1599636
2026-09-18,Ascending,11,9,T11_F9,4081,L:SCI:DH:40M+05N:FS:B4:D02,59841.192,59823.713,99.9708,101.3839229,14.8302726,101.3841518,14.8306459,99.9865342,13.506336,102.7700935,16.1516913
2026-09-18,Ascending,11,10,T11_F10,4085,,59894.455,56491.654,94.3187,100.8723932,16.817617,100.8464147,16.7562767,99.4567084,15.489253,102.275359,18.142734
2026-09-18,Ascending,11,11,T11_F11,4089,,59953.913,47596.047,79.3877,100.3458718,18.8040184,100.1282328,18.7425673,98.9095615,17.4710401,101.7678988,20.133026
2026-09-18,Ascending,11,12,T11_F12,4093,,60019.59,10944.009,18.2341,99.802889,20.7893831,99.7131767,19.949408,98.3434765,19.4515839,101.2463804,22.1224927
2026-09-18,Descending,4,79,T4_F79,1553,L:SCI:SH:20M+05N:FS:B4:D09,59944.434,12094.16,20.1756,102.1227305,18.8042218,101.7939286,18.2051571,100.7008863,17.4712961,103.5588576,20.1331778
2026-09-18,Descending,4,80,T4_F80,1557,,59884.933,57184.236,95.4902,101.5962255,16.8178237,101.6138883,16.7721575,100.1934426,15.4895128,103.0117269,18.1428888
2026-09-18,Descending,4,81,T4_F81,1561,L:SCI:DH:40M+05N:FS:B4:D02,59831.646,59831.646,100.0,101.0847152,14.830483,101.0847152,14.830483,99.6987276,13.5065998,102.4819202,16.1518495
2026-09-18,Descending,4,82,T4_F82,1565,L:SCI:DH:40M+05N:FS:B4:D02,59784.58,30850.025,51.602,100.5868684,12.8422823,100.5221042,13.2038364,99.2155277,11.5226574,101.9679795,14.1601251
2026-09-18,Descending,4,83,T4_F83,1569,,59743.75,8618.965,14.4266,100.1014738,10.8532943,99.2638868,10.8976142,98.7427314,9.5377739,101.4685847,12.167773
2026-09-18,Descending,4,84,T4_F84,1573,L:SCI:DH:40M+05N:FS:B4:D02,59709.171,34203.324,57.2832,99.6274241,8.8635826,99.2930162,8.6995935,98.2793152,7.5520271,100.9825361,10.1748432
2026-09-18,Descending,4,85,T4_F85,1577,,59680.864,13440.227,22.5202,99.1637022,6.8732025,99.7384325,7.3815838,97.8243313,5.565485,100.5087394,8.1813789
2026-09-20,Ascending,40,5,T40_F5,15345,,59691.274,13791.961,23.1055,99.1430257,6.8729915,99.768846,7.4412602,97.7977867,5.5652226,100.4825957,8.1812181
2026-09-20,Ascending,40,6,T40_F6,15349,L:SCI:DH:40M+05N:FS:B4:D02,59719.699,31295.121,52.4033,98.6792785,8.8633744,99.0471001,8.8158619,97.3239636,7.5517675,100.027588,10.1746852
2026-09-20,Ascending,40,7,T40_F7,15353,,59754.373,6895.642,11.54,98.2052076,10.8530888,99.0130324,10.4518276,96.8378925,9.5375171,99.5641519,12.1676177
2026-09-20,Ascending,40,9,T40_F9,15361,L:SCI:DH:40M+05N:FS:B4:D02 S:DB:DH:37W:B4,59842.407,1216.742,2.0332,97.2219344,14.8302824,98.312511,14.9283171,95.8245225,13.5063479,98.6081265,16.1516989
2026-09-20,Ascending,40,11,T40_F11,15369,L:SCI:DH:40M+05N:FS:B4:D02 S:DB:DH:37W:B4,59955.272,196.044,0.327,96.1839,18.8040248,97.4656079,18.404956,94.7475631,17.4710477,97.6059518,20.133031
2026-09-20,Descending,33,78,T33_F78,12837,,60011.459,4310.086,7.1821,98.5041904,20.7895698,99.1646991,19.8105252,97.060862,19.4518176,99.9634374,22.1226332
2026-09-20,Descending,33,79,T33_F79,12841,L:SCI:SH:20M+05N:FS:B4:D09,59945.857,34607.818,57.7318,97.9612353,18.8042055,98.4340916,18.6880662,96.5393692,17.4712739,99.3973822,20.1331673
2026-09-20,Descending,33,80,T33_F80,12845,L:SCI:SH:20M+05N:FS:B4:D09,59886.468,6824.429,11.3956,97.4347438,16.8178047,98.3693447,17.38101,96.0319369,15.4894874,98.8502672,18.1428761
2026-09-20,Descending,33,81,T33_F81,12849,L:SCI:SH:20M+05N:FS:B4:D09,59833.302,39.344,0.0658,96.9232466,14.8304614,98.1895448,15.1571582,95.537233,13.5065713,98.3204758,16.1518347
2026-09-23,Ascending,83,8,T83_F8,32325,,59793.402,1.028,0.0017,103.9628259,12.8420694,102.5897149,13.6074715,102.5815443,11.522391,105.3343368,14.1599645
2026-09-23,Ascending,83,9,T83_F9,32329,L:SCI:DH:40M+05N:FS:B4:D02,59840.444,45914.205,76.7277,103.4649527,14.8302745,103.4025486,15.0690931,102.067578,13.5063383,104.8511099,16.1516927
2026-09-23,Ascending,83,10,T83_F10,32333,L:SCI:DH:40M+05N:FS:B4:D02,59893.681,59861.405,99.9461,102.9534193,16.8176194,102.9535857,16.8170629,101.537749,15.4892562,104.3563711,18.1427357
2026-09-23,Ascending,83,11,T83_F11,32337,,59953.129,11347.579,18.9274,102.4268942,18.8040215,102.4525126,18.0926567,100.990599,17.471044,103.8489068,20.1330282
2026-09-23,Ascending,83,12,T83_F12,32341,,60018.775,304.816,0.5079,101.8839078,20.7893868,101.1082899,19.5326106,100.424511,19.4515888,103.3273841,22.1224952
2026-09-23,Descending,76,79,T76_F79,29781,,59944.176,7093.964,11.8343,104.2035445,18.8042141,103.7092591,18.0458456,102.7817018,17.4712876,105.639671,20.1331709
2026-09-23,Descending,76,80,T76_F80,29785,L:SCI:DH:40M+05N:FS:B4:D02,59884.619,56572.302,94.4688,103.6770296,16.8178173,103.6244684,16.7841561,102.2742492,15.4895059,105.0925293,18.142883
2026-09-23,Descending,76,81,T76_F81,29789,L:SCI:DH:40M+05N:FS:B4:D02,59831.28,48922.576,81.7676,103.1655095,14.830478,103.0791425,15.0151783,101.7795255,13.5065945,104.5627119,16.1518447
2026-09-23,Descending,76,82,T76_F82,29793,,59784.157,18496.892,30.9395,102.6676531,12.8422786,102.1208718,13.1620513,101.296317,11.5226537,104.0487606,14.1601213
2026-09-23,Descending,76,83,T76_F83,29797,L:SCI:SH:20M+05N:FS:B4:D09,59743.27,145.453,0.2435,102.1822491,10.8532918,102.648151,11.6717332,100.8235123,9.5377716,103.5493553,12.1677702
2026-09-23,Descending,76,85,T76_F85,29805,L:SCI:DH:40M+05N:FS:B4:D02,59680.265,18920.13,31.7025,101.2444586,6.8732024,101.0578562,6.5414828,99.9050955,5.5654857,102.5894891,8.1813781
2026-09-23,Descending,76,86,T76_F86,29809,L:SCI:DH:40M+05N:FS:B4:D02,59658.183,822.13,1.3781,100.7901158,4.8822031,101.1586688,5.7979817,99.4576522,3.578209,102.1269311,6.1874175
2026-09-25,Ascending,112,4,T112_F4,43681,L:SCI:DH:40M+05N:FS:B4:D02,59668.731,1819.516,3.0494,101.6783939,4.8819775,101.5073004,5.8616717,100.3413773,3.5779286,103.0110579,6.1872458
2026-09-25,Ascending,112,5,T112_F5,43685,L:SCI:DH:40M+05N:FS:B4:D02,59690.857,20302.735,34.0131,101.2240267,6.8729816,100.9660573,6.6218174,99.8787954,5.5652104,102.5635898,8.1812107
2026-09-25,Ascending,112,6,T112_F6,43689,,59719.243,9091.405,15.2236,100.760275,8.8633653,99.933179,8.4380963,99.4049685,7.5517563,102.1085768,10.1746783
2026-09-25,Ascending,112,8,T112_F8,43697,L:SCI:DH:40M+05N:FS:B4:D02 S:DB:DH:37W:B4,59794.748,23760.796,39.7373,99.8007831,12.8420719,99.8264836,13.1670157,98.4194767,11.522394,101.1723177,14.1599665
2026-09-25,Ascending,112,9,T112_F9,43701,L:SCI:DH:40M+05N:FS:B4:D02 S:DB:DH:37W:B4,59841.835,49172.186,82.1703,99.3029178,14.8302758,99.4849137,14.8989959,97.905517,13.5063398,100.6890998,16.1516939
2026-09-25,Ascending,112,10,T112_F10,43705,L:SCI:DH:40M+05N:FS:B4:D02 S:DB:DH:37W:B4,59895.124,39974.454,66.7407,98.7913922,16.8176194,99.1483272,16.9434464,97.3756945,15.4892559,100.1943701,18.1427359
2026-09-25,Ascending,112,11,T112_F11,43709,L:SCI:DH:40M+05N:FS:B4:D02 S:DB:DH:37W:B4,59954.619,40773.197,68.0068,98.2648749,18.8040201,98.5779005,18.7116129,96.828551,17.4710419,99.6869147,20.1330274
2026-09-25,Ascending,112,12,T112_F12,43713,L:SCI:DH:40M+05N:FS:B4:D02 S:DB:DH:37W:B4,60020.319,202.315,0.3371,97.7218962,20.7893839,98.8492255,19.9803614,96.2624693,19.4515848,99.1654012,22.1224934
2026-09-25,Descending,105,78,T105_F78,41261,,60010.606,6764.51,11.2722,100.5849175,20.7895834,100.0011147,20.0638949,99.1416034,19.4518354,102.0441511,22.1226428
2026-09-25,Descending,105,79,T105_F79,41265,L:SCI:DH:40M+05N:FS:B4:D02,59944.941,56560.566,94.3542,100.0419571,18.8042203,99.9870316,18.7688789,98.6201063,17.4712932,101.4780896,20.1331777
2026-09-25,Descending,105,80,T105_F80,41269,,59885.504,55074.042,91.9656,99.5154606,16.8178207,99.6073938,16.8571487,98.1126699,15.4895081,100.9309686,18.1428876
2026-09-25,Descending,105,81,T105_F81,41273,L:SCI:SH:20M+05N:FS:B4:D09,59832.279,42182.712,70.5016,99.0039585,14.8304786,99.3187036,14.8696919,97.6179621,13.5065934,100.4011714,16.151847
2026-09-25,Descending,105,82,T105_F82,41277,L:SCI:SH:20M+05N:FS:B4:D09,59785.279,8770.464,14.6699,98.5061198,12.8422765,99.463611,13.1451117,97.1347691,11.5226493,99.8872399,14.1601216
2026-09-25,Descending,105,83,T105_F83,41281,L:SCI:SH:20M+05N:FS:B4:D09,59744.511,5976.923,10.0041,98.0207332,10.8532871,98.8802018,10.2592656,96.6619796,9.5377641,99.3878542,12.1677684
2026-09-25,Descending,105,84,T105_F84,41285,L:SCI:SH:20M+05N:FS:B4:D09,59710.0,8013.714,13.4211,97.5466915,8.8635739,98.5093059,8.9194045,96.1985702,7.5520156,98.9018147,10.1748375
2026-09-28,Ascending,155,9,T155_F9,60533,L:SCI:DH:20M+05N:FS:B4:D09,59839.606,20483.755,34.2311,105.5459921,14.8302794,104.9343681,15.1142664,104.1486332,13.5063446,106.9321341,16.1516964
2026-09-28,Ascending,155,10,T155_F10,60537,L:SCI:DH:20M+05N:FS:B4:D09,59892.834,25616.14,42.77,105.0344558,16.817625,104.4058392,16.6174166,103.6188018,15.4892631,106.4373919,18.14274
2026-09-28,Ascending,155,11,T155_F11,60541,L:SCI:DH:20M+05N:FS:B4:D09,59952.252,6686.768,11.1535,104.5079278,18.8040277,103.8595031,17.9364105,103.0716495,17.4710519,105.9299241,20.1330328
2026-09-28,Descending,148,80,T148_F80,58193,L:SCI:DH:20M+05N:FS:B4:D09,59884.249,6780.302,11.3223,105.7578483,16.8178104,104.7752705,16.3750848,104.3550721,15.4894981,107.1733443,18.1428769
2026-09-28,Descending,148,81,T148_F81,58197,L:SCI:DH:20M+05N:FS:B4:D09,59830.873,26912.189,44.9804,105.2463195,14.8304718,104.8178006,15.1606795,103.8603403,13.5065877,106.6435175,16.1518392
2026-09-28,Descending,148,85,T148_F85,58213,L:SCI:DH:40M+05N:FS:B4:D02,59679.725,141.276,0.2367,103.3252344,6.8731991,102.0351209,6.1634222,101.9858784,5.5654821,104.6702583,8.181375
2026-09-28,Descending,148,86,T148_F86,58217,L:SCI:DH:40M+05N:FS:B4:D02,59657.604,97.597,0.1636,102.8708829,4.8822004,102.024228,6.1144042,101.5384271,3.5782062,104.207691,6.1874149
2026-09-30,Ascending,11,7,T11_F7,4073,,59753.297,243.512,0.4075,102.3672131,10.853076,102.7044377,11.7726956,100.9999181,9.5375012,103.7261389,12.1676079
2026-09-30,Ascending,11,8,T11_F8,4077,L:SCI:DH:40M+05N:FS:B4:D02,59794.139,28668.162,47.9448,101.8817924,12.842068,101.8136389,13.2143551,100.5004973,11.5223892,103.2533163,14.1599636
2026-09-30,Ascending,11,9,T11_F9,4081,L:SCI:DH:40M+05N:FS:B4:D02,59841.192,59823.713,99.9708,101.3839229,14.8302726,101.3841518,14.8306459,99.9865342,13.506336,102.7700935,16.1516913
2026-09-30,Ascending,11,10,T11_F10,4085,,59894.455,56491.654,94.3187,100.8723932,16.817617,100.8464147,16.7562767,99.4567084,15.489253,102.275359,18.142734
2026-09-30,Ascending,11,11,T11_F11,4089,,59953.913,47596.047,79.3877,100.3458718,18.8040184,100.1282328,18.7425673,98.9095615,17.4710401,101.7678988,20.133026
2026-09-30,Ascending,11,12,T11_F12,4093,,60019.59,10944.009,18.2341,99.802889,20.7893831,99.7131767,19.949408,98.3434765,19.4515839,101.2463804,22.1224927
2026-09-30,Descending,4,79,T4_F79,1553,L:SCI:DH:20M+05N:FS:B4:D09,59944.434,12094.16,20.1756,102.1227305,18.8042218,101.7939286,18.2051571,100.7008863,17.4712961,103.5588576,20.1331778
2026-09-30,Descending,4,80,T4_F80,1557,,59884.933,57184.236,95.4902,101.5962255,16.8178237,101.6138883,16.7721575,100.1934426,15.4895128,103.0117269,18.1428888
2026-09-30,Descending,4,81,T4_F81,1561,L:SCI:DH:40M+05N:FS:B4:D02,59831.646,59831.646,100.0,101.0847152,14.830483,101.0847152,14.830483,99.6987276,13.5065998,102.4819202,16.1518495
2026-09-30,Descending,4,82,T4_F82,1565,L:SCI:DH:40M+05N:FS:B4:D02,59784.58,30850.025,51.602,100.5868684,12.8422823,100.5221042,13.2038364,99.2155277,11.5226574,101.9679795,14.1601251
2026-09-30,Descending,4,83,T4_F83,1569,,59743.75,8618.965,14.4266,100.1014738,10.8532943,99.2638868,10.8976142,98.7427314,9.5377739,101.4685847,12.167773
2026-09-30,Descending,4,84,T4_F84,1573,L:SCI:DH:40M+05N:FS:B4:D02,59709.171,34203.324,57.2832,99.6274241,8.8635826,99.2930162,8.6995935,98.2793152,7.5520271,100.9825361,10.1748432
2026-09-30,Descending,4,85,T4_F85,1577,,59680.864,13440.227,22.5202,99.1637022,6.8732025,99.7384325,7.3815838,97.8243313,5.565485,100.5087394,8.1813789
2026-10-02,Ascending,40,5,T40_F5,15345,,59691.274,13791.961,23.1055,99.1430257,6.8729915,99.768846,7.4412602,97.7977867,5.5652226,100.4825957,8.1812181
2026-10-02,Ascending,40,6,T40_F6,15349,L:SCI:DH:40M+05N:FS:B4:D02,59719.699,31295.121,52.4033,98.6792785,8.8633744,99.0471001,8.8158619,97.3239636,7.5517675,100.027588,10.1746852
2026-10-02,Ascending,40,7,T40_F7,15353,,59754.373,6895.642,11.54,98.2052076,10.8530888,99.0130324,10.4518276,96.8378925,9.5375171,99.5641519,12.1676177
2026-10-02,Ascending,40,9,T40_F9,15361,L:SCI:DH:40M+05N:FS:B4:D02 S:DB:DH:37W:B4,59842.407,1216.742,2.0332,97.2219344,14.8302824,98.312511,14.9283171,95.8245225,13.5063479,98.6081265,16.1516989
2026-10-02,Ascending,40,11,T40_F11,15369,L:SCI:DH:40M+05N:FS:B4:D02 S:DB:DH:37W:B4,59955.272,196.044,0.327,96.1839,18.8040248,97.4656079,18.404956,94.7475631,17.4710477,97.6059518,20.133031
2026-10-02,Descending,33,78,T33_F78,12837,,60011.459,4310.086,7.1821,98.5041904,20.7895698,99.1646991,19.8105252,97.060862,19.4518176,99.9634374,22.1226332
2026-10-02,Descending,33,79,T33_F79,12841,L:SCI:DH:20M+05N:FS:B4:D09,59945.857,34607.818,57.7318,97.9612353,18.8042055,98.4340916,18.6880662,96.5393692,17.4712739,99.3973822,20.1331673
2026-10-02,Descending,33,80,T33_F80,12845,L:SCI:DH:20M+05N:FS:B4:D09,59886.468,6824.429,11.3956,97.4347438,16.8178047,98.3693447,17.38101,96.0319369,15.4894874,98.8502672,18.1428761
2026-10-02,Descending,33,81,T33_F81,12849,L:SCI:DH:20M+05N:FS:B4:D09,59833.302,39.344,0.0658,96.9232466,14.8304614,98.1895448,15.1571582,95.537233,13.5065713,98.3204758,16.1518347
2026-10-05,Ascending,83,8,T83_F8,32325,,59793.402,1.028,0.0017,103.9628259,12.8420694,102.5897149,13.6074715,102.5815443,11.522391,105.3343368,14.1599645
2026-10-05,Ascending,83,9,T83_F9,32329,L:SCI:DH:40M+05N:FS:B4:D02,59840.444,45914.205,76.7277,103.4649527,14.8302745,103.4025486,15.0690931,102.067578,13.5063383,104.8511099,16.1516927
2026-10-05,Ascending,83,10,T83_F10,32333,L:SCI:DH:40M+05N:FS:B4:D02,59893.681,59861.405,99.9461,102.9534193,16.8176194,102.9535857,16.8170629,101.537749,15.4892562,104.3563711,18.1427357
2026-10-05,Ascending,83,11,T83_F11,32337,,59953.129,11347.579,18.9274,102.4268942,18.8040215,102.4525126,18.0926567,100.990599,17.471044,103.8489068,20.1330282
2026-10-05,Ascending,83,12,T83_F12,32341,,60018.775,304.816,0.5079,101.8839078,20.7893868,101.1082899,19.5326106,100.424511,19.4515888,103.3273841,22.1224952
2026-10-05,Descending,76,79,T76_F79,29781,,59944.176,7093.964,11.8343,104.2035445,18.8042141,103.7092591,18.0458456,102.7817018,17.4712876,105.639671,20.1331709
2026-10-05,Descending,76,80,T76_F80,29785,L:SCI:DH:40M+05N:FS:B4:D02,59884.619,56572.302,94.4688,103.6770296,16.8178173,103.6244684,16.7841561,102.2742492,15.4895059,105.0925293,18.142883
2026-10-05,Descending,76,81,T76_F81,29789,L:SCI:DH:40M+05N:FS:B4:D02,59831.28,48922.576,81.7676,103.1655095,14.830478,103.0791425,15.0151783,101.7795255,13.5065945,104.5627119,16.1518447
2026-10-05,Descending,76,82,T76_F82,29793,,59784.157,18496.892,30.9395,102.6676531,12.8422786,102.1208718,13.1620513,101.296317,11.5226537,104.0487606,14.1601213
2026-10-05,Descending,76,83,T76_F83,29797,L:SCI:DH:20M+05N:FS:B4:D09,59743.27,145.453,0.2435,102.1822491,10.8532918,102.648151,11.6717332,100.8235123,9.5377716,103.5493553,12.1677702
2026-10-05,Descending,76,85,T76_F85,29805,L:SCI:DH:40M+05N:FS:B4:D02,59680.265,18920.13,31.7025,101.2444586,6.8732024,101.0578562,6.5414828,99.9050955,5.5654857,102.5894891,8.1813781
2026-10-05,Descending,76,86,T76_F86,29809,L:SCI:DH:40M+05N:FS:B4:D02,59658.183,822.13,1.3781,100.7901158,4.8822031,101.1586688,5.7979817,99.4576522,3.578209,102.1269311,6.1874175
2026-10-07,Ascending,112,4,T112_F4,43681,L:SCI:DH:40M+05N:FS:B4:D02,59668.731,1819.516,3.0494,101.6783939,4.8819775,101.5073004,5.8616717,100.3413773,3.5779286,103.0110579,6.1872458
2026-10-07,Ascending,112,5,T112_F5,43685,L:SCI:DH:40M+05N:FS:B4:D02,59690.857,20302.735,34.0131,101.2240267,6.8729816,100.9660573,6.6218174,99.8787954,5.5652104,102.5635898,8.1812107
2026-10-07,Ascending,112,6,T112_F6,43689,,59719.243,9091.405,15.2236,100.760275,8.8633653,99.933179,8.4380963,99.4049685,7.5517563,102.1085768,10.1746783
2026-10-07,Ascending,112,8,T112_F8,43697,L:SCI:DH:40M+05N:FS:B4:D02 S:DB:DH:37W:B4,59794.748,23760.796,39.7373,99.8007831,12.8420719,99.8264836,13.1670157,98.4194767,11.522394,101.1723177,14.1599665
2026-10-07,Ascending,112,9,T112_F9,43701,L:SCI:DH:40M+05N:FS:B4:D02 S:DB:DH:37W:B4,59841.835,49172.186,82.1703,99.3029178,14.8302758,99.4849137,14.8989959,97.905517,13.5063398,100.6890998,16.1516939
2026-10-07,Ascending,112,10,T112_F10,43705,L:SCI:DH:40M+05N:FS:B4:D02 S:DB:DH:37W:B4,59895.124,39974.454,66.7407,98.7913922,16.8176194,99.1483272,16.9434464,97.3756945,15.4892559,100.1943701,18.1427359
2026-10-07,Ascending,112,11,T112_F11,43709,L:SCI:DH:40M+05N:FS:B4:D02 S:DB:DH:37W:B4,59954.619,40773.197,68.0068,98.2648749,18.8040201,98.5779005,18.7116129,96.828551,17.4710419,99.6869147,20.1330274
2026-10-07,Ascending,112,12,T112_F12,43713,L:SCI:DH:40M+05N:FS:B4:D02 S:DB:DH:37W:B4,60020.319,202.315,0.3371,97.7218962,20.7893839,98.8492255,19.9803614,96.2624693,19.4515848,99.1654012,22.1224934
2026-10-07,Descending,105,78,T105_F78,41261,,60010.606,6764.51,11.2722,100.5849175,20.7895834,100.0011147,20.0638949,99.1416034,19.4518354,102.0441511,22.1226428
2026-10-07,Descending,105,79,T105_F79,41265,L:SCI:DH:40M+05N:FS:B4:D02,59944.941,56560.566,94.3542,100.0419571,18.8042203,99.9870316,18.7688789,98.6201063,17.4712932,101.4780896,20.1331777
2026-10-07,Descending,105,80,T105_F80,41269,,59885.504,55074.042,91.9656,99.5154606,16.8178207,99.6073938,16.8571487,98.1126699,15.4895081,100.9309686,18.1428876
2026-10-07,Descending,105,81,T105_F81,41273,L:SCI:DH:20M+05N:FS:B4:D09,59832.279,42182.712,70.5016,99.0039585,14.8304786,99.3187036,14.8696919,97.6179621,13.5065934,100.4011714,16.151847
2026-10-07,Descending,105,82,T105_F82,41277,L:SCI:DH:20M+05N:FS:B4:D09,59785.279,8770.464,14.6699,98.5061198,12.8422765,99.463611,13.1451117,97.1347691,11.5226493,99.8872399,14.1601216
2026-10-07,Descending,105,83,T105_F83,41281,L:SCI:DH:20M+05N:FS:B4:D09,59744.511,5976.923,10.0041,98.0207332,10.8532871,98.8802018,10.2592656,96.6619796,9.5377641,99.3878542,12.1677684
2026-10-07,Descending,105,84,T105_F84,41285,L:SCI:DH:20M+05N:FS:B4:D09,59710.0,8013.714,13.4211,97.5466915,8.8635739,98.5093059,8.9194045,96.1985702,7.5520156,98.9018147,10.1748375
2026-10-10,Ascending,155,9,T155_F9,60533,L:SCI:DH:20M+05N:FS:B4:D09,59839.606,20483.755,34.2311,105.5459921,14.8302794,104.9343681,15.1142664,104.1486332,13.5063446,106.9321341,16.1516964
2026-10-10,Ascending,155,10,T155_F10,60537,L:SCI:DH:20M+05N:FS:B4:D09,59892.834,25616.14,42.77,105.0344558,16.817625,104.4058392,16.6174166,103.6188018,15.4892631,106.4373919,18.14274
2026-10-10,Ascending,155,11,T155_F11,60541,L:SCI:DH:20M+05N:FS:B4:D09,59952.252,6686.768,11.1535,104.5079278,18.8040277,103.8595031,17.9364105,103.0716495,17.4710519,105.9299241,20.1330328
2026-10-10,Descending,148,80,T148_F80,58193,L:SCI:SH:20M+05N:FS:B4:D09,59884.249,6780.302,11.3223,105.7578483,16.8178104,104.7752705,16.3750848,104.3550721,15.4894981,107.1733443,18.1428769
2026-10-10,Descending,148,81,T148_F81,58197,L:SCI:SH:20M+05N:FS:B4:D09,59830.873,26912.189,44.9804,105.2463195,14.8304718,104.8178006,15.1606795,103.8603403,13.5065877,106.6435175,16.1518392
2026-10-10,Descending,148,85,T148_F85,58213,L:SCI:DH:40M+05N:FS:B4:D02,59679.725,141.276,0.2367,103.3252344,6.8731991,102.0351209,6.1634222,101.9858784,5.5654821,104.6702583,8.181375
2026-10-10,Descending,148,86,T148_F86,58217,L:SCI:DH:40M+05N:FS:B4:D02,59657.604,97.597,0.1636,102.8708829,4.8822004,102.024228,6.1144042,101.5384271,3.5782062,104.207691,6.1874149
2026-10-12,Ascending,11,7,T11_F7,4073,,59753.297,243.512,0.4075,102.3672131,10.853076,102.7044377,11.7726956,100.9999181,9.5375012,103.7261389,12.1676079
2026-10-12,Ascending,11,8,T11_F8,4077,L:SCI:DH:40M+05N:FS:B4:D02,59794.139,28668.162,47.9448,101.8817924,12.842068,101.8136389,13.2143551,100.5004973,11.5223892,103.2533163,14.1599636
2026-10-12,Ascending,11,9,T11_F9,4081,L:SCI:DH:40M+05N:FS:B4:D02,59841.192,59823.713,99.9708,101.3839229,14.8302726,101.3841518,14.8306459,99.9865342,13.506336,102.7700935,16.1516913
2026-10-12,Ascending,11,10,T11_F10,4085,,59894.455,56491.654,94.3187,100.8723932,16.817617,100.8464147,16.7562767,99.4567084,15.489253,102.275359,18.142734
2026-10-12,Ascending,11,11,T11_F11,4089,,59953.913,47596.047,79.3877,100.3458718,18.8040184,100.1282328,18.7425673,98.9095615,17.4710401,101.7678988,20.133026
2026-10-12,Ascending,11,12,T11_F12,4093,,60019.59,10944.009,18.2341,99.802889,20.7893831,99.7131767,19.949408,98.3434765,19.4515839,101.2463804,22.1224927
2026-10-12,Descending,4,79,T4_F79,1553,L:SCI:SH:20M+05N:FS:B4:D09,59944.434,12094.16,20.1756,102.1227305,18.8042218,101.7939286,18.2051571,100.7008863,17.4712961,103.5588576,20.1331778
2026-10-12,Descending,4,80,T4_F80,1557,,59884.933,57184.236,95.4902,101.5962255,16.8178237,101.6138883,16.7721575,100.1934426,15.4895128,103.0117269,18.1428888
2026-10-12,Descending,4,81,T4_F81,1561,L:SCI:DH:40M+05N:FS:B4:D02,59831.646,59831.646,100.0,101.0847152,14.830483,101.0847152,14.830483,99.6987276,13.5065998,102.4819202,16.1518495
2026-10-12,Descending,4,82,T4_F82,1565,L:SCI:DH:40M+05N:FS:B4:D02,59784.58,30850.025,51.602,100.5868684,12.8422823,100.5221042,13.2038364,99.2155277,11.5226574,101.9679795,14.1601251
2026-10-12,Descending,4,83,T4_F83,1569,,59743.75,8618.965,14.4266,100.1014738,10.8532943,99.2638868,10.8976142,98.7427314,9.5377739,101.4685847,12.167773
2026-10-12,Descending,4,84,T4_F84,1573,L:SCI:DH:40M+05N:FS:B4:D02,59709.171,34203.324,57.2832,99.6274241,8.8635826,99.2930162,8.6995935,98.2793152,7.5520271,100.9825361,10.1748432
2026-10-12,Descending,4,85,T4_F85,1577,,59680.864,13440.227,22.5202,99.1637022,6.8732025,99.7384325,7.3815838,97.8243313,5.565485,100.5087394,8.1813789
2026-10-14,Ascending,40,5,T40_F5,15345,,59691.274,13791.961,23.1055,99.1430257,6.8729915,99.768846,7.4412602,97.7977867,5.5652226,100.4825957,8.1812181
2026-10-14,Ascending,40,6,T40_F6,15349,L:SCI:DH:40M+05N:FS:B4:D02,59719.699,31295.121,52.4033,98.6792785,8.8633744,99.0471001,8.8158619,97.3239636,7.5517675,100.027588,10.1746852
2026-10-14,Ascending,40,7,T40_F7,15353,,59754.373,6895.642,11.54,98.2052076,10.8530888,99.0130324,10.4518276,96.8378925,9.5375171,99.5641519,12.1676177
2026-10-14,Ascending,40,9,T40_F9,15361,L:SCI:DH:40M+05N:FS:B4:D02 S:DB:DH:37W:B4,59842.407,1216.742,2.0332,97.2219344,14.8302824,98.312511,14.9283171,95.8245225,13.5063479,98.6081265,16.1516989
2026-10-14,Ascending,40,11,T40_F11,15369,L:SCI:DH:40M+05N:FS:B4:D02 S:DB:DH:37W:B4,59955.272,196.044,0.327,96.1839,18.8040248,97.4656079,18.404956,94.7475631,17.4710477,97.6059518,20.133031
2026-10-14,Descending,33,78,T33_F78,12837,,60011.459,4310.086,7.1821,98.5041904,20.7895698,99.1646991,19.8105252,97.060862,19.4518176,99.9634374,22.1226332
2026-10-14,Descending,33,79,T33_F79,12841,L:SCI:SH:20M+05N:FS:B4:D09,59945.857,34607.818,57.7318,97.9612353,18.8042055,98.4340916,18.6880662,96.5393692,17.4712739,99.3973822,20.1331673
2026-10-14,Descending,33,80,T33_F80,12845,L:SCI:SH:20M+05N:FS:B4:D09,59886.468,6824.429,11.3956,97.4347438,16.8178047,98.3693447,17.38101,96.0319369,15.4894874,98.8502672,18.1428761
2026-10-14,Descending,33,81,T33_F81,12849,L:SCI:SH:20M+05N:FS:B4:D09,59833.302,39.344,0.0658,96.9232466,14.8304614,98.1895448,15.1571582,95.537233,13.5065713,98.3204758,16.1518347
2026-10-17,Ascending,83,8,T83_F8,32325,,59793.402,1.028,0.0017,103.9628259,12.8420694,102.5897149,13.6074715,102.5815443,11.522391,105.3343368,14.1599645
2026-10-17,Ascending,83,9,T83_F9,32329,L:SCI:DH:40M+05N:FS:B4:D02,59840.444,45914.205,76.7277,103.4649527,14.8302745,103.4025486,15.0690931,102.067578,13.5063383,104.8511099,16.1516927
2026-10-17,Ascending,83,10,T83_F10,32333,L:SCI:DH:40M+05N:FS:B4:D02,59893.681,59861.405,99.9461,102.9534193,16.8176194,102.9535857,16.8170629,101.537749,15.4892562,104.3563711,18.1427357
2026-10-17,Ascending,83,11,T83_F11,32337,,59953.129,11347.579,18.9274,102.4268942,18.8040215,102.4525126,18.0926567,100.990599,17.471044,103.8489068,20.1330282
2026-10-17,Ascending,83,12,T83_F12,32341,,60018.775,304.816,0.5079,101.8839078,20.7893868,101.1082899,19.5326106,100.424511,19.4515888,103.3273841,22.1224952
2026-10-17,Descending,76,79,T76_F79,29781,,59944.176,7093.964,11.8343,104.2035445,18.8042141,103.7092591,18.0458456,102.7817018,17.4712876,105.639671,20.1331709
2026-10-17,Descending,76,80,T76_F80,29785,L:SCI:DH:40M+05N:FS:B4:D02,59884.619,56572.302,94.4688,103.6770296,16.8178173,103.6244684,16.7841561,102.2742492,15.4895059,105.0925293,18.142883
2026-10-17,Descending,76,81,T76_F81,29789,L:SCI:DH:40M+05N:FS:B4:D02,59831.28,48922.576,81.7676,103.1655095,14.830478,103.0791425,15.0151783,101.7795255,13.5065945,104.5627119,16.1518447
2026-10-17,Descending,76,82,T76_F82,29793,,59784.157,18496.892,30.9395,102.6676531,12.8422786,102.1208718,13.1620513,101.296317,11.5226537,104.0487606,14.1601213
2026-10-17,Descending,76,83,T76_F83,29797,L:SCI:SH:20M+05N:FS:B4:D09,59743.27,145.453,0.2435,102.1822491,10.8532918,102.648151,11.6717332,100.8235123,9.5377716,103.5493553,12.1677702
2026-10-17,Descending,76,85,T76_F85,29805,L:SCI:DH:40M+05N:FS:B4:D02,59680.265,18920.13,31.7025,101.2444586,6.8732024,101.0578562,6.5414828,99.9050955,5.5654857,102.5894891,8.1813781
2026-10-17,Descending,76,86,T76_F86,29809,L:SCI:DH:40M+05N:FS:B4:D02,59658.183,822.13,1.3781,100.7901158,4.8822031,101.1586688,5.7979817,99.4576522,3.578209,102.1269311,6.1874175
2026-10-19,Ascending,112,4,T112_F4,43681,L:SCI:DH:40M+05N:FS:B4:D02,59668.731,1819.516,3.0494,101.6783939,4.8819775,101.5073004,5.8616717,100.3413773,3.5779286,103.0110579,6.1872458
2026-10-19,Ascending,112,5,T112_F5,43685,L:SCI:DH:40M+05N:FS:B4:D02,59690.857,20302.735,34.0131,101.2240267,6.8729816,100.9660573,6.6218174,99.8787954,5.5652104,102.5635898,8.1812107
2026-10-19,Ascending,112,6,T112_F6,43689,,59719.243,9091.405,15.2236,100.760275,8.8633653,99.933179,8.4380963,99.4049685,7.5517563,102.1085768,10.1746783
2026-10-19,Ascending,112,8,T112_F8,43697,L:SCI:DH:40M+05N:FS:B4:D02 S:DB:DH:37W:B4,59794.748,23760.796,39.7373,99.8007831,12.8420719,99.8264836,13.1670157,98.4194767,11.522394,101.1723177,14.1599665
2026-10-19,Ascending,112,9,T112_F9,43701,L:SCI:DH:40M+05N:FS:B4:D02 S:DB:DH:37W:B4,59841.835,49172.186,82.1703,99.3029178,14.8302758,99.4849137,14.8989959,97.905517,13.5063398,100.6890998,16.1516939
2026-10-19,Ascending,112,10,T112_F10,43705,L:SCI:DH:40M+05N:FS:B4:D02 S:DB:DH:37W:B4,59895.124,39974.454,66.7407,98.7913922,16.8176194,99.1483272,16.9434464,97.3756945,15.4892559,100.1943701,18.1427359
2026-10-19,Ascending,112,11,T112_F11,43709,L:SCI:DH:40M+05N:FS:B4:D02 S:DB:DH:37W:B4,59954.619,40773.197,68.0068,98.2648749,18.8040201,98.5779005,18.7116129,96.828551,17.4710419,99.6869147,20.1330274
2026-10-19,Ascending,112,12,T112_F12,43713,L:SCI:DH:40M+05N:FS:B4:D02 S:DB:DH:37W:B4,60020.319,202.315,0.3371,97.7218962,20.7893839,98.8492255,19.9803614,96.2624693,19.4515848,99.1654012,22.1224934
2026-10-19,Descending,105,78,T105_F78,41261,,60010.606,6764.51,11.2722,100.5849175,20.7895834,100.0011147,20.0638949,99.1416034,19.4518354,102.0441511,22.1226428
2026-10-19,Descending,105,79,T105_F79,41265,L:SCI:DH:40M+05N:FS:B4:D02,59944.941,56560.566,94.3542,100.0419571,18.8042203,99.9870316,18.7688789,98.6201063,17.4712932,101.4780896,20.1331777
2026-10-19,Descending,105,80,T105_F80,41269,,59885.504,55074.042,91.9656,99.5154606,16.8178207,99.6073938,16.8571487,98.1126699,15.4895081,100.9309686,18.1428876
2026-10-19,Descending,105,81,T105_F81,41273,L:SCI:SH:20M+05N:FS:B4:D09,59832.279,42182.712,70.5016,99.0039585,14.8304786,99.3187036,14.8696919,97.6179621,13.5065934,100.4011714,16.151847
2026-10-19,Descending,105,82,T105_F82,41277,L:SCI:SH:20M+05N:FS:B4:D09,59785.279,8770.464,14.6699,98.5061198,12.8422765,99.463611,13.1451117,97.1347691,11.5226493,99.8872399,14.1601216
2026-10-19,Descending,105,83,T105_F83,41281,L:SCI:SH:20M+05N:FS:B4:D09,59744.511,5976.923,10.0041,98.0207332,10.8532871,98.8802018,10.2592656,96.6619796,9.5377641,99.3878542,12.1677684
2026-10-19,Descending,105,84,T105_F84,41285,L:SCI:SH:20M+05N:FS:B4:D09,59710.0,8013.714,13.4211,97.5466915,8.8635739,98.5093059,8.9194045,96.1985702,7.5520156,98.9018147,10.1748375
2026-10-22,Ascending,155,9,T155_F9,60533,L:SCI:DH:20M+05N:FS:B4:D09,59839.606,20483.755,34.2311,105.5459921,14.8302794,104.9343681,15.1142664,104.1486332,13.5063446,106.9321341,16.1516964
2026-10-22,Ascending,155,10,T155_F10,60537,L:SCI:DH:20M+05N:FS:B4:D09,59892.834,25616.14,42.77,105.0344558,16.817625,104.4058392,16.6174166,103.6188018,15.4892631,106.4373919,18.14274
2026-10-22,Ascending,155,11,T155_F11,60541,L:SCI:DH:20M+05N:FS:B4:D09,59952.252,6686.768,11.1535,104.5079278,18.8040277,103.8595031,17.9364105,103.0716495,17.4710519,105.9299241,20.1330328
2026-10-22,Descending,148,80,T148_F80,58193,L:SCI:DH:20M+05N:FS:B4:D09,59884.249,6780.302,11.3223,105.7578483,16.8178104,104.7752705,16.3750848,104.3550721,15.4894981,107.1733443,18.1428769
2026-10-22,Descending,148,81,T148_F81,58197,L:SCI:DH:20M+05N:FS:B4:D09,59830.873,26912.189,44.9804,105.2463195,14.8304718,104.8178006,15.1606795,103.8603403,13.5065877,106.6435175,16.1518392
2026-10-22,Descending,148,85,T148_F85,58213,L:SCI:DH:40M+05N:FS:B4:D02,59679.725,141.276,0.2367,103.3252344,6.8731991,102.0351209,6.1634222,101.9858784,5.5654821,104.6702583,8.181375
2026-10-22,Descending,148,86,T148_F86,58217,L:SCI:DH:40M+05N:FS:B4:D02,59657.604,97.597,0.1636,102.8708829,4.8822004,102.024228,6.1144042,101.5384271,3.5782062,104.207691,6.1874149
2026-10-24,Ascending,11,7,T11_F7,4073,,59753.297,243.512,0.4075,102.3672131,10.853076,102.7044377,11.7726956,100.9999181,9.5375012,103.7261389,12.1676079
2026-10-24,Ascending,11,8,T11_F8,4077,L:SCI:DH:40M+05N:FS:B4:D02,59794.139,28668.162,47.9448,101.8817924,12.842068,101.8136389,13.2143551,100.5004973,11.5223892,103.2533163,14.1599636
2026-10-24,Ascending,11,9,T11_F9,4081,L:SCI:DH:40M+05N:FS:B4:D02,59841.192,59823.713,99.9708,101.3839229,14.8302726,101.3841518,14.8306459,99.9865342,13.506336,102.7700935,16.1516913
2026-10-24,Ascending,11,10,T11_F10,4085,,59894.455,56491.654,94.3187,100.8723932,16.817617,100.8464147,16.7562767,99.4567084,15.489253,102.275359,18.142734
2026-10-24,Ascending,11,11,T11_F11,4089,,59953.913,47596.047,79.3877,100.3458718,18.8040184,100.1282328,18.7425673,98.9095615,17.4710401,101.7678988,20.133026
2026-10-24,Ascending,11,12,T11_F12,4093,,60019.59,10944.009,18.2341,99.802889,20.7893831,99.7131767,19.949408,98.3434765,19.4515839,101.2463804,22.1224927
2026-10-24,Descending,4,79,T4_F79,1553,L:SCI:DH:20M+05N:FS:B4:D09,59944.434,12094.16,20.1756,102.1227305,18.8042218,101.7939286,18.2051571,100.7008863,17.4712961,103.5588576,20.1331778
2026-10-24,Descending,4,80,T4_F80,1557,,59884.933,57184.236,95.4902,101.5962255,16.8178237,101.6138883,16.7721575,100.1934426,15.4895128,103.0117269,18.1428888
2026-10-24,Descending,4,81,T4_F81,1561,L:SCI:DH:40M+05N:FS:B4:D02,59831.646,59831.646,100.0,101.0847152,14.830483,101.0847152,14.830483,99.6987276,13.5065998,102.4819202,16.1518495
2026-10-24,Descending,4,82,T4_F82,1565,L:SCI:DH:40M+05N:FS:B4:D02,59784.58,30850.025,51.602,100.5868684,12.8422823,100.5221042,13.2038364,99.2155277,11.5226574,101.9679795,14.1601251
2026-10-24,Descending,4,83,T4_F83,1569,,59743.75,8618.965,14.4266,100.1014738,10.8532943,99.2638868,10.8976142,98.7427314,9.5377739,101.4685847,12.167773
2026-10-24,Descending,4,84,T4_F84,1573,L:SCI:DH:40M+05N:FS:B4:D02,59709.171,34203.324,57.2832,99.6274241,8.8635826,99.2930162,8.6995935,98.2793152,7.5520271,100.9825361,10.1748432
2026-10-24,Descending,4,85,T4_F85,1577,,59680.864,13440.227,22.5202,99.1637022,6.8732025,99.7384325,7.3815838,97.8243313,5.565485,100.5087394,8.1813789
2026-10-26,Ascending,40,5,T40_F5,15345,,59691.274,13791.961,23.1055,99.1430257,6.8729915,99.768846,7.4412602,97.7977867,5.5652226,100.4825957,8.1812181
2026-10-26,Ascending,40,6,T40_F6,15349,L:SCI:DH:40M+05N:FS:B4:D02,59719.699,31295.121,52.4033,98.6792785,8.8633744,99.0471001,8.8158619,97.3239636,7.5517675,100.027588,10.1746852
2026-10-26,Ascending,40,7,T40_F7,15353,,59754.373,6895.642,11.54,98.2052076,10.8530888,99.0130324,10.4518276,96.8378925,9.5375171,99.5641519,12.1676177
2026-10-26,Ascending,40,9,T40_F9,15361,L:SCI:DH:40M+05N:FS:B4:D02 S:DB:DH:37W:B4,59842.407,1216.742,2.0332,97.2219344,14.8302824,98.312511,14.9283171,95.8245225,13.5063479,98.6081265,16.1516989
2026-10-26,Ascending,40,11,T40_F11,15369,L:SCI:DH:40M+05N:FS:B4:D02 S:DB:DH:37W:B4,59955.272,196.044,0.327,96.1839,18.8040248,97.4656079,18.404956,94.7475631,17.4710477,97.6059518,20.133031
2026-10-26,Descending,33,78,T33_F78,12837,,60011.459,4310.086,7.1821,98.5041904,20.7895698,99.1646991,19.8105252,97.060862,19.4518176,99.9634374,22.1226332
2026-10-26,Descending,33,79,T33_F79,12841,L:SCI:DH:20M+05N:FS:B4:D09,59945.857,34607.818,57.7318,97.9612353,18.8042055,98.4340916,18.6880662,96.5393692,17.4712739,99.3973822,20.1331673
2026-10-26,Descending,33,80,T33_F80,12845,L:SCI:DH:20M+05N:FS:B4:D09,59886.468,6824.429,11.3956,97.4347438,16.8178047,98.3693447,17.38101,96.0319369,15.4894874,98.8502672,18.1428761
2026-10-26,Descending,33,81,T33_F81,12849,L:SCI:DH:20M+05N:FS:B4:D09,59833.302,39.344,0.0658,96.9232466,14.8304614,98.1895448,15.1571582,95.537233,13.5065713,98.3204758,16.1518347
2026-10-29,Ascending,83,8,T83_F8,32325,,59793.402,1.028,0.0017,103.9628259,12.8420694,102.5897149,13.6074715,102.5815443,11.522391,105.3343368,14.1599645
2026-10-29,Ascending,83,9,T83_F9,32329,L:SCI:DH:40M+05N:FS:B4:D02,59840.444,45914.205,76.7277,103.4649527,14.8302745,103.4025486,15.0690931,102.067578,13.5063383,104.8511099,16.1516927
2026-10-29,Ascending,83,10,T83_F10,32333,L:SCI:DH:40M+05N:FS:B4:D02,59893.681,59861.405,99.9461,102.9534193,16.8176194,102.9535857,16.8170629,101.537749,15.4892562,104.3563711,18.1427357
2026-10-29,Ascending,83,11,T83_F11,32337,,59953.129,11347.579,18.9274,102.4268942,18.8040215,102.4525126,18.0926567,100.990599,17.471044,103.8489068,20.1330282
2026-10-29,Ascending,83,12,T83_F12,32341,,60018.775,304.816,0.5079,101.8839078,20.7893868,101.1082899,19.5326106,100.424511,19.4515888,103.3273841,22.1224952
2026-10-29,Descending,76,79,T76_F79,29781,,59944.176,7093.964,11.8343,104.2035445,18.8042141,103.7092591,18.0458456,102.7817018,17.4712876,105.639671,20.1331709
2026-10-29,Descending,76,80,T76_F80,29785,L:SCI:DH:40M+05N:FS:B4:D02,59884.619,56572.302,94.4688,103.6770296,16.8178173,103.6244684,16.7841561,102.2742492,15.4895059,105.0925293,18.142883
2026-10-29,Descending,76,81,T76_F81,29789,L:SCI:DH:40M+05N:FS:B4:D02,59831.28,48922.576,81.7676,103.1655095,14.830478,103.0791425,15.0151783,101.7795255,13.5065945,104.5627119,16.1518447
2026-10-29,Descending,76,82,T76_F82,29793,,59784.157,18496.892,30.9395,102.6676531,12.8422786,102.1208718,13.1620513,101.296317,11.5226537,104.0487606,14.1601213
2026-10-29,Descending,76,83,T76_F83,29797,L:SCI:DH:20M+05N:FS:B4:D09,59743.27,145.453,0.2435,102.1822491,10.8532918,102.648151,11.6717332,100.8235123,9.5377716,103.5493553,12.1677702
2026-10-29,Descending,76,85,T76_F85,29805,L:SCI:DH:40M+05N:FS:B4:D02,59680.265,18920.13,31.7025,101.2444586,6.8732024,101.0578562,6.5414828,99.9050955,5.5654857,102.5894891,8.1813781
2026-10-29,Descending,76,86,T76_F86,29809,L:SCI:DH:40M+05N:FS:B4:D02,59658.183,822.13,1.3781,100.7901158,4.8822031,101.1586688,5.7979817,99.4576522,3.578209,102.1269311,6.1874175
2026-10-31,Ascending,112,4,T112_F4,43681,L:SCI:DH:40M+05N:FS:B4:D02,59668.731,1819.516,3.0494,101.6783939,4.8819775,101.5073004,5.8616717,100.3413773,3.5779286,103.0110579,6.1872458
2026-10-31,Ascending,112,5,T112_F5,43685,L:SCI:DH:40M+05N:FS:B4:D02,59690.857,20302.735,34.0131,101.2240267,6.8729816,100.9660573,6.6218174,99.8787954,5.5652104,102.5635898,8.1812107
2026-10-31,Ascending,112,6,T112_F6,43689,,59719.243,9091.405,15.2236,100.760275,8.8633653,99.933179,8.4380963,99.4049685,7.5517563,102.1085768,10.1746783
2026-10-31,Ascending,112,8,T112_F8,43697,L:SCI:DH:40M+05N:FS:B4:D02 S:DB:DH:37W:B4,59794.748,23760.796,39.7373,99.8007831,12.8420719,99.8264836,13.1670157,98.4194767,11.522394,101.1723177,14.1599665
2026-10-31,Ascending,112,9,T112_F9,43701,L:SCI:DH:40M+05N:FS:B4:D02 S:DB:DH:37W:B4,59841.835,49172.186,82.1703,99.3029178,14.8302758,99.4849137,14.8989959,97.905517,13.5063398,100.6890998,16.1516939
2026-10-31,Ascending,112,10,T112_F10,43705,L:SCI:DH:40M+05N:FS:B4:D02 S:DB:DH:37W:B4,59895.124,39974.454,66.7407,98.7913922,16.8176194,99.1483272,16.9434464,97.3756945,15.4892559,100.1943701,18.1427359
2026-10-31,Ascending,112,11,T112_F11,43709,L:SCI:DH:40M+05N:FS:B4:D02 S:DB:DH:37W:B4,59954.619,40773.197,68.0068,98.2648749,18.8040201,98.5779005,18.7116129,96.828551,17.4710419,99.6869147,20.1330274
2026-10-31,Ascending,112,12,T112_F12,43713,L:SCI:DH:40M+05N:FS:B4:D02 S:DB:DH:37W:B4,60020.319,202.315,0.3371,97.7218962,20.7893839,98.8492255,19.9803614,96.2624693,19.4515848,99.1654012,22.1224934
2026-10-31,Descending,105,78,T105_F78,41261,,60010.606,6764.51,11.2722,100.5849175,20.7895834,100.0011147,20.0638949,99.1416034,19.4518354,102.0441511,22.1226428
2026-10-31,Descending,105,79,T105_F79,41265,L:SCI:DH:40M+05N:FS:B4:D02,59944.941,56560.566,94.3542,100.0419571,18.8042203,99.9870316,18.7688789,98.6201063,17.4712932,101.4780896,20.1331777
2026-10-31,Descending,105,80,T105_F80,41269,,59885.504,55074.042,91.9656,99.5154606,16.8178207,99.6073938,16.8571487,98.1126699,15.4895081,100.9309686,18.1428876
2026-10-31,Descending,105,81,T105_F81,41273,L:SCI:DH:20M+05N:FS:B4:D09,59832.279,42182.712,70.5016,99.0039585,14.8304786,99.3187036,14.8696919,97.6179621,13.5065934,100.4011714,16.151847
2026-10-31,Descending,105,82,T105_F82,41277,L:SCI:DH:20M+05N:FS:B4:D09,59785.279,8770.464,14.6699,98.5061198,12.8422765,99.463611,13.1451117,97.1347691,11.5226493,99.8872399,14.1601216
2026-10-31,Descending,105,83,T105_F83,41281,L:SCI:DH:20M+05N:FS:B4:D09,59744.511,5976.923,10.0041,98.0207332,10.8532871,98.8802018,10.2592656,96.6619796,9.5377641,99.3878542,12.1677684
2026-10-31,Descending,105,84,T105_F84,41285,L:SCI:DH:20M+05N:FS:B4:D09,59710.0,8013.714,13.4211,97.5466915,8.8635739,98.5093059,8.9194045,96.1985702,7.5520156,98.9018147,10.1748375
2026-11-03,Ascending,155,9,T155_F9,60533,L:SCI:DH:20M+05N:FS:B4:D09,59839.606,20483.755,34.2311,105.5459921,14.8302794,104.9343681,15.1142664,104.1486332,13.5063446,106.9321341,16.1516964
2026-11-03,Ascending,155,10,T155_F10,60537,L:SCI:DH:20M+05N:FS:B4:D09,59892.834,25616.14,42.77,105.0344558,16.817625,104.4058392,16.6174166,103.6188018,15.4892631,106.4373919,18.14274
2026-11-03,Ascending,155,11,T155_F11,60541,L:SCI:DH:20M+05N:FS:B4:D09,59952.252,6686.768,11.1535,104.5079278,18.8040277,103.8595031,17.9364105,103.0716495,17.4710519,105.9299241,20.1330328
2026-11-03,Descending,148,80,T148_F80,58193,L:SCI:SH:20M+05N:FS:B4:D09,59884.249,6780.302,11.3223,105.7578483,16.8178104,104.7752705,16.3750848,104.3550721,15.4894981,107.1733443,18.1428769
2026-11-03,Descending,148,81,T148_F81,58197,L:SCI:SH:20M+05N:FS:B4:D09,59830.873,26912.189,44.9804,105.2463195,14.8304718,104.8178006,15.1606795,103.8603403,13.5065877,106.6435175,16.1518392
2026-11-03,Descending,148,85,T148_F85,58213,L:SCI:DH:40M+05N:FS:B4:D02,59679.725,141.276,0.2367,103.3252344,6.8731991,102.0351209,6.1634222,101.9858784,5.5654821,104.6702583,8.181375
2026-11-03,Descending,148,86,T148_F86,58217,L:SCI:DH:40M+05N:FS:B4:D02,59657.604,97.597,0.1636,102.8708829,4.8822004,102.024228,6.1144042,101.5384271,3.5782062,104.207691,6.1874149
2026-11-05,Ascending,11,7,T11_F7,4073,,59753.297,243.512,0.4075,102.3672131,10.853076,102.7044377,11.7726956,100.9999181,9.5375012,103.7261389,12.1676079
2026-11-05,Ascending,11,8,T11_F8,4077,L:SCI:DH:40M+05N:FS:B4:D02,59794.139,28668.162,47.9448,101.8817924,12.842068,101.8136389,13.2143551,100.5004973,11.5223892,103.2533163,14.1599636
2026-11-05,Ascending,11,9,T11_F9,4081,L:SCI:DH:40M+05N:FS:B4:D02,59841.192,59823.713,99.9708,101.3839229,14.8302726,101.3841518,14.8306459,99.9865342,13.506336,102.7700935,16.1516913
2026-11-05,Ascending,11,10,T11_F10,4085,,59894.455,56491.654,94.3187,100.8723932,16.817617,100.8464147,16.7562767,99.4567084,15.489253,102.275359,18.142734
2026-11-05,Ascending,11,11,T11_F11,4089,,59953.913,47596.047,79.3877,100.3458718,18.8040184,100.1282328,18.7425673,98.9095615,17.4710401,101.7678988,20.133026
2026-11-05,Ascending,11,12,T11_F12,4093,,60019.59,10944.009,18.2341,99.802889,20.7893831,99.7131767,19.949408,98.3434765,19.4515839,101.2463804,22.1224927
2026-11-05,Descending,4,79,T4_F79,1553,L:SCI:SH:20M+05N:FS:B4:D09,59944.434,12094.16,20.1756,102.1227305,18.8042218,101.7939286,18.2051571,100.7008863,17.4712961,103.5588576,20.1331778
2026-11-05,Descending,4,80,T4_F80,1557,,59884.933,57184.236,95.4902,101.5962255,16.8178237,101.6138883,16.7721575,100.1934426,15.4895128,103.0117269,18.1428888
2026-11-05,Descending,4,81,T4_F81,1561,L:SCI:DH:40M+05N:FS:B4:D02,59831.646,59831.646,100.0,101.0847152,14.830483,101.0847152,14.830483,99.6987276,13.5065998,102.4819202,16.1518495
2026-11-05,Descending,4,82,T4_F82,1565,L:SCI:DH:40M+05N:FS:B4:D02,59784.58,30850.025,51.602,100.5868684,12.8422823,100.5221042,13.2038364,99.2155277,11.5226574,101.9679795,14.1601251
2026-11-05,Descending,4,83,T4_F83,1569,,59743.75,8618.965,14.4266,100.1014738,10.8532943,99.2638868,10.8976142,98.7427314,9.5377739,101.4685847,12.167773
2026-11-05,Descending,4,84,T4_F84,1573,L:SCI:DH:40M+05N:FS:B4:D02,59709.171,34203.324,57.2832,99.6274241,8.8635826,99.2930162,8.6995935,98.2793152,7.5520271,100.9825361,10.1748432
2026-11-05,Descending,4,85,T4_F85,1577,,59680.864,13440.227,22.5202,99.1637022,6.8732025,99.7384325,7.3815838,97.8243313,5.565485,100.5087394,8.1813789
2026-11-07,Ascending,40,5,T40_F5,15345,,59691.274,13791.961,23.1055,99.1430257,6.8729915,99.768846,7.4412602,97.7977867,5.5652226,100.4825957,8.1812181
2026-11-07,Ascending,40,6,T40_F6,15349,L:SCI:DH:40M+05N:FS:B4:D02,59719.699,31295.121,52.4033,98.6792785,8.8633744,99.0471001,8.8158619,97.3239636,7.5517675,100.027588,10.1746852
2026-11-07,Ascending,40,7,T40_F7,15353,,59754.373,6895.642,11.54,98.2052076,10.8530888,99.0130324,10.4518276,96.8378925,9.5375171,99.5641519,12.1676177
2026-11-07,Ascending,40,9,T40_F9,15361,L:SCI:DH:40M+05N:FS:B4:D02 S:DB:DH:37W:B4,59842.407,1216.742,2.0332,97.2219344,14.8302824,98.312511,14.9283171,95.8245225,13.5063479,98.6081265,16.1516989
2026-11-07,Ascending,40,11,T40_F11,15369,L:SCI:DH:40M+05N:FS:B4:D02 S:DB:DH:37W:B4,59955.272,196.044,0.327,96.1839,18.8040248,97.4656079,18.404956,94.7475631,17.4710477,97.6059518,20.133031
2026-11-07,Descending,33,78,T33_F78,12837,,60011.459,4310.086,7.1821,98.5041904,20.7895698,99.1646991,19.8105252,97.060862,19.4518176,99.9634374,22.1226332
2026-11-07,Descending,33,79,T33_F79,12841,L:SCI:SH:20M+05N:FS:B4:D09,59945.857,34607.818,57.7318,97.9612353,18.8042055,98.4340916,18.6880662,96.5393692,17.4712739,99.3973822,20.1331673
2026-11-07,Descending,33,80,T33_F80,12845,L:SCI:SH:20M+05N:FS:B4:D09,59886.468,6824.429,11.3956,97.4347438,16.8178047,98.3693447,17.38101,96.0319369,15.4894874,98.8502672,18.1428761
2026-11-07,Descending,33,81,T33_F81,12849,L:SCI:SH:20M+05N:FS:B4:D09,59833.302,39.344,0.0658,96.9232466,14.8304614,98.1895448,15.1571582,95.537233,13.5065713,98.3204758,16.1518347
2026-11-10,Ascending,83,8,T83_F8,32325,,59793.402,1.028,0.0017,103.9628259,12.8420694,102.5897149,13.6074715,102.5815443,11.522391,105.3343368,14.1599645
2026-11-10,Ascending,83,9,T83_F9,32329,L:SCI:DH:40M+05N:FS:B4:D02,59840.444,45914.205,76.7277,103.4649527,14.8302745,103.4025486,15.0690931,102.067578,13.5063383,104.8511099,16.1516927
2026-11-10,Ascending,83,10,T83_F10,32333,L:SCI:DH:40M+05N:FS:B4:D02,59893.681,59861.405,99.9461,102.9534193,16.8176194,102.9535857,16.8170629,101.537749,15.4892562,104.3563711,18.1427357
2026-11-10,Ascending,83,11,T83_F11,32337,,59953.129,11347.579,18.9274,102.4268942,18.8040215,102.4525126,18.0926567,100.990599,17.471044,103.8489068,20.1330282
2026-11-10,Ascending,83,12,T83_F12,32341,,60018.775,304.816,0.5079,101.8839078,20.7893868,101.1082899,19.5326106,100.424511,19.4515888,103.3273841,22.1224952
2026-11-10,Descending,76,79,T76_F79,29781,,59944.176,7093.964,11.8343,104.2035445,18.8042141,103.7092591,18.0458456,102.7817018,17.4712876,105.639671,20.1331709
2026-11-10,Descending,76,80,T76_F80,29785,L:SCI:DH:40M+05N:FS:B4:D02,59884.619,56572.302,94.4688,103.6770296,16.8178173,103.6244684,16.7841561,102.2742492,15.4895059,105.0925293,18.142883
2026-11-10,Descending,76,81,T76_F81,29789,L:SCI:DH:40M+05N:FS:B4:D02,59831.28,48922.576,81.7676,103.1655095,14.830478,103.0791425,15.0151783,101.7795255,13.5065945,104.5627119,16.1518447
2026-11-10,Descending,76,82,T76_F82,29793,,59784.157,18496.892,30.9395,102.6676531,12.8422786,102.1208718,13.1620513,101.296317,11.5226537,104.0487606,14.1601213
2026-11-10,Descending,76,83,T76_F83,29797,L:SCI:SH:20M+05N:FS:B4:D09,59743.27,145.453,0.2435,102.1822491,10.8532918,102.648151,11.6717332,100.8235123,9.5377716,103.5493553,12.1677702
2026-11-10,Descending,76,85,T76_F85,29805,L:SCI:DH:40M+05N:FS:B4:D02,59680.265,18920.13,31.7025,101.2444586,6.8732024,101.0578562,6.5414828,99.9050955,5.5654857,102.5894891,8.1813781
2026-11-10,Descending,76,86,T76_F86,29809,L:SCI:DH:40M+05N:FS:B4:D02,59658.183,822.13,1.3781,100.7901158,4.8822031,101.1586688,5.7979817,99.4576522,3.578209,102.1269311,6.1874175
2026-11-12,Ascending,112,4,T112_F4,43681,L:SCI:DH:40M+05N:FS:B4:D02,59668.731,1819.516,3.0494,101.6783939,4.8819775,101.5073004,5.8616717,100.3413773,3.5779286,103.0110579,6.1872458
2026-11-12,Ascending,112,5,T112_F5,43685,L:SCI:DH:40M+05N:FS:B4:D02,59690.857,20302.735,34.0131,101.2240267,6.8729816,100.9660573,6.6218174,99.8787954,5.5652104,102.5635898,8.1812107
2026-11-12,Ascending,112,6,T112_F6,43689,,59719.243,9091.405,15.2236,100.760275,8.8633653,99.933179,8.4380963,99.4049685,7.5517563,102.1085768,10.1746783
2026-11-12,Ascending,112,8,T112_F8,43697,L:SCI:DH:40M+05N:FS:B4:D02 S:DB:DH:37W:B4,59794.748,23760.796,39.7373,99.8007831,12.8420719,99.8264836,13.1670157,98.4194767,11.522394,101.1723177,14.1599665
2026-11-12,Ascending,112,9,T112_F9,43701,L:SCI:DH:40M+05N:FS:B4:D02 S:DB:DH:37W:B4,59841.835,49172.186,82.1703,99.3029178,14.8302758,99.4849137,14.8989959,97.905517,13.5063398,100.6890998,16.1516939
2026-11-12,Ascending,112,10,T112_F10,43705,L:SCI:DH:40M+05N:FS:B4:D02 S:DB:DH:37W:B4,59895.124,39974.454,66.7407,98.7913922,16.8176194,99.1483272,16.9434464,97.3756945,15.4892559,100.1943701,18.1427359
2026-11-12,Ascending,112,11,T112_F11,43709,L:SCI:DH:40M+05N:FS:B4:D02 S:DB:DH:37W:B4,59954.619,40773.197,68.0068,98.2648749,18.8040201,98.5779005,18.7116129,96.828551,17.4710419,99.6869147,20.1330274
2026-11-12,Ascending,112,12,T112_F12,43713,L:SCI:DH:40M+05N:FS:B4:D02 S:DB:DH:37W:B4,60020.319,202.315,0.3371,97.7218962,20.7893839,98.8492255,19.9803614,96.2624693,19.4515848,99.1654012,22.1224934
2026-11-12,Descending,105,78,T105_F78,41261,,60010.606,6764.51,11.2722,100.5849175,20.7895834,100.0011147,20.0638949,99.1416034,19.4518354,102.0441511,22.1226428
2026-11-12,Descending,105,79,T105_F79,41265,L:SCI:DH:40M+05N:FS:B4:D02,59944.941,56560.566,94.3542,100.0419571,18.8042203,99.9870316,18.7688789,98.6201063,17.4712932,101.4780896,20.1331777
2026-11-12,Descending,105,80,T105_F80,41269,,59885.504,55074.042,91.9656,99.5154606,16.8178207,99.6073938,16.8571487,98.1126699,15.4895081,100.9309686,18.1428876
2026-11-12,Descending,105,81,T105_F81,41273,L:SCI:SH:20M+05N:FS:B4:D09,59832.279,42182.712,70.5016,99.0039585,14.8304786,99.3187036,14.8696919,97.6179621,13.5065934,100.4011714,16.151847
2026-11-12,Descending,105,82,T105_F82,41277,L:SCI:SH:20M+05N:FS:B4:D09,59785.279,8770.464,14.6699,98.5061198,12.8422765,99.463611,13.1451117,97.1347691,11.5226493,99.8872399,14.1601216
2026-11-12,Descending,105,83,T105_F83,41281,L:SCI:SH:20M+05N:FS:B4:D09,59744.511,5976.923,10.0041,98.0207332,10.8532871,98.8802018,10.2592656,96.6619796,9.5377641,99.3878542,12.1677684
2026-11-12,Descending,105,84,T105_F84,41285,L:SCI:SH:20M+05N:FS:B4:D09,59710.0,8013.714,13.4211,97.5466915,8.8635739,98.5093059,8.9194045,96.1985702,7.5520156,98.9018147,10.1748375
2026-11-15,Ascending,155,9,T155_F9,60533,L:SCI:DH:20M+05N:FS:B4:D09,59839.606,20483.755,34.2311,105.5459921,14.8302794,104.9343681,15.1142664,104.1486332,13.5063446,106.9321341,16.1516964
2026-11-15,Ascending,155,10,T155_F10,60537,L:SCI:DH:20M+05N:FS:B4:D09,59892.834,25616.14,42.77,105.0344558,16.817625,104.4058392,16.6174166,103.6188018,15.4892631,106.4373919,18.14274
2026-11-15,Ascending,155,11,T155_F11,60541,L:SCI:DH:20M+05N:FS:B4:D09,59952.252,6686.768,11.1535,104.5079278,18.8040277,103.8595031,17.9364105,103.0716495,17.4710519,105.9299241,20.1330328
2026-11-15,Descending,148,80,T148_F80,58193,L:SCI:DH:20M+05N:FS:B4:D09,59884.249,6780.302,11.3223,105.7578483,16.8178104,104.7752705,16.3750848,104.3550721,15.4894981,107.1733443,18.1428769
2026-11-15,Descending,148,81,T148_F81,58197,L:SCI:DH:20M+05N:FS:B4:D09,59830.873,26912.189,44.9804,105.2463195,14.8304718,104.8178006,15.1606795,103.8603403,13.5065877,106.6435175,16.1518392
2026-11-15,Descending,148,85,T148_F85,58213,L:SCI:DH:40M+05N:FS:B4:D02,59679.725,141.276,0.2367,103.3252344,6.8731991,102.0351209,6.1634222,101.9858784,5.5654821,104.6702583,8.181375
2026-11-15,Descending,148,86,T148_F86,58217,L:SCI:DH:40M+05N:FS:B4:D02,59657.604,97.597,0.1636,102.8708829,4.8822004,102.024228,6.1144042,101.5384271,3.5782062,104.207691,6.1874149
2026-11-17,Ascending,11,7,T11_F7,4073,,59753.297,243.512,0.4075,102.3672131,10.853076,102.7044377,11.7726956,100.9999181,9.5375012,103.7261389,12.1676079
2026-11-17,Ascending,11,8,T11_F8,4077,L:SCI:DH:40M+05N:FS:B4:D02,59794.139,28668.162,47.9448,101.8817924,12.842068,101.8136389,13.2143551,100.5004973,11.5223892,103.2533163,14.1599636
2026-11-17,Ascending,11,9,T11_F9,4081,L:SCI:DH:40M+05N:FS:B4:D02,59841.192,59823.713,99.9708,101.3839229,14.8302726,101.3841518,14.8306459,99.9865342,13.506336,102.7700935,16.1516913
2026-11-17,Ascending,11,10,T11_F10,4085,,59894.455,56491.654,94.3187,100.8723932,16.817617,100.8464147,16.7562767,99.4567084,15.489253,102.275359,18.142734
2026-11-17,Ascending,11,11,T11_F11,4089,,59953.913,47596.047,79.3877,100.3458718,18.8040184,100.1282328,18.7425673,98.9095615,17.4710401,101.7678988,20.133026
2026-11-17,Ascending,11,12,T11_F12,4093,,60019.59,10944.009,18.2341,99.802889,20.7893831,99.7131767,19.949408,98.3434765,19.4515839,101.2463804,22.1224927
2026-11-17,Descending,4,79,T4_F79,1553,L:SCI:DH:20M+05N:FS:B4:D09,59944.434,12094.16,20.1756,102.1227305,18.8042218,101.7939286,18.2051571,100.7008863,17.4712961,103.5588576,20.1331778
2026-11-17,Descending,4,80,T4_F80,1557,,59884.933,57184.236,95.4902,101.5962255,16.8178237,101.6138883,16.7721575,100.1934426,15.4895128,103.0117269,18.1428888
2026-11-17,Descending,4,81,T4_F81,1561,L:SCI:DH:40M+05N:FS:B4:D02,59831.646,59831.646,100.0,101.0847152,14.830483,101.0847152,14.830483,99.6987276,13.5065998,102.4819202,16.1518495
2026-11-17,Descending,4,82,T4_F82,1565,L:SCI:DH:40M+05N:FS:B4:D02,59784.58,30850.025,51.602,100.5868684,12.8422823,100.5221042,13.2038364,99.2155277,11.5226574,101.9679795,14.1601251
2026-11-17,Descending,4,83,T4_F83,1569,,59743.75,8618.965,14.4266,100.1014738,10.8532943,99.2638868,10.8976142,98.7427314,9.5377739,101.4685847,12.167773
2026-11-17,Descending,4,84,T4_F84,1573,L:SCI:DH:40M+05N:FS:B4:D02,59709.171,34203.324,57.2832,99.6274241,8.8635826,99.2930162,8.6995935,98.2793152,7.5520271,100.9825361,10.1748432
2026-11-17,Descending,4,85,T4_F85,1577,,59680.864,13440.227,22.5202,99.1637022,6.8732025,99.7384325,7.3815838,97.8243313,5.565485,100.5087394,8.1813789
2026-11-19,Ascending,40,5,T40_F5,15345,,59691.274,13791.961,23.1055,99.1430257,6.8729915,99.768846,7.4412602,97.7977867,5.5652226,100.4825957,8.1812181
2026-11-19,Ascending,40,6,T40_F6,15349,L:SCI:DH:40M+05N:FS:B4:D02,59719.699,31295.121,52.4033,98.6792785,8.8633744,99.0471001,8.8158619,97.3239636,7.5517675,100.027588,10.1746852
2026-11-19,Ascending,40,7,T40_F7,15353,,59754.373,6895.642,11.54,98.2052076,10.8530888,99.0130324,10.4518276,96.8378925,9.5375171,99.5641519,12.1676177
2026-11-19,Ascending,40,9,T40_F9,15361,L:SCI:DH:40M+05N:FS:B4:D02 S:DB:DH:37W:B4,59842.407,1216.742,2.0332,97.2219344,14.8302824,98.312511,14.9283171,95.8245225,13.5063479,98.6081265,16.1516989
2026-11-19,Ascending,40,11,T40_F11,15369,L:SCI:DH:40M+05N:FS:B4:D02 S:DB:DH:37W:B4,59955.272,196.044,0.327,96.1839,18.8040248,97.4656079,18.404956,94.7475631,17.4710477,97.6059518,20.133031
2026-11-19,Descending,33,78,T33_F78,12837,,60011.459,4310.086,7.1821,98.5041904,20.7895698,99.1646991,19.8105252,97.060862,19.4518176,99.9634374,22.1226332
2026-11-19,Descending,33,79,T33_F79,12841,L:SCI:DH:20M+05N:FS:B4:D09,59945.857,34607.818,57.7318,97.9612353,18.8042055,98.4340916,18.6880662,96.5393692,17.4712739,99.3973822,20.1331673
2026-11-19,Descending,33,80,T33_F80,12845,L:SCI:DH:20M+05N:FS:B4:D09,59886.468,6824.429,11.3956,97.4347438,16.8178047,98.3693447,17.38101,96.0319369,15.4894874,98.8502672,18.1428761
2026-11-19,Descending,33,81,T33_F81,12849,L:SCI:DH:20M+05N:FS:B4:D09,59833.302,39.344,0.0658,96.9232466,14.8304614,98.1895448,15.1571582,95.537233,13.5065713,98.3204758,16.1518347
2026-11-22,Ascending,83,8,T83_F8,32325,,59793.402,1.028,0.0017,103.9628259,12.8420694,102.5897149,13.6074715,102.5815443,11.522391,105.3343368,14.1599645
2026-11-22,Ascending,83,9,T83_F9,32329,L:SCI:DH:40M+05N:FS:B4:D02,59840.444,45914.205,76.7277,103.4649527,14.8302745,103.4025486,15.0690931,102.067578,13.5063383,104.8511099,16.1516927
2026-11-22,Ascending,83,10,T83_F10,32333,L:SCI:DH:40M+05N:FS:B4:D02,59893.681,59861.405,99.9461,102.9534193,16.8176194,102.9535857,16.8170629,101.537749,15.4892562,104.3563711,18.1427357
2026-11-22,Ascending,83,11,T83_F11,32337,,59953.129,11347.579,18.9274,102.4268942,18.8040215,102.4525126,18.0926567,100.990599,17.471044,103.8489068,20.1330282
2026-11-22,Ascending,83,12,T83_F12,32341,,60018.775,304.816,0.5079,101.8839078,20.7893868,101.1082899,19.5326106,100.424511,19.4515888,103.3273841,22.1224952
2026-11-22,Descending,76,79,T76_F79,29781,,59944.176,7093.964,11.8343,104.2035445,18.8042141,103.7092591,18.0458456,102.7817018,17.4712876,105.639671,20.1331709
2026-11-22,Descending,76,80,T76_F80,29785,L:SCI:DH:40M+05N:FS:B4:D02,59884.619,56572.302,94.4688,103.6770296,16.8178173,103.6244684,16.7841561,102.2742492,15.4895059,105.0925293,18.142883
2026-11-22,Descending,76,81,T76_F81,29789,L:SCI:DH:40M+05N:FS:B4:D02,59831.28,48922.576,81.7676,103.1655095,14.830478,103.0791425,15.0151783,101.7795255,13.5065945,104.5627119,16.1518447
2026-11-22,Descending,76,82,T76_F82,29793,,59784.157,18496.892,30.9395,102.6676531,12.8422786,102.1208718,13.1620513,101.296317,11.5226537,104.0487606,14.1601213
2026-11-22,Descending,76,83,T76_F83,29797,L:SCI:DH:20M+05N:FS:B4:D09,59743.27,145.453,0.2435,102.1822491,10.8532918,102.648151,11.6717332,100.8235123,9.5377716,103.5493553,12.1677702
2026-11-22,Descending,76,85,T76_F85,29805,L:SCI:DH:40M+05N:FS:B4:D02,59680.265,18920.13,31.7025,101.2444586,6.8732024,101.0578562,6.5414828,99.9050955,5.5654857,102.5894891,8.1813781
2026-11-22,Descending,76,86,T76_F86,29809,L:SCI:DH:40M+05N:FS:B4:D02,59658.183,822.13,1.3781,100.7901158,4.8822031,101.1586688,5.7979817,99.4576522,3.578209,102.1269311,6.1874175
2026-11-24,Ascending,112,4,T112_F4,43681,L:SCI:DH:40M+05N:FS:B4:D02,59668.731,1819.516,3.0494,101.6783939,4.8819775,101.5073004,5.8616717,100.3413773,3.5779286,103.0110579,6.1872458
2026-11-24,Ascending,112,5,T112_F5,43685,L:SCI:DH:40M+05N:FS:B4:D02,59690.857,20302.735,34.0131,101.2240267,6.8729816,100.9660573,6.6218174,99.8787954,5.5652104,102.5635898,8.1812107
2026-11-24,Ascending,112,6,T112_F6,43689,,59719.243,9091.405,15.2236,100.760275,8.8633653,99.933179,8.4380963,99.4049685,7.5517563,102.1085768,10.1746783
2026-11-24,Ascending,112,8,T112_F8,43697,L:SCI:DH:40M+05N:FS:B4:D02 S:DB:DH:37W:B4,59794.748,23760.796,39.7373,99.8007831,12.8420719,99.8264836,13.1670157,98.4194767,11.522394,101.1723177,14.1599665
2026-11-24,Ascending,112,9,T112_F9,43701,L:SCI:DH:40M+05N:FS:B4:D02 S:DB:DH:37W:B4,59841.835,49172.186,82.1703,99.3029178,14.8302758,99.4849137,14.8989959,97.905517,13.5063398,100.6890998,16.1516939
2026-11-24,Ascending,112,10,T112_F10,43705,L:SCI:DH:40M+05N:FS:B4:D02 S:DB:DH:37W:B4,59895.124,39974.454,66.7407,98.7913922,16.8176194,99.1483272,16.9434464,97.3756945,15.4892559,100.1943701,18.1427359
2026-11-24,Ascending,112,11,T112_F11,43709,L:SCI:DH:40M+05N:FS:B4:D02 S:DB:DH:37W:B4,59954.619,40773.197,68.0068,98.2648749,18.8040201,98.5779005,18.7116129,96.828551,17.4710419,99.6869147,20.1330274
2026-11-24,Ascending,112,12,T112_F12,43713,L:SCI:DH:40M+05N:FS:B4:D02 S:DB:DH:37W:B4,60020.319,202.315,0.3371,97.7218962,20.7893839,98.8492255,19.9803614,96.2624693,19.4515848,99.1654012,22.1224934
2026-11-24,Descending,105,78,T105_F78,41261,,60010.606,6764.51,11.2722,100.5849175,20.7895834,100.0011147,20.0638949,99.1416034,19.4518354,102.0441511,22.1226428
2026-11-24,Descending,105,79,T105_F79,41265,L:SCI:DH:40M+05N:FS:B4:D02,59944.941,56560.566,94.3542,100.0419571,18.8042203,99.9870316,18.7688789,98.6201063,17.4712932,101.4780896,20.1331777
2026-11-24,Descending,105,80,T105_F80,41269,,59885.504,55074.042,91.9656,99.5154606,16.8178207,99.6073938,16.8571487,98.1126699,15.4895081,100.9309686,18.1428876
2026-11-24,Descending,105,81,T105_F81,41273,L:SCI:DH:20M+05N:FS:B4:D09,59832.279,42182.712,70.5016,99.0039585,14.8304786,99.3187036,14.8696919,97.6179621,13.5065934,100.4011714,16.151847
2026-11-24,Descending,105,82,T105_F82,41277,L:SCI:DH:20M+05N:FS:B4:D09,59785.279,8770.464,14.6699,98.5061198,12.8422765,99.463611,13.1451117,97.1347691,11.5226493,99.8872399,14.1601216
2026-11-24,Descending,105,83,T105_F83,41281,L:SCI:DH:20M+05N:FS:B4:D09,59744.511,5976.923,10.0041,98.0207332,10.8532871,98.8802018,10.2592656,96.6619796,9.5377641,99.3878542,12.1677684
2026-11-24,Descending,105,84,T105_F84,41285,L:SCI:DH:20M+05N:FS:B4:D09,59710.0,8013.714,13.4211,97.5466915,8.8635739,98.5093059,8.9194045,96.1985702,7.5520156,98.9018147,10.1748375
2026-11-27,Ascending,155,9,T155_F9,60533,L:SCI:DH:20M+05N:FS:B4:D09,59839.606,20483.755,34.2311,105.5459921,14.8302794,104.9343681,15.1142664,104.1486332,13.5063446,106.9321341,16.1516964
2026-11-27,Ascending,155,10,T155_F10,60537,L:SCI:DH:20M+05N:FS:B4:D09,59892.834,25616.14,42.77,105.0344558,16.817625,104.4058392,16.6174166,103.6188018,15.4892631,106.4373919,18.14274
2026-11-27,Ascending,155,11,T155_F11,60541,L:SCI:DH:20M+05N:FS:B4:D09,59952.252,6686.768,11.1535,104.5079278,18.8040277,103.8595031,17.9364105,103.0716495,17.4710519,105.9299241,20.1330328
2026-11-27,Descending,148,80,T148_F80,58193,L:SCI:SH:20M+05N:FS:B4:D09,59884.249,6780.302,11.3223,105.7578483,16.8178104,104.7752705,16.3750848,104.3550721,15.4894981,107.1733443,18.1428769
2026-11-27,Descending,148,81,T148_F81,58197,L:SCI:SH:20M+05N:FS:B4:D09,59830.873,26912.189,44.9804,105.2463195,14.8304718,104.8178006,15.1606795,103.8603403,13.5065877,106.6435175,16.1518392
2026-11-27,Descending,148,85,T148_F85,58213,L:SCI:DH:40M+05N:FS:B4:D02,59679.725,141.276,0.2367,103.3252344,6.8731991,102.0351209,6.1634222,101.9858784,5.5654821,104.6702583,8.181375
2026-11-27,Descending,148,86,T148_F86,58217,L:SCI:DH:40M+05N:FS:B4:D02,59657.604,97.597,0.1636,102.8708829,4.8822004,102.024228,6.1144042,101.5384271,3.5782062,104.207691,6.1874149
2026-11-29,Ascending,11,7,T11_F7,4073,,59753.297,243.512,0.4075,102.3672131,10.853076,102.7044377,11.7726956,100.9999181,9.5375012,103.7261389,12.1676079
2026-11-29,Ascending,11,8,T11_F8,4077,L:SCI:DH:40M+05N:FS:B4:D02,59794.139,28668.162,47.9448,101.8817924,12.842068,101.8136389,13.2143551,100.5004973,11.5223892,103.2533163,14.1599636
2026-11-29,Ascending,11,9,T11_F9,4081,L:SCI:DH:40M+05N:FS:B4:D02,59841.192,59823.713,99.9708,101.3839229,14.8302726,101.3841518,14.8306459,99.9865342,13.506336,102.7700935,16.1516913
2026-11-29,Ascending,11,10,T11_F10,4085,,59894.455,56491.654,94.3187,100.8723932,16.817617,100.8464147,16.7562767,99.4567084,15.489253,102.275359,18.142734
2026-11-29,Ascending,11,11,T11_F11,4089,,59953.913,47596.047,79.3877,100.3458718,18.8040184,100.1282328,18.7425673,98.9095615,17.4710401,101.7678988,20.133026
2026-11-29,Ascending,11,12,T11_F12,4093,,60019.59,10944.009,18.2341,99.802889,20.7893831,99.7131767,19.949408,98.3434765,19.4515839,101.2463804,22.1224927
2026-11-29,Descending,4,79,T4_F79,1553,L:SCI:SH:20M+05N:FS:B4:D09,59944.434,12094.16,20.1756,102.1227305,18.8042218,101.7939286,18.2051571,100.7008863,17.4712961,103.5588576,20.1331778
2026-11-29,Descending,4,80,T4_F80,1557,,59884.933,57184.236,95.4902,101.5962255,16.8178237,101.6138883,16.7721575,100.1934426,15.4895128,103.0117269,18.1428888
2026-11-29,Descending,4,81,T4_F81,1561,L:SCI:DH:40M+05N:FS:B4:D02,59831.646,59831.646,100.0,101.0847152,14.830483,101.0847152,14.830483,99.6987276,13.5065998,102.4819202,16.1518495
2026-11-29,Descending,4,82,T4_F82,1565,L:SCI:DH:40M+05N:FS:B4:D02,59784.58,30850.025,51.602,100.5868684,12.8422823,100.5221042,13.2038364,99.2155277,11.5226574,101.9679795,14.1601251
2026-11-29,Descending,4,83,T4_F83,1569,,59743.75,8618.965,14.4266,100.1014738,10.8532943,99.2638868,10.8976142,98.7427314,9.5377739,101.4685847,12.167773
2026-11-29,Descending,4,84,T4_F84,1573,L:SCI:DH:40M+05N:FS:B4:D02,59709.171,34203.324,57.2832,99.6274241,8.8635826,99.2930162,8.6995935,98.2793152,7.5520271,100.9825361,10.1748432
2026-11-29,Descending,4,85,T4_F85,1577,,59680.864,13440.227,22.5202,99.1637022,6.8732025,99.7384325,7.3815838,97.8243313,5.565485,100.5087394,8.1813789
2026-12-01,Ascending,40,5,T40_F5,15345,,59691.274,13791.961,23.1055,99.1430257,6.8729915,99.768846,7.4412602,97.7977867,5.5652226,100.4825957,8.1812181
2026-12-01,Ascending,40,6,T40_F6,15349,L:SCI:DH:40M+05N:FS:B4:D02,59719.699,31295.121,52.4033,98.6792785,8.8633744,99.0471001,8.8158619,97.3239636,7.5517675,100.027588,10.1746852
2026-12-01,Ascending,40,7,T40_F7,15353,,59754.373,6895.642,11.54,98.2052076,10.8530888,99.0130324,10.4518276,96.8378925,9.5375171,99.5641519,12.1676177
2026-12-01,Ascending,40,9,T40_F9,15361,L:SCI:DH:40M+05N:FS:B4:D02 S:DB:DH:37W:B4,59842.407,1216.742,2.0332,97.2219344,14.8302824,98.312511,14.9283171,95.8245225,13.5063479,98.6081265,16.1516989
2026-12-01,Ascending,40,11,T40_F11,15369,L:SCI:DH:40M+05N:FS:B4:D02 S:DB:DH:37W:B4,59955.272,196.044,0.327,96.1839,18.8040248,97.4656079,18.404956,94.7475631,17.4710477,97.6059518,20.133031
2026-12-01,Descending,33,78,T33_F78,12837,,60011.459,4310.086,7.1821,98.5041904,20.7895698,99.1646991,19.8105252,97.060862,19.4518176,99.9634374,22.1226332
2026-12-01,Descending,33,79,T33_F79,12841,L:SCI:SH:20M+05N:FS:B4:D09,59945.857,34607.818,57.7318,97.9612353,18.8042055,98.4340916,18.6880662,96.5393692,17.4712739,99.3973822,20.1331673
2026-12-01,Descending,33,80,T33_F80,12845,L:SCI:SH:20M+05N:FS:B4:D09,59886.468,6824.429,11.3956,97.4347438,16.8178047,98.3693447,17.38101,96.0319369,15.4894874,98.8502672,18.1428761
2026-12-01,Descending,33,81,T33_F81,12849,L:SCI:SH:20M+05N:FS:B4:D09,59833.302,39.344,0.0658,96.9232466,14.8304614,98.1895448,15.1571582,95.537233,13.5065713,98.3204758,16.1518347
2026-12-04,Ascending,83,8,T83_F8,32325,,59793.402,1.028,0.0017,103.9628259,12.8420694,102.5897149,13.6074715,102.5815443,11.522391,105.3343368,14.1599645
2026-12-04,Ascending,83,9,T83_F9,32329,L:SCI:DH:40M+05N:FS:B4:D02,59840.444,45914.205,76.7277,103.4649527,14.8302745,103.4025486,15.0690931,102.067578,13.5063383,104.8511099,16.1516927
2026-12-04,Ascending,83,10,T83_F10,32333,L:SCI:DH:40M+05N:FS:B4:D02,59893.681,59861.405,99.9461,102.9534193,16.8176194,102.9535857,16.8170629,101.537749,15.4892562,104.3563711,18.1427357
2026-12-04,Ascending,83,11,T83_F11,32337,,59953.129,11347.579,18.9274,102.4268942,18.8040215,102.4525126,18.0926567,100.990599,17.471044,103.8489068,20.1330282
2026-12-04,Ascending,83,12,T83_F12,32341,,60018.775,304.816,0.5079,101.8839078,20.7893868,101.1082899,19.5326106,100.424511,19.4515888,103.3273841,22.1224952
2026-12-04,Descending,76,79,T76_F79,29781,,59944.176,7093.964,11.8343,104.2035445,18.8042141,103.7092591,18.0458456,102.7817018,17.4712876,105.639671,20.1331709
2026-12-04,Descending,76,80,T76_F80,29785,L:SCI:DH:40M+05N:FS:B4:D02,59884.619,56572.302,94.4688,103.6770296,16.8178173,103.6244684,16.7841561,102.2742492,15.4895059,105.0925293,18.142883
2026-12-04,Descending,76,81,T76_F81,29789,L:SCI:DH:40M+05N:FS:B4:D02,59831.28,48922.576,81.7676,103.1655095,14.830478,103.0791425,15.0151783,101.7795255,13.5065945,104.5627119,16.1518447
2026-12-04,Descending,76,82,T76_F82,29793,,59784.157,18496.892,30.9395,102.6676531,12.8422786,102.1208718,13.1620513,101.296317,11.5226537,104.0487606,14.1601213
2026-12-04,Descending,76,83,T76_F83,29797,L:SCI:SH:20M+05N:FS:B4:D09,59743.27,145.453,0.2435,102.1822491,10.8532918,102.648151,11.6717332,100.8235123,9.5377716,103.5493553,12.1677702
2026-12-04,Descending,76,85,T76_F85,29805,L:SCI:DH:40M+05N:FS:B4:D02,59680.265,18920.13,31.7025,101.2444586,6.8732024,101.0578562,6.5414828,99.9050955,5.5654857,102.5894891,8.1813781
2026-12-04,Descending,76,86,T76_F86,29809,L:SCI:DH:40M+05N:FS:B4:D02,59658.183,822.13,1.3781,100.7901158,4.8822031,101.1586688,5.7979817,99.4576522,3.578209,102.1269311,6.1874175
2026-12-06,Ascending,112,4,T112_F4,43681,L:SCI:DH:40M+05N:FS:B4:D02,59668.731,1819.516,3.0494,101.6783939,4.8819775,101.5073004,5.8616717,100.3413773,3.5779286,103.0110579,6.1872458
2026-12-06,Ascending,112,5,T112_F5,43685,L:SCI:DH:40M+05N:FS:B4:D02,59690.857,20302.735,34.0131,101.2240267,6.8729816,100.9660573,6.6218174,99.8787954,5.5652104,102.5635898,8.1812107
2026-12-06,Ascending,112,6,T112_F6,43689,,59719.243,9091.405,15.2236,100.760275,8.8633653,99.933179,8.4380963,99.4049685,7.5517563,102.1085768,10.1746783
2026-12-06,Ascending,112,8,T112_F8,43697,L:SCI:DH:40M+05N:FS:B4:D02 S:DB:DH:37W:B4,59794.748,23760.796,39.7373,99.8007831,12.8420719,99.8264836,13.1670157,98.4194767,11.522394,101.1723177,14.1599665
2026-12-06,Ascending,112,9,T112_F9,43701,L:SCI:DH:40M+05N:FS:B4:D02 S:DB:DH:37W:B4,59841.835,49172.186,82.1703,99.3029178,14.8302758,99.4849137,14.8989959,97.905517,13.5063398,100.6890998,16.1516939
2026-12-06,Ascending,112,10,T112_F10,43705,L:SCI:DH:40M+05N:FS:B4:D02 S:DB:DH:37W:B4,59895.124,39974.454,66.7407,98.7913922,16.8176194,99.1483272,16.9434464,97.3756945,15.4892559,100.1943701,18.1427359
2026-12-06,Ascending,112,11,T112_F11,43709,L:SCI:DH:40M+05N:FS:B4:D02 S:DB:DH:37W:B4,59954.619,40773.197,68.0068,98.2648749,18.8040201,98.5779005,18.7116129,96.828551,17.4710419,99.6869147,20.1330274
2026-12-06,Ascending,112,12,T112_F12,43713,L:SCI:DH:40M+05N:FS:B4:D02 S:DB:DH:37W:B4,60020.319,202.315,0.3371,97.7218962,20.7893839,98.8492255,19.9803614,96.2624693,19.4515848,99.1654012,22.1224934
2026-12-06,Descending,105,78,T105_F78,41261,,60010.606,6764.51,11.2722,100.5849175,20.7895834,100.0011147,20.0638949,99.1416034,19.4518354,102.0441511,22.1226428
2026-12-06,Descending,105,79,T105_F79,41265,L:SCI:DH:40M+05N:FS:B4:D02,59944.941,56560.566,94.3542,100.0419571,18.8042203,99.9870316,18.7688789,98.6201063,17.4712932,101.4780896,20.1331777
2026-12-06,Descending,105,80,T105_F80,41269,,59885.504,55074.042,91.9656,99.5154606,16.8178207,99.6073938,16.8571487,98.1126699,15.4895081,100.9309686,18.1428876
2026-12-06,Descending,105,81,T105_F81,41273,L:SCI:SH:20M+05N:FS:B4:D09,59832.279,42182.712,70.5016,99.0039585,14.8304786,99.3187036,14.8696919,97.6179621,13.5065934,100.4011714,16.151847
2026-12-06,Descending,105,82,T105_F82,41277,L:SCI:SH:20M+05N:FS:B4:D09,59785.279,8770.464,14.6699,98.5061198,12.8422765,99.463611,13.1451117,97.1347691,11.5226493,99.8872399,14.1601216
2026-12-06,Descending,105,83,T105_F83,41281,L:SCI:SH:20M+05N:FS:B4:D09,59744.511,5976.923,10.0041,98.0207332,10.8532871,98.8802018,10.2592656,96.6619796,9.5377641,99.3878542,12.1677684
2026-12-06,Descending,105,84,T105_F84,41285,L:SCI:SH:20M+05N:FS:B4:D09,59710.0,8013.714,13.4211,97.5466915,8.8635739,98.5093059,8.9194045,96.1985702,7.5520156,98.9018147,10.1748375
2026-12-09,Ascending,155,9,T155_F9,60533,L:SCI:DH:20M+05N:FS:B4:D09,59839.606,20483.755,34.2311,105.5459921,14.8302794,104.9343681,15.1142664,104.1486332,13.5063446,106.9321341,16.1516964
2026-12-09,Ascending,155,10,T155_F10,60537,L:SCI:DH:20M+05N:FS:B4:D09,59892.834,25616.14,42.77,105.0344558,16.817625,104.4058392,16.6174166,103.6188018,15.4892631,106.4373919,18.14274
2026-12-09,Ascending,155,11,T155_F11,60541,L:SCI:DH:20M+05N:FS:B4:D09,59952.252,6686.768,11.1535,104.5079278,18.8040277,103.8595031,17.9364105,103.0716495,17.4710519,105.9299241,20.1330328
2026-12-09,Descending,148,80,T148_F80,58193,L:SCI:DH:20M+05N:FS:B4:D09,59884.249,6780.302,11.3223,105.7578483,16.8178104,104.7752705,16.3750848,104.3550721,15.4894981,107.1733443,18.1428769
2026-12-09,Descending,148,81,T148_F81,58197,L:SCI:DH:20M+05N:FS:B4:D09,59830.873,26912.189,44.9804,105.2463195,14.8304718,104.8178006,15.1606795,103.8603403,13.5065877,106.6435175,16.1518392
2026-12-09,Descending,148,85,T148_F85,58213,L:SCI:DH:40M+05N:FS:B4:D02,59679.725,141.276,0.2367,103.3252344,6.8731991,102.0351209,6.1634222,101.9858784,5.5654821,104.6702583,8.181375
2026-12-09,Descending,148,86,T148_F86,58217,L:SCI:DH:40M+05N:FS:B4:D02,59657.604,97.597,0.1636,102.8708829,4.8822004,102.024228,6.1144042,101.5384271,3.5782062,104.207691,6.1874149
2026-12-11,Ascending,11,7,T11_F7,4073,,59753.297,243.512,0.4075,102.3672131,10.853076,102.7044377,11.7726956,100.9999181,9.5375012,103.7261389,12.1676079
2026-12-11,Ascending,11,8,T11_F8,4077,L:SCI:DH:40M+05N:FS:B4:D02,59794.139,28668.162,47.9448,101.8817924,12.842068,101.8136389,13.2143551,100.5004973,11.5223892,103.2533163,14.1599636
2026-12-11,Ascending,11,9,T11_F9,4081,L:SCI:DH:40M+05N:FS:B4:D02,59841.192,59823.713,99.9708,101.3839229,14.8302726,101.3841518,14.8306459,99.9865342,13.506336,102.7700935,16.1516913
2026-12-11,Ascending,11,10,T11_F10,4085,,59894.455,56491.654,94.3187,100.8723932,16.817617,100.8464147,16.7562767,99.4567084,15.489253,102.275359,18.142734
2026-12-11,Ascending,11,11,T11_F11,4089,,59953.913,47596.047,79.3877,100.3458718,18.8040184,100.1282328,18.7425673,98.9095615,17.4710401,101.7678988,20.133026
2026-12-11,Ascending,11,12,T11_F12,4093,,60019.59,10944.009,18.2341,99.802889,20.7893831,99.7131767,19.949408,98.3434765,19.4515839,101.2463804,22.1224927
2026-12-11,Descending,4,79,T4_F79,1553,L:SCI:DH:20M+05N:FS:B4:D09,59944.434,12094.16,20.1756,102.1227305,18.8042218,101.7939286,18.2051571,100.7008863,17.4712961,103.5588576,20.1331778
2026-12-11,Descending,4,80,T4_F80,1557,,59884.933,57184.236,95.4902,101.5962255,16.8178237,101.6138883,16.7721575,100.1934426,15.4895128,103.0117269,18.1428888
2026-12-11,Descending,4,81,T4_F81,1561,L:SCI:DH:40M+05N:FS:B4:D02,59831.646,59831.646,100.0,101.0847152,14.830483,101.0847152,14.830483,99.6987276,13.5065998,102.4819202,16.1518495
2026-12-11,Descending,4,82,T4_F82,1565,L:SCI:DH:40M+05N:FS:B4:D02,59784.58,30850.025,51.602,100.5868684,12.8422823,100.5221042,13.2038364,99.2155277,11.5226574,101.9679795,14.1601251
2026-12-11,Descending,4,83,T4_F83,1569,,59743.75,8618.965,14.4266,100.1014738,10.8532943,99.2638868,10.8976142,98.7427314,9.5377739,101.4685847,12.167773
2026-12-11,Descending,4,84,T4_F84,1573,L:SCI:DH:40M+05N:FS:B4:D02,59709.171,34203.324,57.2832,99.6274241,8.8635826,99.2930162,8.6995935,98.2793152,7.5520271,100.9825361,10.1748432
2026-12-11,Descending,4,85,T4_F85,1577,,59680.864,13440.227,22.5202,99.1637022,6.8732025,99.7384325,7.3815838,97.8243313,5.565485,100.5087394,8.1813789
2026-12-13,Ascending,40,5,T40_F5,15345,,59691.274,13791.961,23.1055,99.1430257,6.8729915,99.768846,7.4412602,97.7977867,5.5652226,100.4825957,8.1812181
2026-12-13,Ascending,40,6,T40_F6,15349,L:SCI:DH:40M+05N:FS:B4:D02,59719.699,31295.121,52.4033,98.6792785,8.8633744,99.0471001,8.8158619,97.3239636,7.5517675,100.027588,10.1746852
2026-12-13,Ascending,40,7,T40_F7,15353,,59754.373,6895.642,11.54,98.2052076,10.8530888,99.0130324,10.4518276,96.8378925,9.5375171,99.5641519,12.1676177
2026-12-13,Ascending,40,9,T40_F9,15361,L:SCI:DH:40M+05N:FS:B4:D02 S:DB:DH:37W:B4,59842.407,1216.742,2.0332,97.2219344,14.8302824,98.312511,14.9283171,95.8245225,13.5063479,98.6081265,16.1516989
2026-12-13,Ascending,40,11,T40_F11,15369,L:SCI:DH:40M+05N:FS:B4:D02 S:DB:DH:37W:B4,59955.272,196.044,0.327,96.1839,18.8040248,97.4656079,18.404956,94.7475631,17.4710477,97.6059518,20.133031
2026-12-13,Descending,33,78,T33_F78,12837,,60011.459,4310.086,7.1821,98.5041904,20.7895698,99.1646991,19.8105252,97.060862,19.4518176,99.9634374,22.1226332
2026-12-13,Descending,33,79,T33_F79,12841,L:SCI:DH:20M+05N:FS:B4:D09,59945.857,34607.818,57.7318,97.9612353,18.8042055,98.4340916,18.6880662,96.5393692,17.4712739,99.3973822,20.1331673
2026-12-13,Descending,33,80,T33_F80,12845,L:SCI:DH:20M+05N:FS:B4:D09,59886.468,6824.429,11.3956,97.4347438,16.8178047,98.3693447,17.38101,96.0319369,15.4894874,98.8502672,18.1428761
2026-12-13,Descending,33,81,T33_F81,12849,,59833.302,39.344,0.0658,96.9232466,14.8304614,98.1895448,15.1571582,95.537233,13.5065713,98.3204758,16.1518347
2026-12-16,Ascending,83,8,T83_F8,32325,,59793.402,1.028,0.0017,103.9628259,12.8420694,102.5897149,13.6074715,102.5815443,11.522391,105.3343368,14.1599645
2026-12-16,Ascending,83,9,T83_F9,32329,L:SCI:DH:40M+05N:FS:B4:D02,59840.444,45914.205,76.7277,103.4649527,14.8302745,103.4025486,15.0690931,102.067578,13.5063383,104.8511099,16.1516927
2026-12-16,Ascending,83,10,T83_F10,32333,L:SCI:DH:40M+05N:FS:B4:D02,59893.681,59861.405,99.9461,102.9534193,16.8176194,102.9535857,16.8170629,101.537749,15.4892562,104.3563711,18.1427357
2026-12-16,Ascending,83,11,T83_F11,32337,,59953.129,11347.579,18.9274,102.4268942,18.8040215,102.4525126,18.0926567,100.990599,17.471044,103.8489068,20.1330282
2026-12-16,Ascending,83,12,T83_F12,32341,,60018.775,304.816,0.5079,101.8839078,20.7893868,101.1082899,19.5326106,100.424511,19.4515888,103.3273841,22.1224952
2026-12-16,Descending,76,79,T76_F79,29781,,59944.176,7093.964,11.8343,104.2035445,18.8042141,103.7092591,18.0458456,102.7817018,17.4712876,105.639671,20.1331709
2026-12-16,Descending,76,80,T76_F80,29785,L:SCI:DH:40M+05N:FS:B4:D02,59884.619,56572.302,94.4688,103.6770296,16.8178173,103.6244684,16.7841561,102.2742492,15.4895059,105.0925293,18.142883
2026-12-16,Descending,76,81,T76_F81,29789,L:SCI:DH:40M+05N:FS:B4:D02,59831.28,48922.576,81.7676,103.1655095,14.830478,103.0791425,15.0151783,101.7795255,13.5065945,104.5627119,16.1518447
2026-12-16,Descending,76,82,T76_F82,29793,,59784.157,18496.892,30.9395,102.6676531,12.8422786,102.1208718,13.1620513,101.296317,11.5226537,104.0487606,14.1601213
2026-12-16,Descending,76,83,T76_F83,29797,L:SCI:DH:20M+05N:FS:B4:D09,59743.27,145.453,0.2435,102.1822491,10.8532918,102.648151,11.6717332,100.8235123,9.5377716,103.5493553,12.1677702
2026-12-16,Descending,76,85,T76_F85,29805,L:SCI:DH:40M+05N:FS:B4:D02,59680.265,18920.13,31.7025,101.2444586,6.8732024,101.0578562,6.5414828,99.9050955,5.5654857,102.5894891,8.1813781
2026-12-16,Descending,76,86,T76_F86,29809,L:SCI:DH:40M+05N:FS:B4:D02,59658.183,822.13,1.3781,100.7901158,4.8822031,101.1586688,5.7979817,99.4576522,3.578209,102.1269311,6.1874175
2026-12-18,Ascending,112,4,T112_F4,43681,L:SCI:DH:40M+05N:FS:B4:D02,59668.731,1819.516,3.0494,101.6783939,4.8819775,101.5073004,5.8616717,100.3413773,3.5779286,103.0110579,6.1872458
2026-12-18,Ascending,112,5,T112_F5,43685,L:SCI:DH:40M+05N:FS:B4:D02,59690.857,20302.735,34.0131,101.2240267,6.8729816,100.9660573,6.6218174,99.8787954,5.5652104,102.5635898,8.1812107
2026-12-18,Ascending,112,6,T112_F6,43689,,59719.243,9091.405,15.2236,100.760275,8.8633653,99.933179,8.4380963,99.4049685,7.5517563,102.1085768,10.1746783
2026-12-18,Ascending,112,8,T112_F8,43697,L:SCI:DH:40M+05N:FS:B4:D02 S:DB:DH:37W:B4,59794.748,23760.796,39.7373,99.8007831,12.8420719,99.8264836,13.1670157,98.4194767,11.522394,101.1723177,14.1599665
2026-12-18,Ascending,112,9,T112_F9,43701,L:SCI:DH:40M+05N:FS:B4:D02 S:DB:DH:37W:B4,59841.835,49172.186,82.1703,99.3029178,14.8302758,99.4849137,14.8989959,97.905517,13.5063398,100.6890998,16.1516939
2026-12-18,Ascending,112,10,T112_F10,43705,L:SCI:DH:40M+05N:FS:B4:D02 S:DB:DH:37W:B4,59895.124,39974.454,66.7407,98.7913922,16.8176194,99.1483272,16.9434464,97.3756945,15.4892559,100.1943701,18.1427359
2026-12-18,Ascending,112,11,T112_F11,43709,L:SCI:DH:40M+05N:FS:B4:D02 S:DB:DH:37W:B4,59954.619,40773.197,68.0068,98.2648749,18.8040201,98.5779005,18.7116129,96.828551,17.4710419,99.6869147,20.1330274
2026-12-18,Ascending,112,12,T112_F12,43713,L:SCI:DH:40M+05N:FS:B4:D02 S:DB:DH:37W:B4,60020.319,202.315,0.3371,97.7218962,20.7893839,98.8492255,19.9803614,96.2624693,19.4515848,99.1654012,22.1224934
2026-12-18,Descending,105,78,T105_F78,41261,,60010.606,6764.51,11.2722,100.5849175,20.7895834,100.0011147,20.0638949,99.1416034,19.4518354,102.0441511,22.1226428
2026-12-18,Descending,105,79,T105_F79,41265,L:SCI:DH:40M+05N:FS:B4:D02,59944.941,56560.566,94.3542,100.0419571,18.8042203,99.9870316,18.7688789,98.6201063,17.4712932,101.4780896,20.1331777
2026-12-18,Descending,105,80,T105_F80,41269,,59885.504,55074.042,91.9656,99.5154606,16.8178207,99.6073938,16.8571487,98.1126699,15.4895081,100.9309686,18.1428876
2026-12-18,Descending,105,81,T105_F81,41273,L:SCI:DH:20M+05N:FS:B4:D09,59832.279,42182.712,70.5016,99.0039585,14.8304786,99.3187036,14.8696919,97.6179621,13.5065934,100.4011714,16.151847
2026-12-18,Descending,105,82,T105_F82,41277,L:SCI:DH:20M+05N:FS:B4:D09,59785.279,8770.464,14.6699,98.5061198,12.8422765,99.463611,13.1451117,97.1347691,11.5226493,99.8872399,14.1601216
2026-12-18,Descending,105,83,T105_F83,41281,L:SCI:DH:20M+05N:FS:B4:D09,59744.511,5976.923,10.0041,98.0207332,10.8532871,98.8802018,10.2592656,96.6619796,9.5377641,99.3878542,12.1677684
2026-12-18,Descending,105,84,T105_F84,41285,L:SCI:DH:20M+05N:FS:B4:D09,59710.0,8013.714,13.4211,97.5466915,8.8635739,98.5093059,8.9194045,96.1985702,7.5520156,98.9018147,10.1748375
2026-12-21,Ascending,155,9,T155_F9,60533,L:SCI:DH:20M+05N:FS:B4:D09,59839.606,20483.755,34.2311,105.5459921,14.8302794,104.9343681,15.1142664,104.1486332,13.5063446,106.9321341,16.1516964
2026-12-21,Ascending,155,10,T155_F10,60537,L:SCI:DH:20M+05N:FS:B4:D09,59892.834,25616.14,42.77,105.0344558,16.817625,104.4058392,16.6174166,103.6188018,15.4892631,106.4373919,18.14274
2026-12-21,Ascending,155,11,T155_F11,60541,L:SCI:DH:20M+05N:FS:B4:D09,59952.252,6686.768,11.1535,104.5079278,18.8040277,103.8595031,17.9364105,103.0716495,17.4710519,105.9299241,20.1330328
2026-12-21,Descending,148,80,T148_F80,58193,L:SCI:SH:20M+05N:FS:B4:D09,59884.249,6780.302,11.3223,105.7578483,16.8178104,104.7752705,16.3750848,104.3550721,15.4894981,107.1733443,18.1428769
2026-12-21,Descending,148,81,T148_F81,58197,L:SCI:SH:20M+05N:FS:B4:D09,59830.873,26912.189,44.9804,105.2463195,14.8304718,104.8178006,15.1606795,103.8603403,13.5065877,106.6435175,16.1518392
2026-12-21,Descending,148,85,T148_F85,58213,L:SCI:DH:40M+05N:FS:B4:D02,59679.725,141.276,0.2367,103.3252344,6.8731991,102.0351209,6.1634222,101.9858784,5.5654821,104.6702583,8.181375
2026-12-21,Descending,148,86,T148_F86,58217,L:SCI:DH:40M+05N:FS:B4:D02,59657.604,97.597,0.1636,102.8708829,4.8822004,102.024228,6.1144042,101.5384271,3.5782062,104.207691,6.1874149
2026-12-23,Ascending,11,7,T11_F7,4073,,59753.297,243.512,0.4075,102.3672131,10.853076,102.7044377,11.7726956,100.9999181,9.5375012,103.7261389,12.1676079
2026-12-23,Ascending,11,8,T11_F8,4077,L:SCI:DH:40M+05N:FS:B4:D02,59794.139,28668.162,47.9448,101.8817924,12.842068,101.8136389,13.2143551,100.5004973,11.5223892,103.2533163,14.1599636
2026-12-23,Ascending,11,9,T11_F9,4081,L:SCI:DH:40M+05N:FS:B4:D02,59841.192,59823.713,99.9708,101.3839229,14.8302726,101.3841518,14.8306459,99.9865342,13.506336,102.7700935,16.1516913
2026-12-23,Ascending,11,10,T11_F10,4085,,59894.455,56491.654,94.3187,100.8723932,16.817617,100.8464147,16.7562767,99.4567084,15.489253,102.275359,18.142734
2026-12-23,Ascending,11,11,T11_F11,4089,,59953.913,47596.047,79.3877,100.3458718,18.8040184,100.1282328,18.7425673,98.9095615,17.4710401,101.7678988,20.133026
2026-12-23,Ascending,11,12,T11_F12,4093,,60019.59,10944.009,18.2341,99.802889,20.7893831,99.7131767,19.949408,98.3434765,19.4515839,101.2463804,22.1224927
2026-12-23,Descending,4,79,T4_F79,1553,L:SCI:SH:20M+05N:FS:B4:D09,59944.434,12094.16,20.1756,102.1227305,18.8042218,101.7939286,18.2051571,100.7008863,17.4712961,103.5588576,20.1331778
2026-12-23,Descending,4,80,T4_F80,1557,,59884.933,57184.236,95.4902,101.5962255,16.8178237,101.6138883,16.7721575,100.1934426,15.4895128,103.0117269,18.1428888
2026-12-23,Descending,4,81,T4_F81,1561,L:SCI:DH:40M+05N:FS:B4:D02,59831.646,59831.646,100.0,101.0847152,14.830483,101.0847152,14.830483,99.6987276,13.5065998,102.4819202,16.1518495
2026-12-23,Descending,4,82,T4_F82,1565,L:SCI:DH:40M+05N:FS:B4:D02,59784.58,30850.025,51.602,100.5868684,12.8422823,100.5221042,13.2038364,99.2155277,11.5226574,101.9679795,14.1601251
2026-12-23,Descending,4,83,T4_F83,1569,,59743.75,8618.965,14.4266,100.1014738,10.8532943,99.2638868,10.8976142,98.7427314,9.5377739,101.4685847,12.167773
2026-12-23,Descending,4,84,T4_F84,1573,L:SCI:DH:40M+05N:FS:B4:D02,59709.171,34203.324,57.2832,99.6274241,8.8635826,99.2930162,8.6995935,98.2793152,7.5520271,100.9825361,10.1748432
2026-12-23,Descending,4,85,T4_F85,1577,,59680.864,13440.227,22.5202,99.1637022,6.8732025,99.7384325,7.3815838,97.8243313,5.565485,100.5087394,8.1813789
2026-12-25,Ascending,40,5,T40_F5,15345,,59691.274,13791.961,23.1055,99.1430257,6.8729915,99.768846,7.4412602,97.7977867,5.5652226,100.4825957,8.1812181
2026-12-25,Ascending,40,6,T40_F6,15349,L:SCI:DH:40M+05N:FS:B4:D02,59719.699,31295.121,52.4033,98.6792785,8.8633744,99.0471001,8.8158619,97.3239636,7.5517675,100.027588,10.1746852
2026-12-25,Ascending,40,7,T40_F7,15353,,59754.373,6895.642,11.54,98.2052076,10.8530888,99.0130324,10.4518276,96.8378925,9.5375171,99.5641519,12.1676177
2026-12-25,Ascending,40,9,T40_F9,15361,L:SCI:DH:40M+05N:FS:B4:D02 S:DB:DH:37W:B4,59842.407,1216.742,2.0332,97.2219344,14.8302824,98.312511,14.9283171,95.8245225,13.5063479,98.6081265,16.1516989
2026-12-25,Ascending,40,11,T40_F11,15369,L:SCI:DH:40M+05N:FS:B4:D02 S:DB:DH:37W:B4,59955.272,196.044,0.327,96.1839,18.8040248,97.4656079,18.404956,94.7475631,17.4710477,97.6059518,20.133031
2026-12-25,Descending,33,78,T33_F78,12837,,60011.459,4310.086,7.1821,98.5041904,20.7895698,99.1646991,19.8105252,97.060862,19.4518176,99.9634374,22.1226332
2026-12-25,Descending,33,79,T33_F79,12841,L:SCI:SH:20M+05N:FS:B4:D09,59945.857,34607.818,57.7318,97.9612353,18.8042055,98.4340916,18.6880662,96.5393692,17.4712739,99.3973822,20.1331673
2026-12-25,Descending,33,80,T33_F80,12845,L:SCI:SH:20M+05N:FS:B4:D09,59886.468,6824.429,11.3956,97.4347438,16.8178047,98.3693447,17.38101,96.0319369,15.4894874,98.8502672,18.1428761
2026-12-25,Descending,33,81,T33_F81,12849,,59833.302,39.344,0.0658,96.9232466,14.8304614,98.1895448,15.1571582,95.537233,13.5065713,98.3204758,16.1518347
2026-12-28,Ascending,83,8,T83_F8,32325,,59793.402,1.028,0.0017,103.9628259,12.8420694,102.5897149,13.6074715,102.5815443,11.522391,105.3343368,14.1599645
2026-12-28,Ascending,83,9,T83_F9,32329,L:SCI:DH:40M+05N:FS:B4:D02,59840.444,45914.205,76.7277,103.4649527,14.8302745,103.4025486,15.0690931,102.067578,13.5063383,104.8511099,16.1516927
2026-12-28,Ascending,83,10,T83_F10,32333,L:SCI:DH:40M+05N:FS:B4:D02,59893.681,59861.405,99.9461,102.9534193,16.8176194,102.9535857,16.8170629,101.537749,15.4892562,104.3563711,18.1427357
2026-12-28,Ascending,83,11,T83_F11,32337,,59953.129,11347.579,18.9274,102.4268942,18.8040215,102.4525126,18.0926567,100.990599,17.471044,103.8489068,20.1330282
2026-12-28,Ascending,83,12,T83_F12,32341,,60018.775,304.816,0.5079,101.8839078,20.7893868,101.1082899,19.5326106,100.424511,19.4515888,103.3273841,22.1224952
2026-12-28,Descending,76,79,T76_F79,29781,,59944.176,7093.964,11.8343,104.2035445,18.8042141,103.7092591,18.0458456,102.7817018,17.4712876,105.639671,20.1331709
2026-12-28,Descending,76,80,T76_F80,29785,L:SCI:DH:40M+05N:FS:B4:D02,59884.619,56572.302,94.4688,103.6770296,16.8178173,103.6244684,16.7841561,102.2742492,15.4895059,105.0925293,18.142883
2026-12-28,Descending,76,81,T76_F81,29789,L:SCI:DH:40M+05N:FS:B4:D02,59831.28,48922.576,81.7676,103.1655095,14.830478,103.0791425,15.0151783,101.7795255,13.5065945,104.5627119,16.1518447
2026-12-28,Descending,76,82,T76_F82,29793,,59784.157,18496.892,30.9395,102.6676531,12.8422786,102.1208718,13.1620513,101.296317,11.5226537,104.0487606,14.1601213
2026-12-28,Descending,76,83,T76_F83,29797,L:SCI:SH:20M+05N:FS:B4:D09,59743.27,145.453,0.2435,102.1822491,10.8532918,102.648151,11.6717332,100.8235123,9.5377716,103.5493553,12.1677702
2026-12-28,Descending,76,85,T76_F85,29805,L:SCI:DH:40M+05N:FS:B4:D02,59680.265,18920.13,31.7025,101.2444586,6.8732024,101.0578562,6.5414828,99.9050955,5.5654857,102.5894891,8.1813781
2026-12-28,Descending,76,86,T76_F86,29809,L:SCI:DH:40M+05N:FS:B4:D02,59658.183,822.13,1.3781,100.7901158,4.8822031,101.1586688,5.7979817,99.4576522,3.578209,102.1269311,6.1874175
2026-12-30,Ascending,112,4,T112_F4,43681,L:SCI:DH:40M+05N:FS:B4:D02,59668.731,1819.516,3.0494,101.6783939,4.8819775,101.5073004,5.8616717,100.3413773,3.5779286,103.0110579,6.1872458
2026-12-30,Ascending,112,5,T112_F5,43685,L:SCI:DH:40M+05N:FS:B4:D02,59690.857,20302.735,34.0131,101.2240267,6.8729816,100.9660573,6.6218174,99.8787954,5.5652104,102.5635898,8.1812107
2026-12-30,Ascending,112,6,T112_F6,43689,,59719.243,9091.405,15.2236,100.760275,8.8633653,99.933179,8.4380963,99.4049685,7.5517563,102.1085768,10.1746783
2026-12-30,Ascending,112,8,T112_F8,43697,L:SCI:DH:40M+05N:FS:B4:D02 S:DB:DH:37W:B4,59794.748,23760.796,39.7373,99.8007831,12.8420719,99.8264836,13.1670157,98.4194767,11.522394,101.1723177,14.1599665
2026-12-30,Ascending,112,9,T112_F9,43701,L:SCI:DH:40M+05N:FS:B4:D02 S:DB:DH:37W:B4,59841.835,49172.186,82.1703,99.3029178,14.8302758,99.4849137,14.8989959,97.905517,13.5063398,100.6890998,16.1516939
2026-12-30,Ascending,112,10,T112_F10,43705,L:SCI:DH:40M+05N:FS:B4:D02 S:DB:DH:37W:B4,59895.124,39974.454,66.7407,98.7913922,16.8176194,99.1483272,16.9434464,97.3756945,15.4892559,100.1943701,18.1427359
2026-12-30,Ascending,112,11,T112_F11,43709,L:SCI:DH:40M+05N:FS:B4:D02 S:DB:DH:37W:B4,59954.619,40773.197,68.0068,98.2648749,18.8040201,98.5779005,18.7116129,96.828551,17.4710419,99.6869147,20.1330274
2026-12-30,Ascending,112,12,T112_F12,43713,L:SCI:DH:40M+05N:FS:B4:D02 S:DB:DH:37W:B4,60020.319,202.315,0.3371,97.7218962,20.7893839,98.8492255,19.9803614,96.2624693,19.4515848,99.1654012,22.1224934
2026-12-30,Descending,105,78,T105_F78,41261,,60010.606,6764.51,11.2722,100.5849175,20.7895834,100.0011147,20.0638949,99.1416034,19.4518354,102.0441511,22.1226428
2026-12-30,Descending,105,79,T105_F79,41265,L:SCI:DH:40M+05N:FS:B4:D02,59944.941,56560.566,94.3542,100.0419571,18.8042203,99.9870316,18.7688789,98.6201063,17.4712932,101.4780896,20.1331777
2026-12-30,Descending,105,80,T105_F80,41269,,59885.504,55074.042,91.9656,99.5154606,16.8178207,99.6073938,16.8571487,98.1126699,15.4895081,100.9309686,18.1428876
2026-12-30,Descending,105,81,T105_F81,41273,L:SCI:SH:20M+05N:FS:B4:D09,59832.279,42182.712,70.5016,99.0039585,14.8304786,99.3187036,14.8696919,97.6179621,13.5065934,100.4011714,16.151847
2026-12-30,Descending,105,82,T105_F82,41277,L:SCI:SH:20M+05N:FS:B4:D09,59785.279,8770.464,14.6699,98.5061198,12.8422765,99.463611,13.1451117,97.1347691,11.5226493,99.8872399,14.1601216
2026-12-30,Descending,105,83,T105_F83,41281,L:SCI:SH:20M+05N:FS:B4:D09,59744.511,5976.923,10.0041,98.0207332,10.8532871,98.8802018,10.2592656,96.6619796,9.5377641,99.3878542,12.1677684
2026-12-30,Descending,105,84,T105_F84,41285,L:SCI:SH:20M+05N:FS:B4:D09,59710.0,8013.714,13.4211,97.5466915,8.8635739,98.5093059,8.9194045,96.1985702,7.5520156,98.9018147,10.1748375
